ISO-10303-21;
HEADER;
/****************************************************************
 * Generated by software with PDElib inside                    *
 * PDElib Version v51a, created Tue 11/30/2010                  *
 * ITI Transcendata (http://www.transcendata.com/)              *
 ****************************************************************/
FILE_DESCRIPTION((''),'2;1');
FILE_NAME('D:\\testFiles\\Inventor\\Capo\\capoAsm.stp','2014-03-05T09:43:30',('Dantro'),(''),'Autodesk Inventor 2012','Autodesk Inventor 2012','');
FILE_SCHEMA(('AUTOMOTIVE_DESIGN { 1 0 10303 214 1 1 1 1 }'));
ENDSEC;
DATA;
#5=APPLICATION_CONTEXT('automotive design');
#6=APPLICATION_PROTOCOL_DEFINITION('International Standard','automotive_design',2001,#5);
#7=PRODUCT_CONTEXT('',#5,'mechanical');
#8=PRODUCT('capoAsm','capoAsm',$,(#7));
#9=PRODUCT_RELATED_PRODUCT_CATEGORY('part',$,(#8));
#10=PRODUCT_DEFINITION_FORMATION('',$,#8);
#11=PRODUCT_DEFINITION_CONTEXT('part definition',#5,'design');
#12=PRODUCT_DEFINITION('',$,#10,#11);
#18=(NAMED_UNIT(*)PLANE_ANGLE_UNIT()SI_UNIT($,.RADIAN.));
#19=DIMENSIONAL_EXPONENTS(0.0,0.0,0.0,0.0,0.0,0.0,0.0);
#20=PLANE_ANGLE_MEASURE_WITH_UNIT(PLANE_ANGLE_MEASURE(0.0174532925),#18);
#24=(CONVERSION_BASED_UNIT('DEGREE',#20)NAMED_UNIT(#19)PLANE_ANGLE_UNIT());
#28=(NAMED_UNIT(*)SI_UNIT($,.STERADIAN.)SOLID_ANGLE_UNIT());
#32=(LENGTH_UNIT()NAMED_UNIT(*)SI_UNIT(.MILLI.,.METRE.));
#34=UNCERTAINTY_MEASURE_WITH_UNIT(LENGTH_MEASURE(0.01),#32,'DISTANCE_ACCURACY_VALUE','');
#36=(GEOMETRIC_REPRESENTATION_CONTEXT(3)GLOBAL_UNCERTAINTY_ASSIGNED_CONTEXT((#34))GLOBAL_UNIT_ASSIGNED_CONTEXT((#24,#28,#32))REPRESENTATION_CONTEXT('None','None'));
#37=AXIS2_PLACEMENT_3D('',#38,#39,#40);
#38=CARTESIAN_POINT('',(0.0,0.0,0.0));
#39=DIRECTION('',(0.0,0.0,1.0));
#40=DIRECTION('',(1.0,0.0,0.0));
#41=SHAPE_REPRESENTATION('',(#37,#5168,#6371,#6497,#6727,#9594),#36);
#42=PRODUCT_DEFINITION_SHAPE('','',#12);
#43=SHAPE_DEFINITION_REPRESENTATION(#42,#41);
#44=APPLICATION_CONTEXT('automotive design');
#45=APPLICATION_PROTOCOL_DEFINITION('International Standard','automotive_design',2001,#44);
#46=PRODUCT_CONTEXT('',#44,'mechanical');
#47=PRODUCT('capo1','capo1',$,(#46));
#48=PRODUCT_RELATED_PRODUCT_CATEGORY('part',$,(#47));
#49=PRODUCT_DEFINITION_FORMATION('',$,#47);
#50=PRODUCT_DEFINITION_CONTEXT('part definition',#44,'design');
#51=PRODUCT_DEFINITION('',$,#49,#50);
#57=(NAMED_UNIT(*)PLANE_ANGLE_UNIT()SI_UNIT($,.RADIAN.));
#58=DIMENSIONAL_EXPONENTS(0.0,0.0,0.0,0.0,0.0,0.0,0.0);
#59=PLANE_ANGLE_MEASURE_WITH_UNIT(PLANE_ANGLE_MEASURE(0.0174532925),#57);
#63=(CONVERSION_BASED_UNIT('DEGREE',#59)NAMED_UNIT(#58)PLANE_ANGLE_UNIT());
#67=(NAMED_UNIT(*)SI_UNIT($,.STERADIAN.)SOLID_ANGLE_UNIT());
#71=(LENGTH_UNIT()NAMED_UNIT(*)SI_UNIT(.MILLI.,.METRE.));
#73=UNCERTAINTY_MEASURE_WITH_UNIT(LENGTH_MEASURE(0.01),#71,'DISTANCE_ACCURACY_VALUE','');
#75=(GEOMETRIC_REPRESENTATION_CONTEXT(3)GLOBAL_UNCERTAINTY_ASSIGNED_CONTEXT((#73))GLOBAL_UNIT_ASSIGNED_CONTEXT((#63,#67,#71))REPRESENTATION_CONTEXT('None','None'));
#76=AXIS2_PLACEMENT_3D('',#77,#78,#79);
#77=CARTESIAN_POINT('',(0.0,0.0,0.0));
#78=DIRECTION('',(0.0,0.0,1.0));
#79=DIRECTION('',(1.0,0.0,0.0));
#80=SHAPE_REPRESENTATION('',(#76),#75);
#81=PRODUCT_DEFINITION_SHAPE('','',#51);
#82=SHAPE_DEFINITION_REPRESENTATION(#81,#80);
#88=(NAMED_UNIT(*)PLANE_ANGLE_UNIT()SI_UNIT($,.RADIAN.));
#89=DIMENSIONAL_EXPONENTS(0.0,0.0,0.0,0.0,0.0,0.0,0.0);
#90=PLANE_ANGLE_MEASURE_WITH_UNIT(PLANE_ANGLE_MEASURE(0.0174532925),#88);
#94=(CONVERSION_BASED_UNIT('DEGREE',#90)NAMED_UNIT(#89)PLANE_ANGLE_UNIT());
#98=(NAMED_UNIT(*)SI_UNIT($,.STERADIAN.)SOLID_ANGLE_UNIT());
#102=(LENGTH_UNIT()NAMED_UNIT(*)SI_UNIT(.MILLI.,.METRE.));
#104=UNCERTAINTY_MEASURE_WITH_UNIT(LENGTH_MEASURE(0.000001),#102,'DISTANCE_ACCURACY_VALUE','');
#106=(GEOMETRIC_REPRESENTATION_CONTEXT(3)GLOBAL_UNCERTAINTY_ASSIGNED_CONTEXT((#104))GLOBAL_UNIT_ASSIGNED_CONTEXT((#94,#98,#102))REPRESENTATION_CONTEXT('','3D'));
#107=CARTESIAN_POINT('',(57.454192990393686,4.751132676855569,0.0));
#108=DIRECTION('',(0.0,0.0,1.0));
#109=DIRECTION('',(0.889114213765843,-0.457685388536216,0.0));
#110=AXIS2_PLACEMENT_3D('',#107,#108,#109);
#111=CYLINDRICAL_SURFACE('',#110,0.1);
#112=CARTESIAN_POINT('',(57.535579907269785,4.809237493879656,4.5));
#113=VERTEX_POINT('',#112);
#114=CARTESIAN_POINT('',(57.454192990393686,4.651132676855569,4.5));
#115=VERTEX_POINT('',#114);
#116=CARTESIAN_POINT('',(57.454192990393686,4.751132676855569,4.5));
#117=DIRECTION('',(0.0,0.0,-1.0));
#118=DIRECTION('',(0.889114213765843,-0.457685388536216,0.0));
#119=AXIS2_PLACEMENT_3D('',#116,#117,#118);
#120=CIRCLE('',#119,0.1);
#121=EDGE_CURVE('',#113,#115,#120,.T.);
#122=ORIENTED_EDGE('',*,*,#121,.T.);
#123=CARTESIAN_POINT('',(57.454192990393686,4.651132676855569,-4.5));
#124=VERTEX_POINT('',#123);
#125=CARTESIAN_POINT('',(57.454192990393686,4.651132676855569,4.5));
#126=DIRECTION('',(0.0,0.0,-1.0));
#127=VECTOR('',#126,9.0);
#128=LINE('',#125,#127);
#129=EDGE_CURVE('',#115,#124,#128,.T.);
#130=ORIENTED_EDGE('',*,*,#129,.T.);
#131=CARTESIAN_POINT('',(57.535579907269785,4.809237493879656,-4.5));
#132=VERTEX_POINT('',#131);
#133=CARTESIAN_POINT('',(57.454192990393686,4.751132676855569,-4.5));
#134=DIRECTION('',(0.0,0.0,1.0));
#135=DIRECTION('',(0.889114213765843,-0.457685388536216,0.0));
#136=AXIS2_PLACEMENT_3D('',#133,#134,#135);
#137=CIRCLE('',#136,0.1);
#138=EDGE_CURVE('',#124,#132,#137,.T.);
#139=ORIENTED_EDGE('',*,*,#138,.T.);
#140=CARTESIAN_POINT('',(57.535579907269785,4.809237493879655,-4.5));
#141=DIRECTION('',(0.0,0.0,1.0));
#142=VECTOR('',#141,9.0);
#143=LINE('',#140,#142);
#144=EDGE_CURVE('',#132,#113,#143,.T.);
#145=ORIENTED_EDGE('',*,*,#144,.T.);
#146=EDGE_LOOP('',(#122,#130,#139,#145));
#147=FACE_OUTER_BOUND('',#146,.T.);
#148=ADVANCED_FACE('',(#147),#111,.T.);
#149=CARTESIAN_POINT('',(57.648456175550052,4.651132676855569,0.0));
#150=DIRECTION('',(0.0,-1.0,0.0));
#151=DIRECTION('',(0.0,0.0,-1.0));
#152=AXIS2_PLACEMENT_3D('',#149,#150,#151);
#153=PLANE('',#152);
#154=ORIENTED_EDGE('',*,*,#129,.F.);
#155=CARTESIAN_POINT('',(57.341860733693338,4.651132676855569,4.5));
#156=VERTEX_POINT('',#155);
#157=CARTESIAN_POINT('',(57.454192990393686,4.651132676855569,4.5));
#158=DIRECTION('',(-1.0,0.0,0.0));
#159=VECTOR('',#158,0.112332256700348);
#160=LINE('',#157,#159);
#161=EDGE_CURVE('',#115,#156,#160,.T.);
#162=ORIENTED_EDGE('',*,*,#161,.T.);
#163=CARTESIAN_POINT('',(57.341860733693338,4.651132676855569,-4.5));
#164=VERTEX_POINT('',#163);
#165=CARTESIAN_POINT('',(57.341860733693338,4.651132676855569,-4.5));
#166=DIRECTION('',(0.0,0.0,1.0));
#167=VECTOR('',#166,9.0);
#168=LINE('',#165,#167);
#169=EDGE_CURVE('',#164,#156,#168,.T.);
#170=ORIENTED_EDGE('',*,*,#169,.F.);
#171=CARTESIAN_POINT('',(57.341860733693338,4.651132676855569,-4.5));
#172=DIRECTION('',(1.0,0.0,0.0));
#173=VECTOR('',#172,0.112332256700348);
#174=LINE('',#171,#173);
#175=EDGE_CURVE('',#164,#124,#174,.T.);
#176=ORIENTED_EDGE('',*,*,#175,.T.);
#177=EDGE_LOOP('',(#154,#162,#170,#176));
#178=FACE_OUTER_BOUND('',#177,.T.);
#179=ADVANCED_FACE('',(#178),#153,.T.);
#180=CARTESIAN_POINT('',(53.804957781366404,-8.700144360858909,4.5));
#181=DIRECTION('',(0.0,0.0,1.0));
#182=DIRECTION('',(1.0,0.0,0.0));
#183=AXIS2_PLACEMENT_3D('',#180,#181,#182);
#184=PLANE('',#183);
#185=ORIENTED_EDGE('',*,*,#121,.F.);
#186=CARTESIAN_POINT('',(57.367754797332466,5.044308680258744,4.5));
#187=VERTEX_POINT('',#186);
#188=CARTESIAN_POINT('',(57.367754797332474,5.044308680258736,4.5));
#189=DIRECTION('',(0.581048170240844,-0.813869168761028,0.0));
#190=VECTOR('',#189,0.288831664107552);
#191=LINE('',#188,#190);
#192=EDGE_CURVE('',#187,#113,#191,.T.);
#193=ORIENTED_EDGE('',*,*,#192,.F.);
#194=CARTESIAN_POINT('',(56.955159076766257,5.044308680258743,4.5));
#195=VERTEX_POINT('',#194);
#196=CARTESIAN_POINT('',(56.955159076766257,5.044308680258743,4.5));
#197=DIRECTION('',(1.0,0.0,0.0));
#198=VECTOR('',#197,0.412595720566209);
#199=LINE('',#196,#198);
#200=EDGE_CURVE('',#195,#187,#199,.T.);
#201=ORIENTED_EDGE('',*,*,#200,.F.);
#202=CARTESIAN_POINT('',(48.254731903882686,-21.679129769048071,4.5));
#203=VERTEX_POINT('',#202);
#204=CARTESIAN_POINT('',(0.709624449680319,8.578299271691854,4.5));
#205=DIRECTION('',(0.0,0.0,1.0));
#206=DIRECTION('',(-0.815699059405341,0.578476485680483,0.0));
#207=AXIS2_PLACEMENT_3D('',#204,#205,#206);
#208=CIRCLE('',#207,56.356448211247852);
#209=EDGE_CURVE('',#203,#195,#208,.T.);
#210=ORIENTED_EDGE('',*,*,#209,.F.);
#211=CARTESIAN_POINT('',(48.604987843202267,-21.895738685138795,4.5));
#212=VERTEX_POINT('',#211);
#213=CARTESIAN_POINT('',(48.604987843202267,-21.895738685138799,4.5));
#214=DIRECTION('',(-0.850500001262229,0.525975044895619,0.0));
#215=VECTOR('',#214,0.411823561199019);
#216=LINE('',#213,#215);
#217=EDGE_CURVE('',#212,#203,#216,.T.);
#218=ORIENTED_EDGE('',*,*,#217,.F.);
#219=CARTESIAN_POINT('',(48.742121905428604,-21.679129769048071,4.5));
#220=VERTEX_POINT('',#219);
#221=CARTESIAN_POINT('',(0.709624449680319,8.578299271691854,4.5));
#222=DIRECTION('',(0.0,0.0,-1.0));
#223=DIRECTION('',(0.84370002032258,-0.536814936181622,0.0));
#224=AXIS2_PLACEMENT_3D('',#221,#222,#223);
#225=CIRCLE('',#224,56.768237809464182);
#226=EDGE_CURVE('',#220,#212,#225,.T.);
#227=ORIENTED_EDGE('',*,*,#226,.F.);
#228=CARTESIAN_POINT('',(49.073999782948768,-21.679129769048071,4.5));
#229=VERTEX_POINT('',#228);
#230=CARTESIAN_POINT('',(49.073999782948768,-21.679129769048071,4.5));
#231=DIRECTION('',(-1.0,0.0,0.0));
#232=VECTOR('',#231,0.331877877520164);
#233=LINE('',#230,#232);
#234=EDGE_CURVE('',#229,#220,#233,.T.);
#235=ORIENTED_EDGE('',*,*,#234,.F.);
#236=CARTESIAN_POINT('',(49.155386699824874,-21.521024952023993,4.5));
#237=VERTEX_POINT('',#236);
#238=CARTESIAN_POINT('',(49.073999782948768,-21.579129769048073,4.5));
#239=DIRECTION('',(0.0,0.0,-1.0));
#240=DIRECTION('',(0.889114213765833,-0.457685388536235,0.0));
#241=AXIS2_PLACEMENT_3D('',#238,#239,#240);
#242=CIRCLE('',#241,0.1);
#243=EDGE_CURVE('',#237,#229,#242,.T.);
#244=ORIENTED_EDGE('',*,*,#243,.F.);
#245=CARTESIAN_POINT('',(48.987561589887548,-21.285953765644905,4.5));
#246=VERTEX_POINT('',#245);
#247=CARTESIAN_POINT('',(48.987561589887555,-21.285953765644905,4.5));
#248=DIRECTION('',(0.581048170240845,-0.813869168761028,0.0));
#249=VECTOR('',#248,0.288831664107564);
#250=LINE('',#247,#249);
#251=EDGE_CURVE('',#246,#237,#250,.T.);
#252=ORIENTED_EDGE('',*,*,#251,.F.);
#253=CARTESIAN_POINT('',(49.250685666628698,-20.856343581999237,4.5));
#254=VERTEX_POINT('',#253);
#255=CARTESIAN_POINT('',(0.709624449680319,8.578299271691854,4.5));
#256=DIRECTION('',(0.0,0.0,-1.0));
#257=DIRECTION('',(0.84370002032258,-0.536814936181622,0.0));
#258=AXIS2_PLACEMENT_3D('',#255,#256,#257);
#259=CIRCLE('',#258,56.768237809464182);
#260=EDGE_CURVE('',#254,#246,#259,.T.);
#261=ORIENTED_EDGE('',*,*,#260,.F.);
#262=CARTESIAN_POINT('',(49.573373220258084,-20.856343581999241,4.5));
#263=VERTEX_POINT('',#262);
#264=CARTESIAN_POINT('',(49.573373220258084,-20.856343581999241,4.5));
#265=DIRECTION('',(-1.0,0.0,0.0));
#266=VECTOR('',#265,0.322687553629386);
#267=LINE('',#264,#266);
#268=EDGE_CURVE('',#263,#254,#267,.T.);
#269=ORIENTED_EDGE('',*,*,#268,.F.);
#270=CARTESIAN_POINT('',(49.65476013713419,-20.698238764975162,4.5));
#271=VERTEX_POINT('',#270);
#272=CARTESIAN_POINT('',(49.573373220258084,-20.756343581999246,4.5));
#273=DIRECTION('',(0.0,0.0,-1.0));
#274=DIRECTION('',(0.889114213765872,-0.457685388536159,0.0));
#275=AXIS2_PLACEMENT_3D('',#272,#273,#274);
#276=CIRCLE('',#275,0.1);
#277=EDGE_CURVE('',#271,#263,#276,.T.);
#278=ORIENTED_EDGE('',*,*,#277,.F.);
#279=CARTESIAN_POINT('',(49.486935027196864,-20.463167578596074,4.5));
#280=VERTEX_POINT('',#279);
#281=CARTESIAN_POINT('',(49.486935027196871,-20.463167578596074,4.5));
#282=DIRECTION('',(0.581048170240845,-0.813869168761028,0.0));
#283=VECTOR('',#282,0.288831664107564);
#284=LINE('',#281,#283);
#285=EDGE_CURVE('',#280,#271,#284,.T.);
#286=ORIENTED_EDGE('',*,*,#285,.F.);
#287=CARTESIAN_POINT('',(49.745041413948243,-20.025209379036024,4.5));
#288=VERTEX_POINT('',#287);
#289=CARTESIAN_POINT('',(0.709624449680319,8.578299271691854,4.5));
#290=DIRECTION('',(0.0,0.0,-1.0));
#291=DIRECTION('',(0.84370002032258,-0.536814936181622,0.0));
#292=AXIS2_PLACEMENT_3D('',#289,#290,#291);
#293=CIRCLE('',#292,56.768237809464182);
#294=EDGE_CURVE('',#288,#280,#293,.T.);
#295=ORIENTED_EDGE('',*,*,#294,.F.);
#296=CARTESIAN_POINT('',(50.058725541930883,-20.025209379036024,4.5));
#297=VERTEX_POINT('',#296);
#298=CARTESIAN_POINT('',(50.058725541930876,-20.025209379036024,4.5));
#299=DIRECTION('',(-1.0,0.0,0.0));
#300=VECTOR('',#299,0.313684127982633);
#301=LINE('',#298,#300);
#302=EDGE_CURVE('',#297,#288,#301,.T.);
#303=ORIENTED_EDGE('',*,*,#302,.F.);
#304=CARTESIAN_POINT('',(50.140112458806982,-19.867104562011942,4.5));
#305=VERTEX_POINT('',#304);
#306=CARTESIAN_POINT('',(50.058725541930883,-19.925209379036023,4.5));
#307=DIRECTION('',(0.0,0.0,-1.0));
#308=DIRECTION('',(0.889114213765792,-0.457685388536314,0.0));
#309=AXIS2_PLACEMENT_3D('',#306,#307,#308);
#310=CIRCLE('',#309,0.1);
#311=EDGE_CURVE('',#305,#297,#310,.T.);
#312=ORIENTED_EDGE('',*,*,#311,.F.);
#313=CARTESIAN_POINT('',(49.972287348869664,-19.632033375632854,4.5));
#314=VERTEX_POINT('',#313);
#315=CARTESIAN_POINT('',(49.972287348869664,-19.632033375632858,4.5));
#316=DIRECTION('',(0.581048170240845,-0.813869168761028,0.0));
#317=VECTOR('',#316,0.288831664107564);
#318=LINE('',#315,#317);
#319=EDGE_CURVE('',#314,#305,#318,.T.);
#320=ORIENTED_EDGE('',*,*,#319,.F.);
#321=CARTESIAN_POINT('',(50.225060365886961,-19.185966071009208,4.5));
#322=VERTEX_POINT('',#321);
#323=CARTESIAN_POINT('',(0.709624449680319,8.578299271691854,4.5));
#324=DIRECTION('',(0.0,0.0,-1.0));
#325=DIRECTION('',(0.84370002032258,-0.536814936181622,0.0));
#326=AXIS2_PLACEMENT_3D('',#323,#324,#325);
#327=CIRCLE('',#326,56.768237809464182);
#328=EDGE_CURVE('',#322,#314,#327,.T.);
#329=ORIENTED_EDGE('',*,*,#328,.F.);
#330=CARTESIAN_POINT('',(50.529917232669028,-19.185966071009211,4.5));
#331=VERTEX_POINT('',#330);
#332=CARTESIAN_POINT('',(50.529917232669028,-19.185966071009211,4.5));
#333=DIRECTION('',(-1.0,0.0,0.0));
#334=VECTOR('',#333,0.304856866782067);
#335=LINE('',#332,#334);
#336=EDGE_CURVE('',#331,#322,#335,.T.);
#337=ORIENTED_EDGE('',*,*,#336,.F.);
#338=CARTESIAN_POINT('',(50.611304149545127,-19.027861253985122,4.5));
#339=VERTEX_POINT('',#338);
#340=CARTESIAN_POINT('',(50.529917232669028,-19.08596607100921,4.5));
#341=DIRECTION('',(0.0,0.0,-1.0));
#342=DIRECTION('',(0.889114213765792,-0.457685388536314,0.0));
#343=AXIS2_PLACEMENT_3D('',#340,#341,#342);
#344=CIRCLE('',#343,0.1);
#345=EDGE_CURVE('',#339,#331,#344,.T.);
#346=ORIENTED_EDGE('',*,*,#345,.F.);
#347=CARTESIAN_POINT('',(50.443479039607823,-18.792790067606045,4.5));
#348=VERTEX_POINT('',#347);
#349=CARTESIAN_POINT('',(50.443479039607823,-18.792790067606045,4.5));
#350=DIRECTION('',(0.581048170240846,-0.813869168761027,0.0));
#351=VECTOR('',#350,0.288831664107551);
#352=LINE('',#349,#351);
#353=EDGE_CURVE('',#348,#339,#352,.T.);
#354=ORIENTED_EDGE('',*,*,#353,.F.);
#355=CARTESIAN_POINT('',(50.690617189951006,-18.338854899744767,4.5));
#356=VERTEX_POINT('',#355);
#357=CARTESIAN_POINT('',(0.709624449680319,8.578299271691854,4.5));
#358=DIRECTION('',(0.0,0.0,-1.0));
#359=DIRECTION('',(0.84370002032258,-0.536814936181622,0.0));
#360=AXIS2_PLACEMENT_3D('',#357,#358,#359);
#361=CIRCLE('',#360,56.768237809464182);
#362=EDGE_CURVE('',#356,#348,#361,.T.);
#363=ORIENTED_EDGE('',*,*,#362,.F.);
#364=CARTESIAN_POINT('',(50.986812847670365,-18.338854899744767,4.5));
#365=VERTEX_POINT('',#364);
#366=CARTESIAN_POINT('',(50.986812847670365,-18.338854899744767,4.5));
#367=DIRECTION('',(-1.0,0.0,0.0));
#368=VECTOR('',#367,0.296195657719366);
#369=LINE('',#366,#368);
#370=EDGE_CURVE('',#365,#356,#369,.T.);
#371=ORIENTED_EDGE('',*,*,#370,.F.);
#372=CARTESIAN_POINT('',(51.068199764546463,-18.180750082720678,4.5));
#373=VERTEX_POINT('',#372);
#374=CARTESIAN_POINT('',(50.986812847670365,-18.238854899744762,4.5));
#375=DIRECTION('',(0.0,0.0,-1.0));
#376=DIRECTION('',(0.889114213765833,-0.457685388536235,0.0));
#377=AXIS2_PLACEMENT_3D('',#374,#375,#376);
#378=CIRCLE('',#377,0.1);
#379=EDGE_CURVE('',#373,#365,#378,.T.);
#380=ORIENTED_EDGE('',*,*,#379,.F.);
#381=CARTESIAN_POINT('',(50.900374654609159,-17.945678896341597,4.5));
#382=VERTEX_POINT('',#381);
#383=CARTESIAN_POINT('',(50.900374654609159,-17.945678896341601,4.5));
#384=DIRECTION('',(0.581048170240846,-0.813869168761027,0.0));
#385=VECTOR('',#384,0.288831664107551);
#386=LINE('',#383,#385);
#387=EDGE_CURVE('',#382,#373,#386,.T.);
#388=ORIENTED_EDGE('',*,*,#387,.F.);
#389=CARTESIAN_POINT('',(51.141590092563149,-17.484119368698458,4.5));
#390=VERTEX_POINT('',#389);
#391=CARTESIAN_POINT('',(0.709624449680319,8.578299271691854,4.5));
#392=DIRECTION('',(0.0,0.0,-1.0));
#393=DIRECTION('',(0.84370002032258,-0.536814936181622,0.0));
#394=AXIS2_PLACEMENT_3D('',#391,#392,#393);
#395=CIRCLE('',#394,56.768237809464182);
#396=EDGE_CURVE('',#390,#382,#395,.T.);
#397=ORIENTED_EDGE('',*,*,#396,.F.);
#398=CARTESIAN_POINT('',(51.429281051562441,-17.484119368698462,4.5));
#399=VERTEX_POINT('',#398);
#400=CARTESIAN_POINT('',(51.429281051562441,-17.484119368698462,4.5));
#401=DIRECTION('',(-1.0,0.0,0.0));
#402=VECTOR('',#401,0.287690958999292);
#403=LINE('',#400,#402);
#404=EDGE_CURVE('',#399,#390,#403,.T.);
#405=ORIENTED_EDGE('',*,*,#404,.F.);
#406=CARTESIAN_POINT('',(51.51066796843854,-17.326014551674373,4.5));
#407=VERTEX_POINT('',#406);
#408=CARTESIAN_POINT('',(51.429281051562441,-17.384119368698457,4.5));
#409=DIRECTION('',(0.0,0.0,-1.0));
#410=DIRECTION('',(0.889114213765792,-0.457685388536314,0.0));
#411=AXIS2_PLACEMENT_3D('',#408,#409,#410);
#412=CIRCLE('',#411,0.1);
#413=EDGE_CURVE('',#407,#399,#412,.T.);
#414=ORIENTED_EDGE('',*,*,#413,.F.);
#415=CARTESIAN_POINT('',(51.342842858501228,-17.090943365295296,4.5));
#416=VERTEX_POINT('',#415);
#417=CARTESIAN_POINT('',(51.342842858501236,-17.090943365295296,4.5));
#418=DIRECTION('',(0.581048170240846,-0.813869168761027,0.0));
#419=VECTOR('',#418,0.288831664107551);
#420=LINE('',#417,#419);
#421=EDGE_CURVE('',#416,#407,#420,.T.);
#422=ORIENTED_EDGE('',*,*,#421,.F.);
#423=CARTESIAN_POINT('',(51.57786090317569,-16.622005172960456,4.5));
#424=VERTEX_POINT('',#423);
#425=CARTESIAN_POINT('',(0.709624449680319,8.578299271691854,4.5));
#426=DIRECTION('',(0.0,0.0,-1.0));
#427=DIRECTION('',(0.84370002032258,-0.536814936181622,0.0));
#428=AXIS2_PLACEMENT_3D('',#425,#426,#427);
#429=CIRCLE('',#428,56.768237809464182);
#430=EDGE_CURVE('',#424,#416,#429,.T.);
#431=ORIENTED_EDGE('',*,*,#430,.F.);
#432=CARTESIAN_POINT('',(51.857194656155094,-16.622005172960456,4.5));
#433=VERTEX_POINT('',#432);
#434=CARTESIAN_POINT('',(51.857194656155094,-16.622005172960456,4.5));
#435=DIRECTION('',(-1.0,0.0,0.0));
#436=VECTOR('',#435,0.279333752979404);
#437=LINE('',#434,#436);
#438=EDGE_CURVE('',#433,#424,#437,.T.);
#439=ORIENTED_EDGE('',*,*,#438,.F.);
#440=CARTESIAN_POINT('',(51.938581573031193,-16.463900355936371,4.5));
#441=VERTEX_POINT('',#440);
#442=CARTESIAN_POINT('',(51.857194656155094,-16.522005172960455,4.5));
#443=DIRECTION('',(0.0,0.0,-1.0));
#444=DIRECTION('',(0.889114213765792,-0.457685388536314,0.0));
#445=AXIS2_PLACEMENT_3D('',#442,#443,#444);
#446=CIRCLE('',#445,0.1);
#447=EDGE_CURVE('',#441,#433,#446,.T.);
#448=ORIENTED_EDGE('',*,*,#447,.F.);
#449=CARTESIAN_POINT('',(51.770756463093889,-16.22882916955729,4.5));
#450=VERTEX_POINT('',#449);
#451=CARTESIAN_POINT('',(51.770756463093889,-16.22882916955729,4.5));
#452=DIRECTION('',(0.581048170240846,-0.813869168761027,0.0));
#453=VECTOR('',#452,0.288831664107551);
#454=LINE('',#451,#453);
#455=EDGE_CURVE('',#450,#441,#454,.T.);
#456=ORIENTED_EDGE('',*,*,#455,.F.);
#457=CARTESIAN_POINT('',(51.999315153075059,-15.752760128629808,4.5));
#458=VERTEX_POINT('',#457);
#459=CARTESIAN_POINT('',(0.709624449680319,8.578299271691854,4.5));
#460=DIRECTION('',(0.0,0.0,-1.0));
#461=DIRECTION('',(0.84370002032258,-0.536814936181622,0.0));
#462=AXIS2_PLACEMENT_3D('',#459,#460,#461);
#463=CIRCLE('',#462,56.768237809464182);
#464=EDGE_CURVE('',#458,#450,#463,.T.);
#465=ORIENTED_EDGE('',*,*,#464,.F.);
#466=CARTESIAN_POINT('',(52.270430657000951,-15.752760128629806,4.5));
#467=VERTEX_POINT('',#466);
#468=CARTESIAN_POINT('',(52.270430657000958,-15.752760128629806,4.5));
#469=DIRECTION('',(-1.0,0.0,0.0));
#470=VECTOR('',#469,0.271115503925891);
#471=LINE('',#468,#470);
#472=EDGE_CURVE('',#467,#458,#471,.T.);
#473=ORIENTED_EDGE('',*,*,#472,.F.);
#474=CARTESIAN_POINT('',(52.351817573877057,-15.594655311605718,4.5));
#475=VERTEX_POINT('',#474);
#476=CARTESIAN_POINT('',(52.270430657000951,-15.652760128629804,4.5));
#477=DIRECTION('',(0.0,0.0,-1.0));
#478=DIRECTION('',(0.889114213765833,-0.457685388536235,0.0));
#479=AXIS2_PLACEMENT_3D('',#476,#477,#478);
#480=CIRCLE('',#479,0.1);
#481=EDGE_CURVE('',#475,#467,#480,.T.);
#482=ORIENTED_EDGE('',*,*,#481,.F.);
#483=CARTESIAN_POINT('',(52.183992463939745,-15.35958412522664,4.5));
#484=VERTEX_POINT('',#483);
#485=CARTESIAN_POINT('',(52.183992463939745,-15.35958412522664,4.5));
#486=DIRECTION('',(0.581048170240846,-0.813869168761027,0.0));
#487=VECTOR('',#486,0.288831664107551);
#488=LINE('',#485,#487);
#489=EDGE_CURVE('',#484,#475,#488,.T.);
#490=ORIENTED_EDGE('',*,*,#489,.F.);
#491=CARTESIAN_POINT('',(52.405842149307887,-14.876634101579366,4.5));
#492=VERTEX_POINT('',#491);
#493=CARTESIAN_POINT('',(0.709624449680319,8.578299271691854,4.5));
#494=DIRECTION('',(0.0,0.0,-1.0));
#495=DIRECTION('',(0.84370002032258,-0.536814936181622,0.0));
#496=AXIS2_PLACEMENT_3D('',#493,#494,#495);
#497=CIRCLE('',#496,56.768237809464182);
#498=EDGE_CURVE('',#492,#484,#497,.T.);
#499=ORIENTED_EDGE('',*,*,#498,.F.);
#500=CARTESIAN_POINT('',(52.668870268753224,-14.87663410157937,4.5));
#501=VERTEX_POINT('',#500);
#502=CARTESIAN_POINT('',(52.668870268753224,-14.87663410157937,4.5));
#503=DIRECTION('',(-1.0,0.0,0.0));
#504=VECTOR('',#503,0.263028119445337);
#505=LINE('',#502,#504);
#506=EDGE_CURVE('',#501,#492,#505,.T.);
#507=ORIENTED_EDGE('',*,*,#506,.F.);
#508=CARTESIAN_POINT('',(52.750257185629323,-14.718529284555281,4.5));
#509=VERTEX_POINT('',#508);
#510=CARTESIAN_POINT('',(52.668870268753224,-14.776634101579367,4.5));
#511=DIRECTION('',(0.0,0.0,-1.0));
#512=DIRECTION('',(0.889114213765792,-0.457685388536314,0.0));
#513=AXIS2_PLACEMENT_3D('',#510,#511,#512);
#514=CIRCLE('',#513,0.1);
#515=EDGE_CURVE('',#509,#501,#514,.T.);
#516=ORIENTED_EDGE('',*,*,#515,.F.);
#517=CARTESIAN_POINT('',(52.582432075692012,-14.483458098176204,4.5));
#518=VERTEX_POINT('',#517);
#519=CARTESIAN_POINT('',(52.582432075692012,-14.483458098176204,4.5));
#520=DIRECTION('',(0.581048170240846,-0.813869168761027,0.0));
#521=VECTOR('',#520,0.288831664107551);
#522=LINE('',#519,#521);
#523=EDGE_CURVE('',#518,#509,#522,.T.);
#524=ORIENTED_EDGE('',*,*,#523,.F.);
#525=CARTESIAN_POINT('',(52.797335044106703,-13.993878935631445,4.5));
#526=VERTEX_POINT('',#525);
#527=CARTESIAN_POINT('',(0.709624449680319,8.578299271691854,4.5));
#528=DIRECTION('',(0.0,0.0,-1.0));
#529=DIRECTION('',(0.84370002032258,-0.536814936181622,0.0));
#530=AXIS2_PLACEMENT_3D('',#527,#528,#529);
#531=CIRCLE('',#530,56.768237809464182);
#532=EDGE_CURVE('',#526,#518,#531,.T.);
#533=ORIENTED_EDGE('',*,*,#532,.F.);
#534=CARTESIAN_POINT('',(53.052398959310693,-13.993878935631445,4.5));
#535=VERTEX_POINT('',#534);
#536=CARTESIAN_POINT('',(53.052398959310693,-13.993878935631445,4.5));
#537=DIRECTION('',(-1.0,0.0,0.0));
#538=VECTOR('',#537,0.255063915203991);
#539=LINE('',#536,#538);
#540=EDGE_CURVE('',#535,#526,#539,.T.);
#541=ORIENTED_EDGE('',*,*,#540,.F.);
#542=CARTESIAN_POINT('',(53.133785876186792,-13.835774118607358,4.5));
#543=VERTEX_POINT('',#542);
#544=CARTESIAN_POINT('',(53.052398959310693,-13.893878935631445,4.5));
#545=DIRECTION('',(0.0,0.0,-1.0));
#546=DIRECTION('',(0.889114213765833,-0.457685388536235,0.0));
#547=AXIS2_PLACEMENT_3D('',#544,#545,#546);
#548=CIRCLE('',#547,0.1);
#549=EDGE_CURVE('',#543,#535,#548,.T.);
#550=ORIENTED_EDGE('',*,*,#549,.F.);
#551=CARTESIAN_POINT('',(52.965960766249481,-13.600702932228279,4.5));
#552=VERTEX_POINT('',#551);
#553=CARTESIAN_POINT('',(52.965960766249488,-13.600702932228279,4.5));
#554=DIRECTION('',(0.581048170240846,-0.813869168761027,0.0));
#555=VECTOR('',#554,0.288831664107551);
#556=LINE('',#553,#555);
#557=EDGE_CURVE('',#552,#543,#556,.T.);
#558=ORIENTED_EDGE('',*,*,#557,.F.);
#559=CARTESIAN_POINT('',(53.173690900148955,-13.104748380164885,4.5));
#560=VERTEX_POINT('',#559);
#561=CARTESIAN_POINT('',(0.709624449680319,8.578299271691854,4.5));
#562=DIRECTION('',(0.0,0.0,-1.0));
#563=DIRECTION('',(0.84370002032258,-0.536814936181622,0.0));
#564=AXIS2_PLACEMENT_3D('',#561,#562,#563);
#565=CIRCLE('',#564,56.768237809464182);
#566=EDGE_CURVE('',#560,#552,#565,.T.);
#567=ORIENTED_EDGE('',*,*,#566,.F.);
#568=CARTESIAN_POINT('',(53.420906482740264,-13.104748380164883,4.5));
#569=VERTEX_POINT('',#568);
#570=CARTESIAN_POINT('',(53.420906482740264,-13.104748380164883,4.5));
#571=DIRECTION('',(-1.0,0.0,0.0));
#572=VECTOR('',#571,0.247215582591309);
#573=LINE('',#570,#572);
#574=EDGE_CURVE('',#569,#560,#573,.T.);
#575=ORIENTED_EDGE('',*,*,#574,.F.);
#576=CARTESIAN_POINT('',(53.502293399616363,-12.946643563140796,4.5));
#577=VERTEX_POINT('',#576);
#578=CARTESIAN_POINT('',(53.420906482740264,-13.00474838016488,4.5));
#579=DIRECTION('',(0.0,0.0,-1.0));
#580=DIRECTION('',(0.889114213765833,-0.457685388536235,0.0));
#581=AXIS2_PLACEMENT_3D('',#578,#579,#580);
#582=CIRCLE('',#581,0.1);
#583=EDGE_CURVE('',#577,#569,#582,.T.);
#584=ORIENTED_EDGE('',*,*,#583,.F.);
#585=CARTESIAN_POINT('',(53.334468289679052,-12.711572376761717,4.5));
#586=VERTEX_POINT('',#585);
#587=CARTESIAN_POINT('',(53.334468289679059,-12.711572376761717,4.5));
#588=DIRECTION('',(0.581048170240846,-0.813869168761027,0.0));
#589=VECTOR('',#588,0.288831664107551);
#590=LINE('',#587,#589);
#591=EDGE_CURVE('',#586,#577,#590,.T.);
#592=ORIENTED_EDGE('',*,*,#591,.F.);
#593=CARTESIAN_POINT('',(53.534810751944164,-12.209498017174385,4.5));
#594=VERTEX_POINT('',#593);
#595=CARTESIAN_POINT('',(0.709624449680319,8.578299271691854,4.5));
#596=DIRECTION('',(0.0,0.0,-1.0));
#597=DIRECTION('',(0.84370002032258,-0.536814936181622,0.0));
#598=AXIS2_PLACEMENT_3D('',#595,#596,#597);
#599=CIRCLE('',#598,56.768237809464182);
#600=EDGE_CURVE('',#594,#586,#599,.T.);
#601=ORIENTED_EDGE('',*,*,#600,.F.);
#602=CARTESIAN_POINT('',(53.774286910967206,-12.209498017174385,4.5));
#603=VERTEX_POINT('',#602);
#604=CARTESIAN_POINT('',(53.774286910967206,-12.209498017174385,4.5));
#605=DIRECTION('',(-1.0,0.0,0.0));
#606=VECTOR('',#605,0.239476159023042);
#607=LINE('',#604,#606);
#608=EDGE_CURVE('',#603,#594,#607,.T.);
#609=ORIENTED_EDGE('',*,*,#608,.F.);
#610=CARTESIAN_POINT('',(53.855673827843304,-12.051393200150297,4.5));
#611=VERTEX_POINT('',#610);
#612=CARTESIAN_POINT('',(53.774286910967206,-12.109498017174385,4.5));
#613=DIRECTION('',(0.0,0.0,-1.0));
#614=DIRECTION('',(0.889114213765833,-0.457685388536235,0.0));
#615=AXIS2_PLACEMENT_3D('',#612,#613,#614);
#616=CIRCLE('',#615,0.1);
#617=EDGE_CURVE('',#611,#603,#616,.T.);
#618=ORIENTED_EDGE('',*,*,#617,.F.);
#619=CARTESIAN_POINT('',(53.687848717905993,-11.816322013771218,4.5));
#620=VERTEX_POINT('',#619);
#621=CARTESIAN_POINT('',(53.687848717906,-11.816322013771218,4.5));
#622=DIRECTION('',(0.581048170240846,-0.813869168761027,0.0));
#623=VECTOR('',#622,0.288831664107551);
#624=LINE('',#621,#623);
#625=EDGE_CURVE('',#620,#611,#624,.T.);
#626=ORIENTED_EDGE('',*,*,#625,.F.);
#627=CARTESIAN_POINT('',(53.88059966361034,-11.308385187803099,4.5));
#628=VERTEX_POINT('',#627);
#629=CARTESIAN_POINT('',(0.709624449680319,8.578299271691854,4.5));
#630=DIRECTION('',(0.0,0.0,-1.0));
#631=DIRECTION('',(0.84370002032258,-0.536814936181622,0.0));
#632=AXIS2_PLACEMENT_3D('',#629,#630,#631);
#633=CIRCLE('',#632,56.768237809464182);
#634=EDGE_CURVE('',#628,#620,#633,.T.);
#635=ORIENTED_EDGE('',*,*,#634,.F.);
#636=CARTESIAN_POINT('',(54.112438664224442,-11.308385187803099,4.5));
#637=VERTEX_POINT('',#636);
#638=CARTESIAN_POINT('',(54.112438664224442,-11.308385187803099,4.5));
#639=DIRECTION('',(-1.0,0.0,0.0));
#640=VECTOR('',#639,0.231839000614102);
#641=LINE('',#638,#640);
#642=EDGE_CURVE('',#637,#628,#641,.T.);
#643=ORIENTED_EDGE('',*,*,#642,.F.);
#644=CARTESIAN_POINT('',(54.19382558110054,-11.150280370779011,4.5));
#645=VERTEX_POINT('',#644);
#646=CARTESIAN_POINT('',(54.112438664224442,-11.208385187803099,4.5));
#647=DIRECTION('',(0.0,0.0,-1.0));
#648=DIRECTION('',(0.889114213765792,-0.457685388536314,0.0));
#649=AXIS2_PLACEMENT_3D('',#646,#647,#648);
#650=CIRCLE('',#649,0.1);
#651=EDGE_CURVE('',#645,#637,#650,.T.);
#652=ORIENTED_EDGE('',*,*,#651,.F.);
#653=CARTESIAN_POINT('',(54.026000471163229,-10.915209184399933,4.5));
#654=VERTEX_POINT('',#653);
#655=CARTESIAN_POINT('',(54.026000471163229,-10.915209184399933,4.5));
#656=DIRECTION('',(0.581048170240846,-0.813869168761027,0.0));
#657=VECTOR('',#656,0.288831664107551);
#658=LINE('',#655,#657);
#659=EDGE_CURVE('',#654,#645,#658,.T.);
#660=ORIENTED_EDGE('',*,*,#659,.F.);
#661=CARTESIAN_POINT('',(54.210966783271729,-10.401668918369449,4.5));
#662=VERTEX_POINT('',#661);
#663=CARTESIAN_POINT('',(0.709624449680319,8.578299271691854,4.5));
#664=DIRECTION('',(0.0,0.0,-1.0));
#665=DIRECTION('',(0.84370002032258,-0.536814936181622,0.0));
#666=AXIS2_PLACEMENT_3D('',#663,#664,#665);
#667=CIRCLE('',#666,56.768237809464182);
#668=EDGE_CURVE('',#662,#654,#667,.T.);
#669=ORIENTED_EDGE('',*,*,#668,.F.);
#670=CARTESIAN_POINT('',(54.435264540251744,-10.401668918369449,4.5));
#671=VERTEX_POINT('',#670);
#672=CARTESIAN_POINT('',(54.435264540251744,-10.401668918369449,4.5));
#673=DIRECTION('',(-1.0,0.0,0.0));
#674=VECTOR('',#673,0.224297756980015);
#675=LINE('',#672,#674);
#676=EDGE_CURVE('',#671,#662,#675,.T.);
#677=ORIENTED_EDGE('',*,*,#676,.F.);
#678=CARTESIAN_POINT('',(54.516651457127843,-10.243564101345362,4.5));
#679=VERTEX_POINT('',#678);
#680=CARTESIAN_POINT('',(54.435264540251744,-10.301668918369447,4.5));
#681=DIRECTION('',(0.0,0.0,-1.0));
#682=DIRECTION('',(0.889114213765833,-0.457685388536235,0.0));
#683=AXIS2_PLACEMENT_3D('',#680,#681,#682);
#684=CIRCLE('',#683,0.1);
#685=EDGE_CURVE('',#679,#671,#684,.T.);
#686=ORIENTED_EDGE('',*,*,#685,.F.);
#687=CARTESIAN_POINT('',(54.348826347190531,-10.008492914966283,4.5));
#688=VERTEX_POINT('',#687);
#689=CARTESIAN_POINT('',(54.348826347190531,-10.008492914966283,4.5));
#690=DIRECTION('',(0.581048170240846,-0.813869168761027,0.0));
#691=VECTOR('',#690,0.288831664107551);
#692=LINE('',#689,#691);
#693=EDGE_CURVE('',#688,#679,#692,.T.);
#694=ORIENTED_EDGE('',*,*,#693,.F.);
#695=CARTESIAN_POINT('',(54.525825394284084,-9.489609845909646,4.5));
#696=VERTEX_POINT('',#695);
#697=CARTESIAN_POINT('',(0.709624449680319,8.578299271691854,4.5));
#698=DIRECTION('',(0.0,0.0,-1.0));
#699=DIRECTION('',(0.84370002032258,-0.536814936181622,0.0));
#700=AXIS2_PLACEMENT_3D('',#697,#698,#699);
#701=CIRCLE('',#700,56.768237809464182);
#702=EDGE_CURVE('',#696,#688,#701,.T.);
#703=ORIENTED_EDGE('',*,*,#702,.F.);
#704=CARTESIAN_POINT('',(54.742671742236752,-9.489609845909646,4.5));
#705=VERTEX_POINT('',#704);
#706=CARTESIAN_POINT('',(54.742671742236752,-9.489609845909646,4.5));
#707=DIRECTION('',(-1.0,0.0,0.0));
#708=VECTOR('',#707,0.216846347952668);
#709=LINE('',#706,#708);
#710=EDGE_CURVE('',#705,#696,#709,.T.);
#711=ORIENTED_EDGE('',*,*,#710,.F.);
#712=CARTESIAN_POINT('',(54.82405865911285,-9.331505028885559,4.5));
#713=VERTEX_POINT('',#712);
#714=CARTESIAN_POINT('',(54.742671742236752,-9.389609845909646,4.5));
#715=DIRECTION('',(0.0,0.0,-1.0));
#716=DIRECTION('',(0.889114213765802,-0.457685388536295,0.0));
#717=AXIS2_PLACEMENT_3D('',#714,#715,#716);
#718=CIRCLE('',#717,0.1);
#719=EDGE_CURVE('',#713,#705,#718,.T.);
#720=ORIENTED_EDGE('',*,*,#719,.F.);
#721=CARTESIAN_POINT('',(54.656233549175539,-9.09643384250648,4.5));
#722=VERTEX_POINT('',#721);
#723=CARTESIAN_POINT('',(54.656233549175539,-9.09643384250648,4.5));
#724=DIRECTION('',(0.581048170240846,-0.813869168761027,0.0));
#725=VECTOR('',#724,0.288831664107551);
#726=LINE('',#723,#725);
#727=EDGE_CURVE('',#722,#713,#726,.T.);
#728=ORIENTED_EDGE('',*,*,#727,.F.);
#729=CARTESIAN_POINT('',(54.825092963471533,-8.572470143257149,4.5));
#730=VERTEX_POINT('',#729);
#731=CARTESIAN_POINT('',(0.709624449680319,8.578299271691854,4.5));
#732=DIRECTION('',(0.0,0.0,-1.0));
#733=DIRECTION('',(0.84370002032258,-0.536814936181622,0.0));
#734=AXIS2_PLACEMENT_3D('',#731,#732,#733);
#735=CIRCLE('',#734,56.768237809464182);
#736=EDGE_CURVE('',#730,#722,#735,.T.);
#737=ORIENTED_EDGE('',*,*,#736,.F.);
#738=CARTESIAN_POINT('',(55.034571905489486,-8.572470143257149,4.5));
#739=VERTEX_POINT('',#738);
#740=CARTESIAN_POINT('',(55.034571905489486,-8.572470143257149,4.5));
#741=DIRECTION('',(-1.0,0.0,0.0));
#742=VECTOR('',#741,0.209478942017952);
#743=LINE('',#740,#742);
#744=EDGE_CURVE('',#739,#730,#743,.T.);
#745=ORIENTED_EDGE('',*,*,#744,.F.);
#746=CARTESIAN_POINT('',(55.115958822365585,-8.414365326233062,4.5));
#747=VERTEX_POINT('',#746);
#748=CARTESIAN_POINT('',(55.034571905489486,-8.47247014325715,4.5));
#749=DIRECTION('',(0.0,0.0,-1.0));
#750=DIRECTION('',(0.889114213765802,-0.457685388536295,0.0));
#751=AXIS2_PLACEMENT_3D('',#748,#749,#750);
#752=CIRCLE('',#751,0.1);
#753=EDGE_CURVE('',#747,#739,#752,.T.);
#754=ORIENTED_EDGE('',*,*,#753,.F.);
#755=CARTESIAN_POINT('',(54.948133712428273,-8.179294139853983,4.5));
#756=VERTEX_POINT('',#755);
#757=CARTESIAN_POINT('',(54.948133712428273,-8.179294139853983,4.5));
#758=DIRECTION('',(0.581048170240846,-0.813869168761027,0.0));
#759=VECTOR('',#758,0.288831664107551);
#760=LINE('',#757,#759);
#761=EDGE_CURVE('',#756,#747,#760,.T.);
#762=ORIENTED_EDGE('',*,*,#761,.F.);
#763=CARTESIAN_POINT('',(55.108691186539346,-7.650513443680662,4.5));
#764=VERTEX_POINT('',#763);
#765=CARTESIAN_POINT('',(0.709624449680319,8.578299271691854,4.5));
#766=DIRECTION('',(0.0,0.0,-1.0));
#767=DIRECTION('',(0.84370002032258,-0.536814936181622,0.0));
#768=AXIS2_PLACEMENT_3D('',#765,#766,#767);
#769=CIRCLE('',#768,56.768237809464182);
#770=EDGE_CURVE('',#764,#756,#769,.T.);
#771=ORIENTED_EDGE('',*,*,#770,.F.);
#772=CARTESIAN_POINT('',(55.310881122842957,-7.650513443680662,4.5));
#773=VERTEX_POINT('',#772);
#774=CARTESIAN_POINT('',(55.310881122842964,-7.650513443680662,4.5));
#775=DIRECTION('',(-1.0,0.0,0.0));
#776=VECTOR('',#775,0.202189936303618);
#777=LINE('',#774,#776);
#778=EDGE_CURVE('',#773,#764,#777,.T.);
#779=ORIENTED_EDGE('',*,*,#778,.F.);
#780=CARTESIAN_POINT('',(55.392268039719063,-7.492408626656575,4.5));
#781=VERTEX_POINT('',#780);
#782=CARTESIAN_POINT('',(55.310881122842957,-7.550513443680663,4.5));
#783=DIRECTION('',(0.0,0.0,-1.0));
#784=DIRECTION('',(0.889114213765802,-0.457685388536295,0.0));
#785=AXIS2_PLACEMENT_3D('',#782,#783,#784);
#786=CIRCLE('',#785,0.1);
#787=EDGE_CURVE('',#781,#773,#786,.T.);
#788=ORIENTED_EDGE('',*,*,#787,.F.);
#789=CARTESIAN_POINT('',(55.224442929781752,-7.257337440277496,4.5));
#790=VERTEX_POINT('',#789);
#791=CARTESIAN_POINT('',(55.224442929781752,-7.257337440277496,4.5));
#792=DIRECTION('',(0.581048170240844,-0.813869168761028,0.0));
#793=VECTOR('',#792,0.288831664107552);
#794=LINE('',#791,#793);
#795=EDGE_CURVE('',#790,#781,#794,.T.);
#796=ORIENTED_EDGE('',*,*,#795,.F.);
#797=CARTESIAN_POINT('',(55.37654603081009,-6.724004765102296,4.5));
#798=VERTEX_POINT('',#797);
#799=CARTESIAN_POINT('',(0.709624449680319,8.578299271691854,4.5));
#800=DIRECTION('',(0.0,0.0,-1.0));
#801=DIRECTION('',(0.84370002032258,-0.536814936181622,0.0));
#802=AXIS2_PLACEMENT_3D('',#799,#800,#801);
#803=CIRCLE('',#802,56.768237809464182);
#804=EDGE_CURVE('',#798,#790,#803,.T.);
#805=ORIENTED_EDGE('',*,*,#804,.F.);
#806=CARTESIAN_POINT('',(55.571519968772449,-6.724004765102296,4.5));
#807=VERTEX_POINT('',#806);
#808=CARTESIAN_POINT('',(55.571519968772449,-6.724004765102296,4.5));
#809=DIRECTION('',(-1.0,0.0,0.0));
#810=VECTOR('',#809,0.194973937962359);
#811=LINE('',#808,#810);
#812=EDGE_CURVE('',#807,#798,#811,.T.);
#813=ORIENTED_EDGE('',*,*,#812,.F.);
#814=CARTESIAN_POINT('',(55.652906885648548,-6.565899948078209,4.5));
#815=VERTEX_POINT('',#814);
#816=CARTESIAN_POINT('',(55.571519968772449,-6.624004765102296,4.5));
#817=DIRECTION('',(0.0,0.0,-1.0));
#818=DIRECTION('',(0.889114213765802,-0.457685388536295,0.0));
#819=AXIS2_PLACEMENT_3D('',#816,#817,#818);
#820=CIRCLE('',#819,0.1);
#821=EDGE_CURVE('',#815,#807,#820,.T.);
#822=ORIENTED_EDGE('',*,*,#821,.F.);
#823=CARTESIAN_POINT('',(55.485081775711237,-6.33082876169913,4.5));
#824=VERTEX_POINT('',#823);
#825=CARTESIAN_POINT('',(55.485081775711244,-6.33082876169913,4.5));
#826=DIRECTION('',(0.581048170240844,-0.813869168761028,0.0));
#827=VECTOR('',#826,0.288831664107552);
#828=LINE('',#825,#827);
#829=EDGE_CURVE('',#824,#815,#828,.T.);
#830=ORIENTED_EDGE('',*,*,#829,.F.);
#831=CARTESIAN_POINT('',(55.628587775415497,-5.79321043391783,4.5));
#832=VERTEX_POINT('',#831);
#833=CARTESIAN_POINT('',(0.709624449680319,8.578299271691854,4.5));
#834=DIRECTION('',(0.0,0.0,-1.0));
#835=DIRECTION('',(0.84370002032258,-0.536814936181622,0.0));
#836=AXIS2_PLACEMENT_3D('',#833,#834,#835);
#837=CIRCLE('',#836,56.768237809464182);
#838=EDGE_CURVE('',#832,#824,#837,.T.);
#839=ORIENTED_EDGE('',*,*,#838,.F.);
#840=CARTESIAN_POINT('',(55.816413522226455,-5.79321043391783,4.5));
#841=VERTEX_POINT('',#840);
#842=CARTESIAN_POINT('',(55.816413522226455,-5.79321043391783,4.5));
#843=DIRECTION('',(-1.0,0.0,0.0));
#844=VECTOR('',#843,0.187825746810958);
#845=LINE('',#842,#844);
#846=EDGE_CURVE('',#841,#832,#845,.T.);
#847=ORIENTED_EDGE('',*,*,#846,.F.);
#848=CARTESIAN_POINT('',(55.897800439102554,-5.635105616893743,4.5));
#849=VERTEX_POINT('',#848);
#850=CARTESIAN_POINT('',(55.816413522226455,-5.69321043391783,4.5));
#851=DIRECTION('',(0.0,0.0,-1.0));
#852=DIRECTION('',(0.889114213765802,-0.457685388536295,0.0));
#853=AXIS2_PLACEMENT_3D('',#850,#851,#852);
#854=CIRCLE('',#853,0.1);
#855=EDGE_CURVE('',#849,#841,#854,.T.);
#856=ORIENTED_EDGE('',*,*,#855,.F.);
#857=CARTESIAN_POINT('',(55.729975329165242,-5.400034430514664,4.5));
#858=VERTEX_POINT('',#857);
#859=CARTESIAN_POINT('',(55.729975329165242,-5.400034430514664,4.5));
#860=DIRECTION('',(0.581048170240844,-0.813869168761028,0.0));
#861=VECTOR('',#860,0.288831664107552);
#862=LINE('',#859,#861);
#863=EDGE_CURVE('',#858,#849,#862,.T.);
#864=ORIENTED_EDGE('',*,*,#863,.F.);
#865=CARTESIAN_POINT('',(55.864751049063244,-4.858398008440659,4.5));
#866=VERTEX_POINT('',#865);
#867=CARTESIAN_POINT('',(0.709624449680319,8.578299271691854,4.5));
#868=DIRECTION('',(0.0,0.0,-1.0));
#869=DIRECTION('',(0.84370002032258,-0.536814936181622,0.0));
#870=AXIS2_PLACEMENT_3D('',#867,#868,#869);
#871=CIRCLE('',#870,56.768237809464182);
#872=EDGE_CURVE('',#866,#858,#871,.T.);
#873=ORIENTED_EDGE('',*,*,#872,.F.);
#874=CARTESIAN_POINT('',(56.045491388162851,-4.858398008440659,4.5));
#875=VERTEX_POINT('',#874);
#876=CARTESIAN_POINT('',(56.045491388162851,-4.858398008440659,4.5));
#877=DIRECTION('',(-1.0,0.0,0.0));
#878=VECTOR('',#877,0.180740339099607);
#879=LINE('',#876,#878);
#880=EDGE_CURVE('',#875,#866,#879,.T.);
#881=ORIENTED_EDGE('',*,*,#880,.F.);
#882=CARTESIAN_POINT('',(56.12687830503895,-4.700293191416572,4.5));
#883=VERTEX_POINT('',#882);
#884=CARTESIAN_POINT('',(56.045491388162851,-4.758398008440659,4.5));
#885=DIRECTION('',(0.0,0.0,-1.0));
#886=DIRECTION('',(0.889114213765802,-0.457685388536295,0.0));
#887=AXIS2_PLACEMENT_3D('',#884,#885,#886);
#888=CIRCLE('',#887,0.1);
#889=EDGE_CURVE('',#883,#875,#888,.T.);
#890=ORIENTED_EDGE('',*,*,#889,.F.);
#891=CARTESIAN_POINT('',(55.959053195101646,-4.465222005037493,4.5));
#892=VERTEX_POINT('',#891);
#893=CARTESIAN_POINT('',(55.959053195101646,-4.465222005037493,4.5));
#894=DIRECTION('',(0.581048170240844,-0.813869168761028,0.0));
#895=VECTOR('',#894,0.288831664107552);
#896=LINE('',#893,#895);
#897=EDGE_CURVE('',#892,#883,#896,.T.);
#898=ORIENTED_EDGE('',*,*,#897,.F.);
#899=CARTESIAN_POINT('',(56.084974865486515,-3.91983620199184,4.5));
#900=VERTEX_POINT('',#899);
#901=CARTESIAN_POINT('',(0.709624449680319,8.578299271691854,4.5));
#902=DIRECTION('',(0.0,0.0,-1.0));
#903=DIRECTION('',(0.84370002032258,-0.536814936181622,0.0));
#904=AXIS2_PLACEMENT_3D('',#901,#902,#903);
#905=CIRCLE('',#904,56.768237809464182);
#906=EDGE_CURVE('',#900,#892,#905,.T.);
#907=ORIENTED_EDGE('',*,*,#906,.F.);
#908=CARTESIAN_POINT('',(56.258687717784142,-3.91983620199184,4.5));
#909=VERTEX_POINT('',#908);
#910=CARTESIAN_POINT('',(56.258687717784142,-3.91983620199184,4.5));
#911=DIRECTION('',(-1.0,0.0,0.0));
#912=VECTOR('',#911,0.173712852297626);
#913=LINE('',#910,#912);
#914=EDGE_CURVE('',#909,#900,#913,.T.);
#915=ORIENTED_EDGE('',*,*,#914,.F.);
#916=CARTESIAN_POINT('',(56.34007463466024,-3.761731384967753,4.5));
#917=VERTEX_POINT('',#916);
#918=CARTESIAN_POINT('',(56.258687717784142,-3.81983620199184,4.5));
#919=DIRECTION('',(0.0,0.0,-1.0));
#920=DIRECTION('',(0.889114213765802,-0.457685388536295,0.0));
#921=AXIS2_PLACEMENT_3D('',#918,#919,#920);
#922=CIRCLE('',#921,0.1);
#923=EDGE_CURVE('',#917,#909,#922,.T.);
#924=ORIENTED_EDGE('',*,*,#923,.F.);
#925=CARTESIAN_POINT('',(56.172249524722929,-3.526660198588674,4.5));
#926=VERTEX_POINT('',#925);
#927=CARTESIAN_POINT('',(56.172249524722936,-3.526660198588674,4.5));
#928=DIRECTION('',(0.581048170240844,-0.813869168761029,0.0));
#929=VECTOR('',#928,0.288831664107553);
#930=LINE('',#927,#929);
#931=EDGE_CURVE('',#926,#917,#930,.T.);
#932=ORIENTED_EDGE('',*,*,#931,.F.);
#933=CARTESIAN_POINT('',(56.289202656673936,-2.977794805657912,4.5));
#934=VERTEX_POINT('',#933);
#935=CARTESIAN_POINT('',(0.709624449680319,8.578299271691854,4.5));
#936=DIRECTION('',(0.0,0.0,-1.0));
#937=DIRECTION('',(0.84370002032258,-0.536814936181622,0.0));
#938=AXIS2_PLACEMENT_3D('',#935,#936,#937);
#939=CIRCLE('',#938,56.768237809464182);
#940=EDGE_CURVE('',#934,#926,#939,.T.);
#941=ORIENTED_EDGE('',*,*,#940,.F.);
#942=CARTESIAN_POINT('',(56.455941227465701,-2.977794805657912,4.5));
#943=VERTEX_POINT('',#942);
#944=CARTESIAN_POINT('',(56.455941227465701,-2.977794805657912,4.5));
#945=DIRECTION('',(-1.0,0.0,0.0));
#946=VECTOR('',#945,0.166738570791765);
#947=LINE('',#944,#946);
#948=EDGE_CURVE('',#943,#934,#947,.T.);
#949=ORIENTED_EDGE('',*,*,#948,.F.);
#950=CARTESIAN_POINT('',(56.537328144341799,-2.819689988633825,4.5));
#951=VERTEX_POINT('',#950);
#952=CARTESIAN_POINT('',(56.455941227465701,-2.877794805657912,4.5));
#953=DIRECTION('',(0.0,0.0,-1.0));
#954=DIRECTION('',(0.889114213765843,-0.457685388536216,0.0));
#955=AXIS2_PLACEMENT_3D('',#952,#953,#954);
#956=CIRCLE('',#955,0.1);
#957=EDGE_CURVE('',#951,#943,#956,.T.);
#958=ORIENTED_EDGE('',*,*,#957,.F.);
#959=CARTESIAN_POINT('',(56.369503034404495,-2.584618802254746,4.5));
#960=VERTEX_POINT('',#959);
#961=CARTESIAN_POINT('',(56.369503034404495,-2.584618802254746,4.5));
#962=DIRECTION('',(0.581048170240844,-0.813869168761029,0.0));
#963=VECTOR('',#962,0.288831664107553);
#964=LINE('',#961,#963);
#965=EDGE_CURVE('',#960,#951,#964,.T.);
#966=ORIENTED_EDGE('',*,*,#965,.F.);
#967=CARTESIAN_POINT('',(56.477382303968817,-2.032544610739091,4.5));
#968=VERTEX_POINT('',#967);
#969=CARTESIAN_POINT('',(0.709624449680319,8.578299271691854,4.5));
#970=DIRECTION('',(0.0,0.0,-1.0));
#971=DIRECTION('',(0.84370002032258,-0.536814936181622,0.0));
#972=AXIS2_PLACEMENT_3D('',#969,#970,#971);
#973=CIRCLE('',#972,56.768237809464182);
#974=EDGE_CURVE('',#968,#960,#973,.T.);
#975=ORIENTED_EDGE('',*,*,#974,.F.);
#976=CARTESIAN_POINT('',(56.637195216371907,-2.032544610739091,4.5));
#977=VERTEX_POINT('',#976);
#978=CARTESIAN_POINT('',(56.637195216371907,-2.032544610739091,4.5));
#979=DIRECTION('',(-1.0,0.0,0.0));
#980=VECTOR('',#979,0.159812912403098);
#981=LINE('',#978,#980);
#982=EDGE_CURVE('',#977,#968,#981,.T.);
#983=ORIENTED_EDGE('',*,*,#982,.F.);
#984=CARTESIAN_POINT('',(56.718582133248006,-1.874439793715004,4.5));
#985=VERTEX_POINT('',#984);
#986=CARTESIAN_POINT('',(56.637195216371907,-1.932544610739091,4.5));
#987=DIRECTION('',(0.0,0.0,-1.0));
#988=DIRECTION('',(0.889114213765802,-0.457685388536295,0.0));
#989=AXIS2_PLACEMENT_3D('',#986,#987,#988);
#990=CIRCLE('',#989,0.1);
#991=EDGE_CURVE('',#985,#977,#990,.T.);
#992=ORIENTED_EDGE('',*,*,#991,.F.);
#993=CARTESIAN_POINT('',(56.550757023310695,-1.639368607335925,4.5));
#994=VERTEX_POINT('',#993);
#995=CARTESIAN_POINT('',(56.550757023310702,-1.639368607335925,4.5));
#996=DIRECTION('',(0.581048170240844,-0.813869168761028,0.0));
#997=VECTOR('',#996,0.288831664107552);
#998=LINE('',#995,#997);
#999=EDGE_CURVE('',#994,#985,#998,.T.);
#1000=ORIENTED_EDGE('',*,*,#999,.F.);
#1001=CARTESIAN_POINT('',(56.649466167118845,-1.084357330909875,4.5));
#1002=VERTEX_POINT('',#1001);
#1003=CARTESIAN_POINT('',(0.709624449680319,8.578299271691854,4.5));
#1004=DIRECTION('',(0.0,0.0,-1.0));
#1005=DIRECTION('',(0.84370002032258,-0.536814936181622,0.0));
#1006=AXIS2_PLACEMENT_3D('',#1003,#1004,#1005);
#1007=CIRCLE('',#1006,56.768237809464182);
#1008=EDGE_CURVE('',#1002,#994,#1007,.T.);
#1009=ORIENTED_EDGE('',*,*,#1008,.F.);
#1010=CARTESIAN_POINT('',(56.802397582754892,-1.084357330909875,4.5));
#1011=VERTEX_POINT('',#1010);
#1012=CARTESIAN_POINT('',(56.802397582754892,-1.084357330909875,4.5));
#1013=DIRECTION('',(-1.0,0.0,0.0));
#1014=VECTOR('',#1013,0.152931415636047);
#1015=LINE('',#1012,#1014);
#1016=EDGE_CURVE('',#1011,#1002,#1015,.T.);
#1017=ORIENTED_EDGE('',*,*,#1016,.F.);
#1018=CARTESIAN_POINT('',(56.883784499630991,-0.926252513885788,4.5));
#1019=VERTEX_POINT('',#1018);
#1020=CARTESIAN_POINT('',(56.802397582754892,-0.984357330909875,4.5));
#1021=DIRECTION('',(0.0,0.0,-1.0));
#1022=DIRECTION('',(0.889114213765803,-0.457685388536293,0.0));
#1023=AXIS2_PLACEMENT_3D('',#1020,#1021,#1022);
#1024=CIRCLE('',#1023,0.1);
#1025=EDGE_CURVE('',#1019,#1011,#1024,.T.);
#1026=ORIENTED_EDGE('',*,*,#1025,.F.);
#1027=CARTESIAN_POINT('',(56.71595938969368,-0.691181327506709,4.5));
#1028=VERTEX_POINT('',#1027);
#1029=CARTESIAN_POINT('',(56.71595938969368,-0.691181327506709,4.5));
#1030=DIRECTION('',(0.581048170240844,-0.813869168761028,0.0));
#1031=VECTOR('',#1030,0.288831664107552);
#1032=LINE('',#1029,#1031);
#1033=EDGE_CURVE('',#1028,#1019,#1032,.T.);
#1034=ORIENTED_EDGE('',*,*,#1033,.F.);
#1035=CARTESIAN_POINT('',(56.805411111350772,-0.133505524114463,4.5));
#1036=VERTEX_POINT('',#1035);
#1037=CARTESIAN_POINT('',(0.709624449680319,8.578299271691854,4.5));
#1038=DIRECTION('',(0.0,0.0,-1.0));
#1039=DIRECTION('',(0.84370002032258,-0.536814936181622,0.0));
#1040=AXIS2_PLACEMENT_3D('',#1037,#1038,#1039);
#1041=CIRCLE('',#1040,56.768237809464182);
#1042=EDGE_CURVE('',#1036,#1028,#1041,.T.);
#1043=ORIENTED_EDGE('',*,*,#1042,.F.);
#1044=CARTESIAN_POINT('',(56.951500838931224,-0.133505524114463,4.5));
#1045=VERTEX_POINT('',#1044);
#1046=CARTESIAN_POINT('',(56.951500838931224,-0.133505524114463,4.5));
#1047=DIRECTION('',(-1.0,0.0,0.0));
#1048=VECTOR('',#1047,0.14608972758046);
#1049=LINE('',#1046,#1048);
#1050=EDGE_CURVE('',#1045,#1036,#1049,.T.);
#1051=ORIENTED_EDGE('',*,*,#1050,.F.);
#1052=CARTESIAN_POINT('',(57.032887755807323,0.024599292909624,4.5));
#1053=VERTEX_POINT('',#1052);
#1054=CARTESIAN_POINT('',(56.951500838931224,-0.033505524114463,4.5));
#1055=DIRECTION('',(0.0,0.0,-1.0));
#1056=DIRECTION('',(0.889114213765844,-0.457685388536213,0.0));
#1057=AXIS2_PLACEMENT_3D('',#1054,#1055,#1056);
#1058=CIRCLE('',#1057,0.1);
#1059=EDGE_CURVE('',#1053,#1045,#1058,.T.);
#1060=ORIENTED_EDGE('',*,*,#1059,.F.);
#1061=CARTESIAN_POINT('',(56.865062645870019,0.259670479288703,4.5));
#1062=VERTEX_POINT('',#1061);
#1063=CARTESIAN_POINT('',(56.865062645870019,0.259670479288703,4.5));
#1064=DIRECTION('',(0.581048170240844,-0.813869168761028,0.0));
#1065=VECTOR('',#1064,0.288831664107552);
#1066=LINE('',#1063,#1065);
#1067=EDGE_CURVE('',#1062,#1053,#1066,.T.);
#1068=ORIENTED_EDGE('',*,*,#1067,.F.);
#1069=CARTESIAN_POINT('',(56.945178532538549,0.819737485780383,4.5));
#1070=VERTEX_POINT('',#1069);
#1071=CARTESIAN_POINT('',(0.709624449680319,8.578299271691854,4.5));
#1072=DIRECTION('',(0.0,0.0,-1.0));
#1073=DIRECTION('',(0.84370002032258,-0.536814936181622,0.0));
#1074=AXIS2_PLACEMENT_3D('',#1071,#1072,#1073);
#1075=CIRCLE('',#1074,56.768237809464182);
#1076=EDGE_CURVE('',#1070,#1062,#1075,.T.);
#1077=ORIENTED_EDGE('',*,*,#1076,.F.);
#1078=CARTESIAN_POINT('',(57.084462124932394,0.819737485780383,4.5));
#1079=VERTEX_POINT('',#1078);
#1080=CARTESIAN_POINT('',(57.084462124932394,0.819737485780383,4.5));
#1081=DIRECTION('',(-1.0,0.0,0.0));
#1082=VECTOR('',#1081,0.139283592393852);
#1083=LINE('',#1080,#1082);
#1084=EDGE_CURVE('',#1079,#1070,#1083,.T.);
#1085=ORIENTED_EDGE('',*,*,#1084,.F.);
#1086=CARTESIAN_POINT('',(57.165849041808492,0.97784230280447,4.5));
#1087=VERTEX_POINT('',#1086);
#1088=CARTESIAN_POINT('',(57.084462124932394,0.919737485780383,4.5));
#1089=DIRECTION('',(0.0,0.0,-1.0));
#1090=DIRECTION('',(0.889114213765803,-0.457685388536293,0.0));
#1091=AXIS2_PLACEMENT_3D('',#1088,#1089,#1090);
#1092=CIRCLE('',#1091,0.1);
#1093=EDGE_CURVE('',#1087,#1079,#1092,.T.);
#1094=ORIENTED_EDGE('',*,*,#1093,.F.);
#1095=CARTESIAN_POINT('',(56.998023931871188,1.212913489183549,4.5));
#1096=VERTEX_POINT('',#1095);
#1097=CARTESIAN_POINT('',(56.998023931871188,1.212913489183549,4.5));
#1098=DIRECTION('',(0.581048170240844,-0.813869168761028,0.0));
#1099=VECTOR('',#1098,0.288831664107552);
#1100=LINE('',#1097,#1099);
#1101=EDGE_CURVE('',#1096,#1087,#1100,.T.);
#1102=ORIENTED_EDGE('',*,*,#1101,.F.);
#1103=CARTESIAN_POINT('',(57.068734380528653,1.775097687552796,4.5));
#1104=VERTEX_POINT('',#1103);
#1105=CARTESIAN_POINT('',(0.709624449680319,8.578299271691854,4.5));
#1106=DIRECTION('',(0.0,0.0,-1.0));
#1107=DIRECTION('',(0.84370002032258,-0.536814936181622,0.0));
#1108=AXIS2_PLACEMENT_3D('',#1105,#1106,#1107);
#1109=CIRCLE('',#1108,56.768237809464182);
#1110=EDGE_CURVE('',#1104,#1096,#1109,.T.);
#1111=ORIENTED_EDGE('',*,*,#1110,.F.);
#1112=CARTESIAN_POINT('',(57.201243220824878,1.775097687552796,4.5));
#1113=VERTEX_POINT('',#1112);
#1114=CARTESIAN_POINT('',(57.201243220824878,1.775097687552796,4.5));
#1115=DIRECTION('',(-1.0,0.0,0.0));
#1116=VECTOR('',#1115,0.132508840296232);
#1117=LINE('',#1114,#1116);
#1118=EDGE_CURVE('',#1113,#1104,#1117,.T.);
#1119=ORIENTED_EDGE('',*,*,#1118,.F.);
#1120=CARTESIAN_POINT('',(57.282630137700977,1.933202504576883,4.5));
#1121=VERTEX_POINT('',#1120);
#1122=CARTESIAN_POINT('',(57.201243220824878,1.875097687552796,4.5));
#1123=DIRECTION('',(0.0,0.0,-1.0));
#1124=DIRECTION('',(0.889114213765843,-0.457685388536216,0.0));
#1125=AXIS2_PLACEMENT_3D('',#1122,#1123,#1124);
#1126=CIRCLE('',#1125,0.1);
#1127=EDGE_CURVE('',#1121,#1113,#1126,.T.);
#1128=ORIENTED_EDGE('',*,*,#1127,.F.);
#1129=CARTESIAN_POINT('',(57.114805027763673,2.168273690955962,4.5));
#1130=VERTEX_POINT('',#1129);
#1131=CARTESIAN_POINT('',(57.114805027763673,2.168273690955962,4.5));
#1132=DIRECTION('',(0.581048170240844,-0.813869168761028,0.0));
#1133=VECTOR('',#1132,0.288831664107552);
#1134=LINE('',#1131,#1133);
#1135=EDGE_CURVE('',#1130,#1121,#1134,.T.);
#1136=ORIENTED_EDGE('',*,*,#1135,.F.);
#1137=CARTESIAN_POINT('',(57.176049180681623,2.732300461390711,4.5));
#1138=VERTEX_POINT('',#1137);
#1139=CARTESIAN_POINT('',(0.709624449680319,8.578299271691854,4.5));
#1140=DIRECTION('',(0.0,0.0,-1.0));
#1141=DIRECTION('',(0.84370002032258,-0.536814936181622,0.0));
#1142=AXIS2_PLACEMENT_3D('',#1139,#1140,#1141);
#1143=CIRCLE('',#1142,56.768237809464182);
#1144=EDGE_CURVE('',#1138,#1130,#1143,.T.);
#1145=ORIENTED_EDGE('',*,*,#1144,.F.);
#1146=CARTESIAN_POINT('',(57.301810557696626,2.732300461390711,4.5));
#1147=VERTEX_POINT('',#1146);
#1148=CARTESIAN_POINT('',(57.301810557696626,2.732300461390711,4.5));
#1149=DIRECTION('',(-1.0,0.0,0.0));
#1150=VECTOR('',#1149,0.125761377015003);
#1151=LINE('',#1148,#1150);
#1152=EDGE_CURVE('',#1147,#1138,#1151,.T.);
#1153=ORIENTED_EDGE('',*,*,#1152,.F.);
#1154=CARTESIAN_POINT('',(57.383197474572725,2.890405278414798,4.5));
#1155=VERTEX_POINT('',#1154);
#1156=CARTESIAN_POINT('',(57.301810557696626,2.832300461390711,4.5));
#1157=DIRECTION('',(0.0,0.0,-1.0));
#1158=DIRECTION('',(0.889114213765802,-0.457685388536295,0.0));
#1159=AXIS2_PLACEMENT_3D('',#1156,#1157,#1158);
#1160=CIRCLE('',#1159,0.1);
#1161=EDGE_CURVE('',#1155,#1147,#1160,.T.);
#1162=ORIENTED_EDGE('',*,*,#1161,.F.);
#1163=CARTESIAN_POINT('',(57.215372364635414,3.125476464793877,4.5));
#1164=VERTEX_POINT('',#1163);
#1165=CARTESIAN_POINT('',(57.215372364635421,3.125476464793877,4.5));
#1166=DIRECTION('',(0.581048170240844,-0.813869168761029,0.0));
#1167=VECTOR('',#1166,0.288831664107553);
#1168=LINE('',#1165,#1167);
#1169=EDGE_CURVE('',#1164,#1155,#1168,.T.);
#1170=ORIENTED_EDGE('',*,*,#1169,.F.);
#1171=CARTESIAN_POINT('',(57.26709805368553,3.691070657831794,4.5));
#1172=VERTEX_POINT('',#1171);
#1173=CARTESIAN_POINT('',(0.709624449680319,8.578299271691854,4.5));
#1174=DIRECTION('',(0.0,0.0,-1.0));
#1175=DIRECTION('',(0.84370002032258,-0.536814936181622,0.0));
#1176=AXIS2_PLACEMENT_3D('',#1173,#1174,#1175);
#1177=CIRCLE('',#1176,56.768237809464182);
#1178=EDGE_CURVE('',#1172,#1164,#1177,.T.);
#1179=ORIENTED_EDGE('',*,*,#1178,.F.);
#1180=CARTESIAN_POINT('',(57.386135227306447,3.691070657831794,4.5));
#1181=VERTEX_POINT('',#1180);
#1182=CARTESIAN_POINT('',(57.386135227306447,3.691070657831794,4.5));
#1183=DIRECTION('',(-1.0,0.0,0.0));
#1184=VECTOR('',#1183,0.119037173620917);
#1185=LINE('',#1182,#1184);
#1186=EDGE_CURVE('',#1181,#1172,#1185,.T.);
#1187=ORIENTED_EDGE('',*,*,#1186,.F.);
#1188=CARTESIAN_POINT('',(57.467522144182546,3.849175474855881,4.5));
#1189=VERTEX_POINT('',#1188);
#1190=CARTESIAN_POINT('',(57.386135227306447,3.791070657831794,4.5));
#1191=DIRECTION('',(0.0,0.0,-1.0));
#1192=DIRECTION('',(0.889114213765843,-0.457685388536216,0.0));
#1193=AXIS2_PLACEMENT_3D('',#1190,#1191,#1192);
#1194=CIRCLE('',#1193,0.1);
#1195=EDGE_CURVE('',#1189,#1181,#1194,.T.);
#1196=ORIENTED_EDGE('',*,*,#1195,.F.);
#1197=CARTESIAN_POINT('',(57.299697034245234,4.08424666123496,4.5));
#1198=VERTEX_POINT('',#1197);
#1199=CARTESIAN_POINT('',(57.299697034245234,4.08424666123496,4.5));
#1200=DIRECTION('',(0.581048170240844,-0.813869168761029,0.0));
#1201=VECTOR('',#1200,0.288831664107553);
#1202=LINE('',#1199,#1201);
#1203=EDGE_CURVE('',#1198,#1189,#1202,.T.);
#1204=ORIENTED_EDGE('',*,*,#1203,.F.);
#1205=CARTESIAN_POINT('',(0.709624449680319,8.578299271691854,4.5));
#1206=DIRECTION('',(0.0,0.0,-1.0));
#1207=DIRECTION('',(0.84370002032258,-0.536814936181622,0.0));
#1208=AXIS2_PLACEMENT_3D('',#1205,#1206,#1207);
#1209=CIRCLE('',#1208,56.768237809464182);
#1210=EDGE_CURVE('',#156,#1198,#1209,.T.);
#1211=ORIENTED_EDGE('',*,*,#1210,.F.);
#1212=ORIENTED_EDGE('',*,*,#161,.F.);
#1213=EDGE_LOOP('',(#185,#193,#201,#210,#218,#227,#235,#244,#252,#261,#269,#278,#286,#295,#303,#312,#320,#329,#337,#346,#354,#363,#371,#380,#388,#397,#405,#414,#422,#431,#439,#448,#456,#465,#473,#482,#490,#499,#507,#516,#524,#533,#541,#550,#558,#567,#575,#584,#592,#601,#609,#618,#626,#635,#643,#652,#660,#669,#677,#686,#694,#703,#711,#720,#728,#737,#745,#754,#762,#771,#779,#788,#796,#805,#813,#822,#830,#839,#847,#856,#864,#873,#881,#890,#898,#907,#915,#924,#932,#941,#949,#958,#966,#975,#983,#992,#1000,#1009,#1017,#1026,#1034,#1043,#1051,#1060,#1068,#1077,#1085,#1094,#1102,#1111,#1119,#1128,#1136,#1145,#1153,#1162,#1170,#1179,#1187,#1196,#1204,#1211,#1212));
#1214=FACE_OUTER_BOUND('',#1213,.T.);
#1215=ADVANCED_FACE('',(#1214),#184,.T.);
#1216=CARTESIAN_POINT('',(57.386135227306447,3.791070657831794,0.0));
#1217=DIRECTION('',(0.0,0.0,1.0));
#1218=DIRECTION('',(0.889114213765843,-0.457685388536216,0.0));
#1219=AXIS2_PLACEMENT_3D('',#1216,#1217,#1218);
#1220=CYLINDRICAL_SURFACE('',#1219,0.1);
#1221=ORIENTED_EDGE('',*,*,#1195,.T.);
#1222=CARTESIAN_POINT('',(57.386135227306447,3.691070657831794,-4.5));
#1223=VERTEX_POINT('',#1222);
#1224=CARTESIAN_POINT('',(57.386135227306447,3.691070657831794,4.5));
#1225=DIRECTION('',(0.0,0.0,-1.0));
#1226=VECTOR('',#1225,9.0);
#1227=LINE('',#1224,#1226);
#1228=EDGE_CURVE('',#1181,#1223,#1227,.T.);
#1229=ORIENTED_EDGE('',*,*,#1228,.T.);
#1230=CARTESIAN_POINT('',(57.467522144182546,3.849175474855881,-4.5));
#1231=VERTEX_POINT('',#1230);
#1232=CARTESIAN_POINT('',(57.386135227306447,3.791070657831794,-4.5));
#1233=DIRECTION('',(0.0,0.0,1.0));
#1234=DIRECTION('',(0.889114213765843,-0.457685388536216,0.0));
#1235=AXIS2_PLACEMENT_3D('',#1232,#1233,#1234);
#1236=CIRCLE('',#1235,0.1);
#1237=EDGE_CURVE('',#1223,#1231,#1236,.T.);
#1238=ORIENTED_EDGE('',*,*,#1237,.T.);
#1239=CARTESIAN_POINT('',(57.467522144182546,3.849175474855879,-4.5));
#1240=DIRECTION('',(0.0,0.0,1.0));
#1241=VECTOR('',#1240,9.0);
#1242=LINE('',#1239,#1241);
#1243=EDGE_CURVE('',#1231,#1189,#1242,.T.);
#1244=ORIENTED_EDGE('',*,*,#1243,.T.);
#1245=EDGE_LOOP('',(#1221,#1229,#1238,#1244));
#1246=FACE_OUTER_BOUND('',#1245,.T.);
#1247=ADVANCED_FACE('',(#1246),#1220,.T.);
#1248=CARTESIAN_POINT('',(57.580398412462813,3.691070657831794,0.0));
#1249=DIRECTION('',(0.0,-1.0,0.0));
#1250=DIRECTION('',(0.0,0.0,-1.0));
#1251=AXIS2_PLACEMENT_3D('',#1248,#1249,#1250);
#1252=PLANE('',#1251);
#1253=ORIENTED_EDGE('',*,*,#1228,.F.);
#1254=ORIENTED_EDGE('',*,*,#1186,.T.);
#1255=CARTESIAN_POINT('',(57.26709805368553,3.691070657831794,-4.5));
#1256=VERTEX_POINT('',#1255);
#1257=CARTESIAN_POINT('',(57.26709805368553,3.691070657831794,-4.5));
#1258=DIRECTION('',(0.0,0.0,1.0));
#1259=VECTOR('',#1258,9.0);
#1260=LINE('',#1257,#1259);
#1261=EDGE_CURVE('',#1256,#1172,#1260,.T.);
#1262=ORIENTED_EDGE('',*,*,#1261,.F.);
#1263=CARTESIAN_POINT('',(57.26709805368553,3.691070657831794,-4.5));
#1264=DIRECTION('',(1.0,0.0,0.0));
#1265=VECTOR('',#1264,0.119037173620917);
#1266=LINE('',#1263,#1265);
#1267=EDGE_CURVE('',#1256,#1223,#1266,.T.);
#1268=ORIENTED_EDGE('',*,*,#1267,.T.);
#1269=EDGE_LOOP('',(#1253,#1254,#1262,#1268));
#1270=FACE_OUTER_BOUND('',#1269,.T.);
#1271=ADVANCED_FACE('',(#1270),#1252,.T.);
#1272=CARTESIAN_POINT('',(57.301810557696626,2.832300461390711,0.0));
#1273=DIRECTION('',(0.0,0.0,1.0));
#1274=DIRECTION('',(0.889114213765802,-0.457685388536295,0.0));
#1275=AXIS2_PLACEMENT_3D('',#1272,#1273,#1274);
#1276=CYLINDRICAL_SURFACE('',#1275,0.1);
#1277=ORIENTED_EDGE('',*,*,#1161,.T.);
#1278=CARTESIAN_POINT('',(57.301810557696626,2.732300461390711,-4.5));
#1279=VERTEX_POINT('',#1278);
#1280=CARTESIAN_POINT('',(57.301810557696626,2.732300461390711,4.5));
#1281=DIRECTION('',(0.0,0.0,-1.0));
#1282=VECTOR('',#1281,9.0);
#1283=LINE('',#1280,#1282);
#1284=EDGE_CURVE('',#1147,#1279,#1283,.T.);
#1285=ORIENTED_EDGE('',*,*,#1284,.T.);
#1286=CARTESIAN_POINT('',(57.383197474572725,2.890405278414798,-4.5));
#1287=VERTEX_POINT('',#1286);
#1288=CARTESIAN_POINT('',(57.301810557696626,2.832300461390711,-4.5));
#1289=DIRECTION('',(0.0,0.0,1.0));
#1290=DIRECTION('',(0.889114213765802,-0.457685388536295,0.0));
#1291=AXIS2_PLACEMENT_3D('',#1288,#1289,#1290);
#1292=CIRCLE('',#1291,0.1);
#1293=EDGE_CURVE('',#1279,#1287,#1292,.T.);
#1294=ORIENTED_EDGE('',*,*,#1293,.T.);
#1295=CARTESIAN_POINT('',(57.383197474572725,2.890405278414796,-4.5));
#1296=DIRECTION('',(0.0,0.0,1.0));
#1297=VECTOR('',#1296,9.0);
#1298=LINE('',#1295,#1297);
#1299=EDGE_CURVE('',#1287,#1155,#1298,.T.);
#1300=ORIENTED_EDGE('',*,*,#1299,.T.);
#1301=EDGE_LOOP('',(#1277,#1285,#1294,#1300));
#1302=FACE_OUTER_BOUND('',#1301,.T.);
#1303=ADVANCED_FACE('',(#1302),#1276,.T.);
#1304=CARTESIAN_POINT('',(57.496073742853,2.732300461390711,0.0));
#1305=DIRECTION('',(0.0,-1.0,0.0));
#1306=DIRECTION('',(0.0,0.0,-1.0));
#1307=AXIS2_PLACEMENT_3D('',#1304,#1305,#1306);
#1308=PLANE('',#1307);
#1309=ORIENTED_EDGE('',*,*,#1284,.F.);
#1310=ORIENTED_EDGE('',*,*,#1152,.T.);
#1311=CARTESIAN_POINT('',(57.176049180681623,2.732300461390711,-4.5));
#1312=VERTEX_POINT('',#1311);
#1313=CARTESIAN_POINT('',(57.176049180681623,2.732300461390711,-4.5));
#1314=DIRECTION('',(0.0,0.0,1.0));
#1315=VECTOR('',#1314,9.0);
#1316=LINE('',#1313,#1315);
#1317=EDGE_CURVE('',#1312,#1138,#1316,.T.);
#1318=ORIENTED_EDGE('',*,*,#1317,.F.);
#1319=CARTESIAN_POINT('',(57.176049180681623,2.732300461390711,-4.5));
#1320=DIRECTION('',(1.0,0.0,0.0));
#1321=VECTOR('',#1320,0.125761377015003);
#1322=LINE('',#1319,#1321);
#1323=EDGE_CURVE('',#1312,#1279,#1322,.T.);
#1324=ORIENTED_EDGE('',*,*,#1323,.T.);
#1325=EDGE_LOOP('',(#1309,#1310,#1318,#1324));
#1326=FACE_OUTER_BOUND('',#1325,.T.);
#1327=ADVANCED_FACE('',(#1326),#1308,.T.);
#1328=CARTESIAN_POINT('',(57.201243220824878,1.875097687552796,0.0));
#1329=DIRECTION('',(0.0,0.0,1.0));
#1330=DIRECTION('',(0.889114213765843,-0.457685388536216,0.0));
#1331=AXIS2_PLACEMENT_3D('',#1328,#1329,#1330);
#1332=CYLINDRICAL_SURFACE('',#1331,0.1);
#1333=ORIENTED_EDGE('',*,*,#1127,.T.);
#1334=CARTESIAN_POINT('',(57.201243220824878,1.775097687552796,-4.5));
#1335=VERTEX_POINT('',#1334);
#1336=CARTESIAN_POINT('',(57.201243220824878,1.775097687552796,4.5));
#1337=DIRECTION('',(0.0,0.0,-1.0));
#1338=VECTOR('',#1337,9.0);
#1339=LINE('',#1336,#1338);
#1340=EDGE_CURVE('',#1113,#1335,#1339,.T.);
#1341=ORIENTED_EDGE('',*,*,#1340,.T.);
#1342=CARTESIAN_POINT('',(57.282630137700977,1.933202504576883,-4.5));
#1343=VERTEX_POINT('',#1342);
#1344=CARTESIAN_POINT('',(57.201243220824878,1.875097687552796,-4.5));
#1345=DIRECTION('',(0.0,0.0,1.0));
#1346=DIRECTION('',(0.889114213765843,-0.457685388536216,0.0));
#1347=AXIS2_PLACEMENT_3D('',#1344,#1345,#1346);
#1348=CIRCLE('',#1347,0.1);
#1349=EDGE_CURVE('',#1335,#1343,#1348,.T.);
#1350=ORIENTED_EDGE('',*,*,#1349,.T.);
#1351=CARTESIAN_POINT('',(57.282630137700977,1.933202504576881,-4.5));
#1352=DIRECTION('',(0.0,0.0,1.0));
#1353=VECTOR('',#1352,9.0);
#1354=LINE('',#1351,#1353);
#1355=EDGE_CURVE('',#1343,#1121,#1354,.T.);
#1356=ORIENTED_EDGE('',*,*,#1355,.T.);
#1357=EDGE_LOOP('',(#1333,#1341,#1350,#1356));
#1358=FACE_OUTER_BOUND('',#1357,.T.);
#1359=ADVANCED_FACE('',(#1358),#1332,.T.);
#1360=CARTESIAN_POINT('',(57.395506405981251,1.775097687552796,0.0));
#1361=DIRECTION('',(0.0,-1.0,0.0));
#1362=DIRECTION('',(0.0,0.0,-1.0));
#1363=AXIS2_PLACEMENT_3D('',#1360,#1361,#1362);
#1364=PLANE('',#1363);
#1365=ORIENTED_EDGE('',*,*,#1340,.F.);
#1366=ORIENTED_EDGE('',*,*,#1118,.T.);
#1367=CARTESIAN_POINT('',(57.068734380528653,1.775097687552796,-4.5));
#1368=VERTEX_POINT('',#1367);
#1369=CARTESIAN_POINT('',(57.068734380528653,1.775097687552796,-4.5));
#1370=DIRECTION('',(0.0,0.0,1.0));
#1371=VECTOR('',#1370,9.0);
#1372=LINE('',#1369,#1371);
#1373=EDGE_CURVE('',#1368,#1104,#1372,.T.);
#1374=ORIENTED_EDGE('',*,*,#1373,.F.);
#1375=CARTESIAN_POINT('',(57.068734380528646,1.775097687552796,-4.5));
#1376=DIRECTION('',(1.0,0.0,0.0));
#1377=VECTOR('',#1376,0.132508840296232);
#1378=LINE('',#1375,#1377);
#1379=EDGE_CURVE('',#1368,#1335,#1378,.T.);
#1380=ORIENTED_EDGE('',*,*,#1379,.T.);
#1381=EDGE_LOOP('',(#1365,#1366,#1374,#1380));
#1382=FACE_OUTER_BOUND('',#1381,.T.);
#1383=ADVANCED_FACE('',(#1382),#1364,.T.);
#1384=CARTESIAN_POINT('',(57.084462124932394,0.919737485780383,0.0));
#1385=DIRECTION('',(0.0,0.0,1.0));
#1386=DIRECTION('',(0.889114213765803,-0.457685388536293,0.0));
#1387=AXIS2_PLACEMENT_3D('',#1384,#1385,#1386);
#1388=CYLINDRICAL_SURFACE('',#1387,0.1);
#1389=ORIENTED_EDGE('',*,*,#1093,.T.);
#1390=CARTESIAN_POINT('',(57.084462124932394,0.819737485780383,-4.5));
#1391=VERTEX_POINT('',#1390);
#1392=CARTESIAN_POINT('',(57.084462124932394,0.819737485780383,4.5));
#1393=DIRECTION('',(0.0,0.0,-1.0));
#1394=VECTOR('',#1393,9.0);
#1395=LINE('',#1392,#1394);
#1396=EDGE_CURVE('',#1079,#1391,#1395,.T.);
#1397=ORIENTED_EDGE('',*,*,#1396,.T.);
#1398=CARTESIAN_POINT('',(57.165849041808492,0.97784230280447,-4.5));
#1399=VERTEX_POINT('',#1398);
#1400=CARTESIAN_POINT('',(57.084462124932394,0.919737485780383,-4.5));
#1401=DIRECTION('',(0.0,0.0,1.0));
#1402=DIRECTION('',(0.889114213765803,-0.457685388536293,0.0));
#1403=AXIS2_PLACEMENT_3D('',#1400,#1401,#1402);
#1404=CIRCLE('',#1403,0.1);
#1405=EDGE_CURVE('',#1391,#1399,#1404,.T.);
#1406=ORIENTED_EDGE('',*,*,#1405,.T.);
#1407=CARTESIAN_POINT('',(57.165849041808492,0.977842302804468,-4.5));
#1408=DIRECTION('',(0.0,0.0,1.0));
#1409=VECTOR('',#1408,9.0);
#1410=LINE('',#1407,#1409);
#1411=EDGE_CURVE('',#1399,#1087,#1410,.T.);
#1412=ORIENTED_EDGE('',*,*,#1411,.T.);
#1413=EDGE_LOOP('',(#1389,#1397,#1406,#1412));
#1414=FACE_OUTER_BOUND('',#1413,.T.);
#1415=ADVANCED_FACE('',(#1414),#1388,.T.);
#1416=CARTESIAN_POINT('',(57.278725310088767,0.819737485780383,0.0));
#1417=DIRECTION('',(0.0,-1.0,0.0));
#1418=DIRECTION('',(0.0,0.0,-1.0));
#1419=AXIS2_PLACEMENT_3D('',#1416,#1417,#1418);
#1420=PLANE('',#1419);
#1421=ORIENTED_EDGE('',*,*,#1396,.F.);
#1422=ORIENTED_EDGE('',*,*,#1084,.T.);
#1423=CARTESIAN_POINT('',(56.945178532538549,0.819737485780383,-4.5));
#1424=VERTEX_POINT('',#1423);
#1425=CARTESIAN_POINT('',(56.945178532538549,0.819737485780383,-4.5));
#1426=DIRECTION('',(0.0,0.0,1.0));
#1427=VECTOR('',#1426,9.0);
#1428=LINE('',#1425,#1427);
#1429=EDGE_CURVE('',#1424,#1070,#1428,.T.);
#1430=ORIENTED_EDGE('',*,*,#1429,.F.);
#1431=CARTESIAN_POINT('',(56.945178532538542,0.819737485780383,-4.5));
#1432=DIRECTION('',(1.0,0.0,0.0));
#1433=VECTOR('',#1432,0.139283592393852);
#1434=LINE('',#1431,#1433);
#1435=EDGE_CURVE('',#1424,#1391,#1434,.T.);
#1436=ORIENTED_EDGE('',*,*,#1435,.T.);
#1437=EDGE_LOOP('',(#1421,#1422,#1430,#1436));
#1438=FACE_OUTER_BOUND('',#1437,.T.);
#1439=ADVANCED_FACE('',(#1438),#1420,.T.);
#1440=CARTESIAN_POINT('',(56.951500838931224,-0.033505524114463,0.0));
#1441=DIRECTION('',(0.0,0.0,1.0));
#1442=DIRECTION('',(0.889114213765844,-0.457685388536213,0.0));
#1443=AXIS2_PLACEMENT_3D('',#1440,#1441,#1442);
#1444=CYLINDRICAL_SURFACE('',#1443,0.1);
#1445=ORIENTED_EDGE('',*,*,#1059,.T.);
#1446=CARTESIAN_POINT('',(56.951500838931224,-0.133505524114463,-4.5));
#1447=VERTEX_POINT('',#1446);
#1448=CARTESIAN_POINT('',(56.951500838931224,-0.133505524114463,4.5));
#1449=DIRECTION('',(0.0,0.0,-1.0));
#1450=VECTOR('',#1449,9.0);
#1451=LINE('',#1448,#1450);
#1452=EDGE_CURVE('',#1045,#1447,#1451,.T.);
#1453=ORIENTED_EDGE('',*,*,#1452,.T.);
#1454=CARTESIAN_POINT('',(57.032887755807323,0.024599292909624,-4.5));
#1455=VERTEX_POINT('',#1454);
#1456=CARTESIAN_POINT('',(56.951500838931224,-0.033505524114463,-4.5));
#1457=DIRECTION('',(0.0,0.0,1.0));
#1458=DIRECTION('',(0.889114213765844,-0.457685388536213,0.0));
#1459=AXIS2_PLACEMENT_3D('',#1456,#1457,#1458);
#1460=CIRCLE('',#1459,0.1);
#1461=EDGE_CURVE('',#1447,#1455,#1460,.T.);
#1462=ORIENTED_EDGE('',*,*,#1461,.T.);
#1463=CARTESIAN_POINT('',(57.032887755807323,0.024599292909622,-4.5));
#1464=DIRECTION('',(0.0,0.0,1.0));
#1465=VECTOR('',#1464,9.0);
#1466=LINE('',#1463,#1465);
#1467=EDGE_CURVE('',#1455,#1053,#1466,.T.);
#1468=ORIENTED_EDGE('',*,*,#1467,.T.);
#1469=EDGE_LOOP('',(#1445,#1453,#1462,#1468));
#1470=FACE_OUTER_BOUND('',#1469,.T.);
#1471=ADVANCED_FACE('',(#1470),#1444,.T.);
#1472=CARTESIAN_POINT('',(57.145764024087597,-0.133505524114463,0.0));
#1473=DIRECTION('',(0.0,-1.0,0.0));
#1474=DIRECTION('',(0.0,0.0,-1.0));
#1475=AXIS2_PLACEMENT_3D('',#1472,#1473,#1474);
#1476=PLANE('',#1475);
#1477=ORIENTED_EDGE('',*,*,#1452,.F.);
#1478=ORIENTED_EDGE('',*,*,#1050,.T.);
#1479=CARTESIAN_POINT('',(56.805411111350772,-0.133505524114463,-4.5));
#1480=VERTEX_POINT('',#1479);
#1481=CARTESIAN_POINT('',(56.805411111350772,-0.133505524114463,-4.5));
#1482=DIRECTION('',(0.0,0.0,1.0));
#1483=VECTOR('',#1482,9.0);
#1484=LINE('',#1481,#1483);
#1485=EDGE_CURVE('',#1480,#1036,#1484,.T.);
#1486=ORIENTED_EDGE('',*,*,#1485,.F.);
#1487=CARTESIAN_POINT('',(56.805411111350764,-0.133505524114463,-4.5));
#1488=DIRECTION('',(1.0,0.0,0.0));
#1489=VECTOR('',#1488,0.14608972758046);
#1490=LINE('',#1487,#1489);
#1491=EDGE_CURVE('',#1480,#1447,#1490,.T.);
#1492=ORIENTED_EDGE('',*,*,#1491,.T.);
#1493=EDGE_LOOP('',(#1477,#1478,#1486,#1492));
#1494=FACE_OUTER_BOUND('',#1493,.T.);
#1495=ADVANCED_FACE('',(#1494),#1476,.T.);
#1496=CARTESIAN_POINT('',(56.802397582754892,-0.984357330909875,0.0));
#1497=DIRECTION('',(0.0,0.0,1.0));
#1498=DIRECTION('',(0.889114213765803,-0.457685388536293,0.0));
#1499=AXIS2_PLACEMENT_3D('',#1496,#1497,#1498);
#1500=CYLINDRICAL_SURFACE('',#1499,0.1);
#1501=ORIENTED_EDGE('',*,*,#1025,.T.);
#1502=CARTESIAN_POINT('',(56.802397582754892,-1.084357330909875,-4.5));
#1503=VERTEX_POINT('',#1502);
#1504=CARTESIAN_POINT('',(56.802397582754892,-1.084357330909875,4.5));
#1505=DIRECTION('',(0.0,0.0,-1.0));
#1506=VECTOR('',#1505,9.0);
#1507=LINE('',#1504,#1506);
#1508=EDGE_CURVE('',#1011,#1503,#1507,.T.);
#1509=ORIENTED_EDGE('',*,*,#1508,.T.);
#1510=CARTESIAN_POINT('',(56.883784499630991,-0.926252513885788,-4.5));
#1511=VERTEX_POINT('',#1510);
#1512=CARTESIAN_POINT('',(56.802397582754892,-0.984357330909875,-4.5));
#1513=DIRECTION('',(0.0,0.0,1.0));
#1514=DIRECTION('',(0.889114213765803,-0.457685388536293,0.0));
#1515=AXIS2_PLACEMENT_3D('',#1512,#1513,#1514);
#1516=CIRCLE('',#1515,0.1);
#1517=EDGE_CURVE('',#1503,#1511,#1516,.T.);
#1518=ORIENTED_EDGE('',*,*,#1517,.T.);
#1519=CARTESIAN_POINT('',(56.883784499630991,-0.92625251388579,-4.5));
#1520=DIRECTION('',(0.0,0.0,1.0));
#1521=VECTOR('',#1520,9.0);
#1522=LINE('',#1519,#1521);
#1523=EDGE_CURVE('',#1511,#1019,#1522,.T.);
#1524=ORIENTED_EDGE('',*,*,#1523,.T.);
#1525=EDGE_LOOP('',(#1501,#1509,#1518,#1524));
#1526=FACE_OUTER_BOUND('',#1525,.T.);
#1527=ADVANCED_FACE('',(#1526),#1500,.T.);
#1528=CARTESIAN_POINT('',(56.996660767911258,-1.084357330909875,0.0));
#1529=DIRECTION('',(0.0,-1.0,0.0));
#1530=DIRECTION('',(0.0,0.0,-1.0));
#1531=AXIS2_PLACEMENT_3D('',#1528,#1529,#1530);
#1532=PLANE('',#1531);
#1533=ORIENTED_EDGE('',*,*,#1508,.F.);
#1534=ORIENTED_EDGE('',*,*,#1016,.T.);
#1535=CARTESIAN_POINT('',(56.649466167118845,-1.084357330909875,-4.5));
#1536=VERTEX_POINT('',#1535);
#1537=CARTESIAN_POINT('',(56.649466167118845,-1.084357330909875,-4.5));
#1538=DIRECTION('',(0.0,0.0,1.0));
#1539=VECTOR('',#1538,9.0);
#1540=LINE('',#1537,#1539);
#1541=EDGE_CURVE('',#1536,#1002,#1540,.T.);
#1542=ORIENTED_EDGE('',*,*,#1541,.F.);
#1543=CARTESIAN_POINT('',(56.649466167118845,-1.084357330909875,-4.5));
#1544=DIRECTION('',(1.0,0.0,0.0));
#1545=VECTOR('',#1544,0.152931415636047);
#1546=LINE('',#1543,#1545);
#1547=EDGE_CURVE('',#1536,#1503,#1546,.T.);
#1548=ORIENTED_EDGE('',*,*,#1547,.T.);
#1549=EDGE_LOOP('',(#1533,#1534,#1542,#1548));
#1550=FACE_OUTER_BOUND('',#1549,.T.);
#1551=ADVANCED_FACE('',(#1550),#1532,.T.);
#1552=CARTESIAN_POINT('',(56.637195216371907,-1.932544610739091,0.0));
#1553=DIRECTION('',(0.0,0.0,1.0));
#1554=DIRECTION('',(0.889114213765802,-0.457685388536295,0.0));
#1555=AXIS2_PLACEMENT_3D('',#1552,#1553,#1554);
#1556=CYLINDRICAL_SURFACE('',#1555,0.1);
#1557=ORIENTED_EDGE('',*,*,#991,.T.);
#1558=CARTESIAN_POINT('',(56.637195216371907,-2.032544610739091,-4.5));
#1559=VERTEX_POINT('',#1558);
#1560=CARTESIAN_POINT('',(56.637195216371907,-2.032544610739091,4.5));
#1561=DIRECTION('',(0.0,0.0,-1.0));
#1562=VECTOR('',#1561,9.0);
#1563=LINE('',#1560,#1562);
#1564=EDGE_CURVE('',#977,#1559,#1563,.T.);
#1565=ORIENTED_EDGE('',*,*,#1564,.T.);
#1566=CARTESIAN_POINT('',(56.718582133248006,-1.874439793715004,-4.5));
#1567=VERTEX_POINT('',#1566);
#1568=CARTESIAN_POINT('',(56.637195216371907,-1.932544610739091,-4.5));
#1569=DIRECTION('',(0.0,0.0,1.0));
#1570=DIRECTION('',(0.889114213765802,-0.457685388536295,0.0));
#1571=AXIS2_PLACEMENT_3D('',#1568,#1569,#1570);
#1572=CIRCLE('',#1571,0.1);
#1573=EDGE_CURVE('',#1559,#1567,#1572,.T.);
#1574=ORIENTED_EDGE('',*,*,#1573,.T.);
#1575=CARTESIAN_POINT('',(56.718582133248006,-1.874439793715006,-4.5));
#1576=DIRECTION('',(0.0,0.0,1.0));
#1577=VECTOR('',#1576,9.0);
#1578=LINE('',#1575,#1577);
#1579=EDGE_CURVE('',#1567,#985,#1578,.T.);
#1580=ORIENTED_EDGE('',*,*,#1579,.T.);
#1581=EDGE_LOOP('',(#1557,#1565,#1574,#1580));
#1582=FACE_OUTER_BOUND('',#1581,.T.);
#1583=ADVANCED_FACE('',(#1582),#1556,.T.);
#1584=CARTESIAN_POINT('',(56.83145840152828,-2.032544610739091,0.0));
#1585=DIRECTION('',(0.0,-1.0,0.0));
#1586=DIRECTION('',(0.0,0.0,-1.0));
#1587=AXIS2_PLACEMENT_3D('',#1584,#1585,#1586);
#1588=PLANE('',#1587);
#1589=ORIENTED_EDGE('',*,*,#1564,.F.);
#1590=ORIENTED_EDGE('',*,*,#982,.T.);
#1591=CARTESIAN_POINT('',(56.477382303968817,-2.032544610739091,-4.5));
#1592=VERTEX_POINT('',#1591);
#1593=CARTESIAN_POINT('',(56.477382303968817,-2.032544610739091,-4.5));
#1594=DIRECTION('',(0.0,0.0,1.0));
#1595=VECTOR('',#1594,9.0);
#1596=LINE('',#1593,#1595);
#1597=EDGE_CURVE('',#1592,#968,#1596,.T.);
#1598=ORIENTED_EDGE('',*,*,#1597,.F.);
#1599=CARTESIAN_POINT('',(56.47738230396881,-2.032544610739091,-4.5));
#1600=DIRECTION('',(1.0,0.0,0.0));
#1601=VECTOR('',#1600,0.159812912403098);
#1602=LINE('',#1599,#1601);
#1603=EDGE_CURVE('',#1592,#1559,#1602,.T.);
#1604=ORIENTED_EDGE('',*,*,#1603,.T.);
#1605=EDGE_LOOP('',(#1589,#1590,#1598,#1604));
#1606=FACE_OUTER_BOUND('',#1605,.T.);
#1607=ADVANCED_FACE('',(#1606),#1588,.T.);
#1608=CARTESIAN_POINT('',(56.455941227465701,-2.877794805657912,0.0));
#1609=DIRECTION('',(0.0,0.0,1.0));
#1610=DIRECTION('',(0.889114213765843,-0.457685388536216,0.0));
#1611=AXIS2_PLACEMENT_3D('',#1608,#1609,#1610);
#1612=CYLINDRICAL_SURFACE('',#1611,0.1);
#1613=ORIENTED_EDGE('',*,*,#957,.T.);
#1614=CARTESIAN_POINT('',(56.455941227465701,-2.977794805657912,-4.5));
#1615=VERTEX_POINT('',#1614);
#1616=CARTESIAN_POINT('',(56.455941227465701,-2.977794805657912,4.5));
#1617=DIRECTION('',(0.0,0.0,-1.0));
#1618=VECTOR('',#1617,9.0);
#1619=LINE('',#1616,#1618);
#1620=EDGE_CURVE('',#943,#1615,#1619,.T.);
#1621=ORIENTED_EDGE('',*,*,#1620,.T.);
#1622=CARTESIAN_POINT('',(56.537328144341799,-2.819689988633825,-4.5));
#1623=VERTEX_POINT('',#1622);
#1624=CARTESIAN_POINT('',(56.455941227465701,-2.877794805657912,-4.5));
#1625=DIRECTION('',(0.0,0.0,1.0));
#1626=DIRECTION('',(0.889114213765843,-0.457685388536216,0.0));
#1627=AXIS2_PLACEMENT_3D('',#1624,#1625,#1626);
#1628=CIRCLE('',#1627,0.1);
#1629=EDGE_CURVE('',#1615,#1623,#1628,.T.);
#1630=ORIENTED_EDGE('',*,*,#1629,.T.);
#1631=CARTESIAN_POINT('',(56.537328144341799,-2.819689988633827,-4.5));
#1632=DIRECTION('',(0.0,0.0,1.0));
#1633=VECTOR('',#1632,9.0);
#1634=LINE('',#1631,#1633);
#1635=EDGE_CURVE('',#1623,#951,#1634,.T.);
#1636=ORIENTED_EDGE('',*,*,#1635,.T.);
#1637=EDGE_LOOP('',(#1613,#1621,#1630,#1636));
#1638=FACE_OUTER_BOUND('',#1637,.T.);
#1639=ADVANCED_FACE('',(#1638),#1612,.T.);
#1640=CARTESIAN_POINT('',(56.650204412622074,-2.977794805657912,0.0));
#1641=DIRECTION('',(0.0,-1.0,0.0));
#1642=DIRECTION('',(0.0,0.0,-1.0));
#1643=AXIS2_PLACEMENT_3D('',#1640,#1641,#1642);
#1644=PLANE('',#1643);
#1645=ORIENTED_EDGE('',*,*,#1620,.F.);
#1646=ORIENTED_EDGE('',*,*,#948,.T.);
#1647=CARTESIAN_POINT('',(56.289202656673936,-2.977794805657912,-4.5));
#1648=VERTEX_POINT('',#1647);
#1649=CARTESIAN_POINT('',(56.289202656673936,-2.977794805657912,-4.5));
#1650=DIRECTION('',(0.0,0.0,1.0));
#1651=VECTOR('',#1650,9.0);
#1652=LINE('',#1649,#1651);
#1653=EDGE_CURVE('',#1648,#934,#1652,.T.);
#1654=ORIENTED_EDGE('',*,*,#1653,.F.);
#1655=CARTESIAN_POINT('',(56.289202656673936,-2.977794805657912,-4.5));
#1656=DIRECTION('',(1.0,0.0,0.0));
#1657=VECTOR('',#1656,0.166738570791765);
#1658=LINE('',#1655,#1657);
#1659=EDGE_CURVE('',#1648,#1615,#1658,.T.);
#1660=ORIENTED_EDGE('',*,*,#1659,.T.);
#1661=EDGE_LOOP('',(#1645,#1646,#1654,#1660));
#1662=FACE_OUTER_BOUND('',#1661,.T.);
#1663=ADVANCED_FACE('',(#1662),#1644,.T.);
#1664=CARTESIAN_POINT('',(56.258687717784142,-3.81983620199184,0.0));
#1665=DIRECTION('',(0.0,0.0,1.0));
#1666=DIRECTION('',(0.889114213765802,-0.457685388536295,0.0));
#1667=AXIS2_PLACEMENT_3D('',#1664,#1665,#1666);
#1668=CYLINDRICAL_SURFACE('',#1667,0.1);
#1669=ORIENTED_EDGE('',*,*,#923,.T.);
#1670=CARTESIAN_POINT('',(56.258687717784142,-3.91983620199184,-4.5));
#1671=VERTEX_POINT('',#1670);
#1672=CARTESIAN_POINT('',(56.258687717784142,-3.91983620199184,4.5));
#1673=DIRECTION('',(0.0,0.0,-1.0));
#1674=VECTOR('',#1673,9.0);
#1675=LINE('',#1672,#1674);
#1676=EDGE_CURVE('',#909,#1671,#1675,.T.);
#1677=ORIENTED_EDGE('',*,*,#1676,.T.);
#1678=CARTESIAN_POINT('',(56.34007463466024,-3.761731384967753,-4.5));
#1679=VERTEX_POINT('',#1678);
#1680=CARTESIAN_POINT('',(56.258687717784142,-3.81983620199184,-4.5));
#1681=DIRECTION('',(0.0,0.0,1.0));
#1682=DIRECTION('',(0.889114213765802,-0.457685388536295,0.0));
#1683=AXIS2_PLACEMENT_3D('',#1680,#1681,#1682);
#1684=CIRCLE('',#1683,0.1);
#1685=EDGE_CURVE('',#1671,#1679,#1684,.T.);
#1686=ORIENTED_EDGE('',*,*,#1685,.T.);
#1687=CARTESIAN_POINT('',(56.34007463466024,-3.761731384967755,-4.5));
#1688=DIRECTION('',(0.0,0.0,1.0));
#1689=VECTOR('',#1688,9.0);
#1690=LINE('',#1687,#1689);
#1691=EDGE_CURVE('',#1679,#917,#1690,.T.);
#1692=ORIENTED_EDGE('',*,*,#1691,.T.);
#1693=EDGE_LOOP('',(#1669,#1677,#1686,#1692));
#1694=FACE_OUTER_BOUND('',#1693,.T.);
#1695=ADVANCED_FACE('',(#1694),#1668,.T.);
#1696=CARTESIAN_POINT('',(56.452950902940515,-3.91983620199184,0.0));
#1697=DIRECTION('',(0.0,-1.0,0.0));
#1698=DIRECTION('',(0.0,0.0,-1.0));
#1699=AXIS2_PLACEMENT_3D('',#1696,#1697,#1698);
#1700=PLANE('',#1699);
#1701=ORIENTED_EDGE('',*,*,#1676,.F.);
#1702=ORIENTED_EDGE('',*,*,#914,.T.);
#1703=CARTESIAN_POINT('',(56.084974865486515,-3.91983620199184,-4.5));
#1704=VERTEX_POINT('',#1703);
#1705=CARTESIAN_POINT('',(56.084974865486515,-3.91983620199184,-4.5));
#1706=DIRECTION('',(0.0,0.0,1.0));
#1707=VECTOR('',#1706,9.0);
#1708=LINE('',#1705,#1707);
#1709=EDGE_CURVE('',#1704,#900,#1708,.T.);
#1710=ORIENTED_EDGE('',*,*,#1709,.F.);
#1711=CARTESIAN_POINT('',(56.084974865486515,-3.91983620199184,-4.5));
#1712=DIRECTION('',(1.0,0.0,0.0));
#1713=VECTOR('',#1712,0.173712852297626);
#1714=LINE('',#1711,#1713);
#1715=EDGE_CURVE('',#1704,#1671,#1714,.T.);
#1716=ORIENTED_EDGE('',*,*,#1715,.T.);
#1717=EDGE_LOOP('',(#1701,#1702,#1710,#1716));
#1718=FACE_OUTER_BOUND('',#1717,.T.);
#1719=ADVANCED_FACE('',(#1718),#1700,.T.);
#1720=CARTESIAN_POINT('',(56.045491388162851,-4.758398008440659,0.0));
#1721=DIRECTION('',(0.0,0.0,1.0));
#1722=DIRECTION('',(0.889114213765802,-0.457685388536295,0.0));
#1723=AXIS2_PLACEMENT_3D('',#1720,#1721,#1722);
#1724=CYLINDRICAL_SURFACE('',#1723,0.1);
#1725=ORIENTED_EDGE('',*,*,#889,.T.);
#1726=CARTESIAN_POINT('',(56.045491388162851,-4.858398008440659,-4.5));
#1727=VERTEX_POINT('',#1726);
#1728=CARTESIAN_POINT('',(56.045491388162851,-4.858398008440659,4.5));
#1729=DIRECTION('',(0.0,0.0,-1.0));
#1730=VECTOR('',#1729,9.0);
#1731=LINE('',#1728,#1730);
#1732=EDGE_CURVE('',#875,#1727,#1731,.T.);
#1733=ORIENTED_EDGE('',*,*,#1732,.T.);
#1734=CARTESIAN_POINT('',(56.12687830503895,-4.700293191416572,-4.5));
#1735=VERTEX_POINT('',#1734);
#1736=CARTESIAN_POINT('',(56.045491388162851,-4.758398008440659,-4.5));
#1737=DIRECTION('',(0.0,0.0,1.0));
#1738=DIRECTION('',(0.889114213765802,-0.457685388536295,0.0));
#1739=AXIS2_PLACEMENT_3D('',#1736,#1737,#1738);
#1740=CIRCLE('',#1739,0.1);
#1741=EDGE_CURVE('',#1727,#1735,#1740,.T.);
#1742=ORIENTED_EDGE('',*,*,#1741,.T.);
#1743=CARTESIAN_POINT('',(56.12687830503895,-4.700293191416574,-4.5));
#1744=DIRECTION('',(0.0,0.0,1.0));
#1745=VECTOR('',#1744,9.0);
#1746=LINE('',#1743,#1745);
#1747=EDGE_CURVE('',#1735,#883,#1746,.T.);
#1748=ORIENTED_EDGE('',*,*,#1747,.T.);
#1749=EDGE_LOOP('',(#1725,#1733,#1742,#1748));
#1750=FACE_OUTER_BOUND('',#1749,.T.);
#1751=ADVANCED_FACE('',(#1750),#1724,.T.);
#1752=CARTESIAN_POINT('',(56.239754573319225,-4.858398008440659,0.0));
#1753=DIRECTION('',(0.0,-1.0,0.0));
#1754=DIRECTION('',(0.0,0.0,-1.0));
#1755=AXIS2_PLACEMENT_3D('',#1752,#1753,#1754);
#1756=PLANE('',#1755);
#1757=ORIENTED_EDGE('',*,*,#1732,.F.);
#1758=ORIENTED_EDGE('',*,*,#880,.T.);
#1759=CARTESIAN_POINT('',(55.864751049063244,-4.858398008440659,-4.5));
#1760=VERTEX_POINT('',#1759);
#1761=CARTESIAN_POINT('',(55.864751049063244,-4.858398008440659,-4.5));
#1762=DIRECTION('',(0.0,0.0,1.0));
#1763=VECTOR('',#1762,9.0);
#1764=LINE('',#1761,#1763);
#1765=EDGE_CURVE('',#1760,#866,#1764,.T.);
#1766=ORIENTED_EDGE('',*,*,#1765,.F.);
#1767=CARTESIAN_POINT('',(55.864751049063244,-4.858398008440659,-4.5));
#1768=DIRECTION('',(1.0,0.0,0.0));
#1769=VECTOR('',#1768,0.180740339099607);
#1770=LINE('',#1767,#1769);
#1771=EDGE_CURVE('',#1760,#1727,#1770,.T.);
#1772=ORIENTED_EDGE('',*,*,#1771,.T.);
#1773=EDGE_LOOP('',(#1757,#1758,#1766,#1772));
#1774=FACE_OUTER_BOUND('',#1773,.T.);
#1775=ADVANCED_FACE('',(#1774),#1756,.T.);
#1776=CARTESIAN_POINT('',(55.816413522226455,-5.69321043391783,0.0));
#1777=DIRECTION('',(0.0,0.0,1.0));
#1778=DIRECTION('',(0.889114213765802,-0.457685388536295,0.0));
#1779=AXIS2_PLACEMENT_3D('',#1776,#1777,#1778);
#1780=CYLINDRICAL_SURFACE('',#1779,0.1);
#1781=ORIENTED_EDGE('',*,*,#855,.T.);
#1782=CARTESIAN_POINT('',(55.816413522226455,-5.79321043391783,-4.5));
#1783=VERTEX_POINT('',#1782);
#1784=CARTESIAN_POINT('',(55.816413522226455,-5.79321043391783,4.5));
#1785=DIRECTION('',(0.0,0.0,-1.0));
#1786=VECTOR('',#1785,9.0);
#1787=LINE('',#1784,#1786);
#1788=EDGE_CURVE('',#841,#1783,#1787,.T.);
#1789=ORIENTED_EDGE('',*,*,#1788,.T.);
#1790=CARTESIAN_POINT('',(55.897800439102554,-5.635105616893743,-4.5));
#1791=VERTEX_POINT('',#1790);
#1792=CARTESIAN_POINT('',(55.816413522226455,-5.69321043391783,-4.5));
#1793=DIRECTION('',(0.0,0.0,1.0));
#1794=DIRECTION('',(0.889114213765802,-0.457685388536295,0.0));
#1795=AXIS2_PLACEMENT_3D('',#1792,#1793,#1794);
#1796=CIRCLE('',#1795,0.1);
#1797=EDGE_CURVE('',#1783,#1791,#1796,.T.);
#1798=ORIENTED_EDGE('',*,*,#1797,.T.);
#1799=CARTESIAN_POINT('',(55.897800439102554,-5.635105616893745,-4.5));
#1800=DIRECTION('',(0.0,0.0,1.0));
#1801=VECTOR('',#1800,9.0);
#1802=LINE('',#1799,#1801);
#1803=EDGE_CURVE('',#1791,#849,#1802,.T.);
#1804=ORIENTED_EDGE('',*,*,#1803,.T.);
#1805=EDGE_LOOP('',(#1781,#1789,#1798,#1804));
#1806=FACE_OUTER_BOUND('',#1805,.T.);
#1807=ADVANCED_FACE('',(#1806),#1780,.T.);
#1808=CARTESIAN_POINT('',(56.010676707382821,-5.79321043391783,0.0));
#1809=DIRECTION('',(0.0,-1.0,0.0));
#1810=DIRECTION('',(0.0,0.0,-1.0));
#1811=AXIS2_PLACEMENT_3D('',#1808,#1809,#1810);
#1812=PLANE('',#1811);
#1813=ORIENTED_EDGE('',*,*,#1788,.F.);
#1814=ORIENTED_EDGE('',*,*,#846,.T.);
#1815=CARTESIAN_POINT('',(55.628587775415497,-5.79321043391783,-4.5));
#1816=VERTEX_POINT('',#1815);
#1817=CARTESIAN_POINT('',(55.628587775415497,-5.79321043391783,-4.5));
#1818=DIRECTION('',(0.0,0.0,1.0));
#1819=VECTOR('',#1818,9.0);
#1820=LINE('',#1817,#1819);
#1821=EDGE_CURVE('',#1816,#832,#1820,.T.);
#1822=ORIENTED_EDGE('',*,*,#1821,.F.);
#1823=CARTESIAN_POINT('',(55.628587775415497,-5.79321043391783,-4.5));
#1824=DIRECTION('',(1.0,0.0,0.0));
#1825=VECTOR('',#1824,0.187825746810958);
#1826=LINE('',#1823,#1825);
#1827=EDGE_CURVE('',#1816,#1783,#1826,.T.);
#1828=ORIENTED_EDGE('',*,*,#1827,.T.);
#1829=EDGE_LOOP('',(#1813,#1814,#1822,#1828));
#1830=FACE_OUTER_BOUND('',#1829,.T.);
#1831=ADVANCED_FACE('',(#1830),#1812,.T.);
#1832=CARTESIAN_POINT('',(55.571519968772449,-6.624004765102296,0.0));
#1833=DIRECTION('',(0.0,0.0,1.0));
#1834=DIRECTION('',(0.889114213765802,-0.457685388536295,0.0));
#1835=AXIS2_PLACEMENT_3D('',#1832,#1833,#1834);
#1836=CYLINDRICAL_SURFACE('',#1835,0.1);
#1837=ORIENTED_EDGE('',*,*,#821,.T.);
#1838=CARTESIAN_POINT('',(55.571519968772449,-6.724004765102296,-4.5));
#1839=VERTEX_POINT('',#1838);
#1840=CARTESIAN_POINT('',(55.571519968772449,-6.724004765102296,4.5));
#1841=DIRECTION('',(0.0,0.0,-1.0));
#1842=VECTOR('',#1841,9.0);
#1843=LINE('',#1840,#1842);
#1844=EDGE_CURVE('',#807,#1839,#1843,.T.);
#1845=ORIENTED_EDGE('',*,*,#1844,.T.);
#1846=CARTESIAN_POINT('',(55.652906885648548,-6.565899948078209,-4.5));
#1847=VERTEX_POINT('',#1846);
#1848=CARTESIAN_POINT('',(55.571519968772449,-6.624004765102296,-4.5));
#1849=DIRECTION('',(0.0,0.0,1.0));
#1850=DIRECTION('',(0.889114213765802,-0.457685388536295,0.0));
#1851=AXIS2_PLACEMENT_3D('',#1848,#1849,#1850);
#1852=CIRCLE('',#1851,0.1);
#1853=EDGE_CURVE('',#1839,#1847,#1852,.T.);
#1854=ORIENTED_EDGE('',*,*,#1853,.T.);
#1855=CARTESIAN_POINT('',(55.652906885648548,-6.565899948078211,-4.5));
#1856=DIRECTION('',(0.0,0.0,1.0));
#1857=VECTOR('',#1856,9.0);
#1858=LINE('',#1855,#1857);
#1859=EDGE_CURVE('',#1847,#815,#1858,.T.);
#1860=ORIENTED_EDGE('',*,*,#1859,.T.);
#1861=EDGE_LOOP('',(#1837,#1845,#1854,#1860));
#1862=FACE_OUTER_BOUND('',#1861,.T.);
#1863=ADVANCED_FACE('',(#1862),#1836,.T.);
#1864=CARTESIAN_POINT('',(55.765783153928822,-6.724004765102296,0.0));
#1865=DIRECTION('',(0.0,-1.0,0.0));
#1866=DIRECTION('',(0.0,0.0,-1.0));
#1867=AXIS2_PLACEMENT_3D('',#1864,#1865,#1866);
#1868=PLANE('',#1867);
#1869=ORIENTED_EDGE('',*,*,#1844,.F.);
#1870=ORIENTED_EDGE('',*,*,#812,.T.);
#1871=CARTESIAN_POINT('',(55.37654603081009,-6.724004765102296,-4.5));
#1872=VERTEX_POINT('',#1871);
#1873=CARTESIAN_POINT('',(55.37654603081009,-6.724004765102296,-4.5));
#1874=DIRECTION('',(0.0,0.0,1.0));
#1875=VECTOR('',#1874,9.0);
#1876=LINE('',#1873,#1875);
#1877=EDGE_CURVE('',#1872,#798,#1876,.T.);
#1878=ORIENTED_EDGE('',*,*,#1877,.F.);
#1879=CARTESIAN_POINT('',(55.37654603081009,-6.724004765102296,-4.5));
#1880=DIRECTION('',(1.0,0.0,0.0));
#1881=VECTOR('',#1880,0.194973937962359);
#1882=LINE('',#1879,#1881);
#1883=EDGE_CURVE('',#1872,#1839,#1882,.T.);
#1884=ORIENTED_EDGE('',*,*,#1883,.T.);
#1885=EDGE_LOOP('',(#1869,#1870,#1878,#1884));
#1886=FACE_OUTER_BOUND('',#1885,.T.);
#1887=ADVANCED_FACE('',(#1886),#1868,.T.);
#1888=CARTESIAN_POINT('',(55.310881122842957,-7.550513443680663,0.0));
#1889=DIRECTION('',(0.0,0.0,1.0));
#1890=DIRECTION('',(0.889114213765802,-0.457685388536295,0.0));
#1891=AXIS2_PLACEMENT_3D('',#1888,#1889,#1890);
#1892=CYLINDRICAL_SURFACE('',#1891,0.1);
#1893=ORIENTED_EDGE('',*,*,#787,.T.);
#1894=CARTESIAN_POINT('',(55.310881122842957,-7.650513443680662,-4.5));
#1895=VERTEX_POINT('',#1894);
#1896=CARTESIAN_POINT('',(55.310881122842957,-7.650513443680662,4.5));
#1897=DIRECTION('',(0.0,0.0,-1.0));
#1898=VECTOR('',#1897,9.0);
#1899=LINE('',#1896,#1898);
#1900=EDGE_CURVE('',#773,#1895,#1899,.T.);
#1901=ORIENTED_EDGE('',*,*,#1900,.T.);
#1902=CARTESIAN_POINT('',(55.392268039719063,-7.492408626656575,-4.5));
#1903=VERTEX_POINT('',#1902);
#1904=CARTESIAN_POINT('',(55.310881122842957,-7.550513443680663,-4.5));
#1905=DIRECTION('',(0.0,0.0,1.0));
#1906=DIRECTION('',(0.889114213765802,-0.457685388536295,0.0));
#1907=AXIS2_PLACEMENT_3D('',#1904,#1905,#1906);
#1908=CIRCLE('',#1907,0.1);
#1909=EDGE_CURVE('',#1895,#1903,#1908,.T.);
#1910=ORIENTED_EDGE('',*,*,#1909,.T.);
#1911=CARTESIAN_POINT('',(55.392268039719063,-7.492408626656577,-4.5));
#1912=DIRECTION('',(0.0,0.0,1.0));
#1913=VECTOR('',#1912,9.0);
#1914=LINE('',#1911,#1913);
#1915=EDGE_CURVE('',#1903,#781,#1914,.T.);
#1916=ORIENTED_EDGE('',*,*,#1915,.T.);
#1917=EDGE_LOOP('',(#1893,#1901,#1910,#1916));
#1918=FACE_OUTER_BOUND('',#1917,.T.);
#1919=ADVANCED_FACE('',(#1918),#1892,.T.);
#1920=CARTESIAN_POINT('',(55.505144307999331,-7.650513443680662,0.0));
#1921=DIRECTION('',(0.0,-1.0,0.0));
#1922=DIRECTION('',(0.0,0.0,-1.0));
#1923=AXIS2_PLACEMENT_3D('',#1920,#1921,#1922);
#1924=PLANE('',#1923);
#1925=ORIENTED_EDGE('',*,*,#1900,.F.);
#1926=ORIENTED_EDGE('',*,*,#778,.T.);
#1927=CARTESIAN_POINT('',(55.108691186539346,-7.650513443680662,-4.5));
#1928=VERTEX_POINT('',#1927);
#1929=CARTESIAN_POINT('',(55.108691186539346,-7.650513443680662,-4.5));
#1930=DIRECTION('',(0.0,0.0,1.0));
#1931=VECTOR('',#1930,9.0);
#1932=LINE('',#1929,#1931);
#1933=EDGE_CURVE('',#1928,#764,#1932,.T.);
#1934=ORIENTED_EDGE('',*,*,#1933,.F.);
#1935=CARTESIAN_POINT('',(55.108691186539346,-7.650513443680662,-4.5));
#1936=DIRECTION('',(1.0,0.0,0.0));
#1937=VECTOR('',#1936,0.202189936303618);
#1938=LINE('',#1935,#1937);
#1939=EDGE_CURVE('',#1928,#1895,#1938,.T.);
#1940=ORIENTED_EDGE('',*,*,#1939,.T.);
#1941=EDGE_LOOP('',(#1925,#1926,#1934,#1940));
#1942=FACE_OUTER_BOUND('',#1941,.T.);
#1943=ADVANCED_FACE('',(#1942),#1924,.T.);
#1944=CARTESIAN_POINT('',(55.034571905489486,-8.47247014325715,0.0));
#1945=DIRECTION('',(0.0,0.0,1.0));
#1946=DIRECTION('',(0.889114213765802,-0.457685388536295,0.0));
#1947=AXIS2_PLACEMENT_3D('',#1944,#1945,#1946);
#1948=CYLINDRICAL_SURFACE('',#1947,0.1);
#1949=ORIENTED_EDGE('',*,*,#753,.T.);
#1950=CARTESIAN_POINT('',(55.034571905489486,-8.572470143257149,-4.5));
#1951=VERTEX_POINT('',#1950);
#1952=CARTESIAN_POINT('',(55.034571905489486,-8.572470143257149,4.5));
#1953=DIRECTION('',(0.0,0.0,-1.0));
#1954=VECTOR('',#1953,9.0);
#1955=LINE('',#1952,#1954);
#1956=EDGE_CURVE('',#739,#1951,#1955,.T.);
#1957=ORIENTED_EDGE('',*,*,#1956,.T.);
#1958=CARTESIAN_POINT('',(55.115958822365585,-8.414365326233062,-4.5));
#1959=VERTEX_POINT('',#1958);
#1960=CARTESIAN_POINT('',(55.034571905489486,-8.47247014325715,-4.5));
#1961=DIRECTION('',(0.0,0.0,1.0));
#1962=DIRECTION('',(0.889114213765802,-0.457685388536295,0.0));
#1963=AXIS2_PLACEMENT_3D('',#1960,#1961,#1962);
#1964=CIRCLE('',#1963,0.1);
#1965=EDGE_CURVE('',#1951,#1959,#1964,.T.);
#1966=ORIENTED_EDGE('',*,*,#1965,.T.);
#1967=CARTESIAN_POINT('',(55.115958822365585,-8.414365326233064,-4.5));
#1968=DIRECTION('',(0.0,0.0,1.0));
#1969=VECTOR('',#1968,9.0);
#1970=LINE('',#1967,#1969);
#1971=EDGE_CURVE('',#1959,#747,#1970,.T.);
#1972=ORIENTED_EDGE('',*,*,#1971,.T.);
#1973=EDGE_LOOP('',(#1949,#1957,#1966,#1972));
#1974=FACE_OUTER_BOUND('',#1973,.T.);
#1975=ADVANCED_FACE('',(#1974),#1948,.T.);
#1976=CARTESIAN_POINT('',(55.228835090645852,-8.572470143257149,0.0));
#1977=DIRECTION('',(0.0,-1.0,0.0));
#1978=DIRECTION('',(0.0,0.0,-1.0));
#1979=AXIS2_PLACEMENT_3D('',#1976,#1977,#1978);
#1980=PLANE('',#1979);
#1981=ORIENTED_EDGE('',*,*,#1956,.F.);
#1982=ORIENTED_EDGE('',*,*,#744,.T.);
#1983=CARTESIAN_POINT('',(54.825092963471533,-8.572470143257149,-4.5));
#1984=VERTEX_POINT('',#1983);
#1985=CARTESIAN_POINT('',(54.825092963471533,-8.572470143257149,-4.5));
#1986=DIRECTION('',(0.0,0.0,1.0));
#1987=VECTOR('',#1986,9.0);
#1988=LINE('',#1985,#1987);
#1989=EDGE_CURVE('',#1984,#730,#1988,.T.);
#1990=ORIENTED_EDGE('',*,*,#1989,.F.);
#1991=CARTESIAN_POINT('',(54.825092963471533,-8.572470143257149,-4.5));
#1992=DIRECTION('',(1.0,0.0,0.0));
#1993=VECTOR('',#1992,0.209478942017952);
#1994=LINE('',#1991,#1993);
#1995=EDGE_CURVE('',#1984,#1951,#1994,.T.);
#1996=ORIENTED_EDGE('',*,*,#1995,.T.);
#1997=EDGE_LOOP('',(#1981,#1982,#1990,#1996));
#1998=FACE_OUTER_BOUND('',#1997,.T.);
#1999=ADVANCED_FACE('',(#1998),#1980,.T.);
#2000=CARTESIAN_POINT('',(54.742671742236752,-9.389609845909646,0.0));
#2001=DIRECTION('',(0.0,0.0,1.0));
#2002=DIRECTION('',(0.889114213765802,-0.457685388536295,0.0));
#2003=AXIS2_PLACEMENT_3D('',#2000,#2001,#2002);
#2004=CYLINDRICAL_SURFACE('',#2003,0.1);
#2005=ORIENTED_EDGE('',*,*,#719,.T.);
#2006=CARTESIAN_POINT('',(54.742671742236752,-9.489609845909646,-4.5));
#2007=VERTEX_POINT('',#2006);
#2008=CARTESIAN_POINT('',(54.742671742236752,-9.489609845909646,4.5));
#2009=DIRECTION('',(0.0,0.0,-1.0));
#2010=VECTOR('',#2009,9.0);
#2011=LINE('',#2008,#2010);
#2012=EDGE_CURVE('',#705,#2007,#2011,.T.);
#2013=ORIENTED_EDGE('',*,*,#2012,.T.);
#2014=CARTESIAN_POINT('',(54.82405865911285,-9.331505028885559,-4.5));
#2015=VERTEX_POINT('',#2014);
#2016=CARTESIAN_POINT('',(54.742671742236752,-9.389609845909646,-4.5));
#2017=DIRECTION('',(0.0,0.0,1.0));
#2018=DIRECTION('',(0.889114213765802,-0.457685388536295,0.0));
#2019=AXIS2_PLACEMENT_3D('',#2016,#2017,#2018);
#2020=CIRCLE('',#2019,0.1);
#2021=EDGE_CURVE('',#2007,#2015,#2020,.T.);
#2022=ORIENTED_EDGE('',*,*,#2021,.T.);
#2023=CARTESIAN_POINT('',(54.82405865911285,-9.331505028885561,-4.5));
#2024=DIRECTION('',(0.0,0.0,1.0));
#2025=VECTOR('',#2024,9.0);
#2026=LINE('',#2023,#2025);
#2027=EDGE_CURVE('',#2015,#713,#2026,.T.);
#2028=ORIENTED_EDGE('',*,*,#2027,.T.);
#2029=EDGE_LOOP('',(#2005,#2013,#2022,#2028));
#2030=FACE_OUTER_BOUND('',#2029,.T.);
#2031=ADVANCED_FACE('',(#2030),#2004,.T.);
#2032=CARTESIAN_POINT('',(54.936934927393118,-9.489609845909646,0.0));
#2033=DIRECTION('',(0.0,-1.0,0.0));
#2034=DIRECTION('',(0.0,0.0,-1.0));
#2035=AXIS2_PLACEMENT_3D('',#2032,#2033,#2034);
#2036=PLANE('',#2035);
#2037=ORIENTED_EDGE('',*,*,#2012,.F.);
#2038=ORIENTED_EDGE('',*,*,#710,.T.);
#2039=CARTESIAN_POINT('',(54.525825394284084,-9.489609845909646,-4.5));
#2040=VERTEX_POINT('',#2039);
#2041=CARTESIAN_POINT('',(54.525825394284084,-9.489609845909646,-4.5));
#2042=DIRECTION('',(0.0,0.0,1.0));
#2043=VECTOR('',#2042,9.0);
#2044=LINE('',#2041,#2043);
#2045=EDGE_CURVE('',#2040,#696,#2044,.T.);
#2046=ORIENTED_EDGE('',*,*,#2045,.F.);
#2047=CARTESIAN_POINT('',(54.525825394284084,-9.489609845909646,-4.5));
#2048=DIRECTION('',(1.0,0.0,0.0));
#2049=VECTOR('',#2048,0.216846347952668);
#2050=LINE('',#2047,#2049);
#2051=EDGE_CURVE('',#2040,#2007,#2050,.T.);
#2052=ORIENTED_EDGE('',*,*,#2051,.T.);
#2053=EDGE_LOOP('',(#2037,#2038,#2046,#2052));
#2054=FACE_OUTER_BOUND('',#2053,.T.);
#2055=ADVANCED_FACE('',(#2054),#2036,.T.);
#2056=CARTESIAN_POINT('',(54.435264540251744,-10.301668918369447,0.0));
#2057=DIRECTION('',(0.0,0.0,1.0));
#2058=DIRECTION('',(0.889114213765833,-0.457685388536235,0.0));
#2059=AXIS2_PLACEMENT_3D('',#2056,#2057,#2058);
#2060=CYLINDRICAL_SURFACE('',#2059,0.1);
#2061=ORIENTED_EDGE('',*,*,#685,.T.);
#2062=CARTESIAN_POINT('',(54.435264540251744,-10.401668918369449,-4.5));
#2063=VERTEX_POINT('',#2062);
#2064=CARTESIAN_POINT('',(54.435264540251744,-10.401668918369449,4.5));
#2065=DIRECTION('',(0.0,0.0,-1.0));
#2066=VECTOR('',#2065,9.0);
#2067=LINE('',#2064,#2066);
#2068=EDGE_CURVE('',#671,#2063,#2067,.T.);
#2069=ORIENTED_EDGE('',*,*,#2068,.T.);
#2070=CARTESIAN_POINT('',(54.516651457127843,-10.243564101345362,-4.5));
#2071=VERTEX_POINT('',#2070);
#2072=CARTESIAN_POINT('',(54.435264540251744,-10.301668918369447,-4.5));
#2073=DIRECTION('',(0.0,0.0,1.0));
#2074=DIRECTION('',(0.889114213765833,-0.457685388536235,0.0));
#2075=AXIS2_PLACEMENT_3D('',#2072,#2073,#2074);
#2076=CIRCLE('',#2075,0.1);
#2077=EDGE_CURVE('',#2063,#2071,#2076,.T.);
#2078=ORIENTED_EDGE('',*,*,#2077,.T.);
#2079=CARTESIAN_POINT('',(54.516651457127843,-10.243564101345362,-4.5));
#2080=DIRECTION('',(0.0,0.0,1.0));
#2081=VECTOR('',#2080,9.0);
#2082=LINE('',#2079,#2081);
#2083=EDGE_CURVE('',#2071,#679,#2082,.T.);
#2084=ORIENTED_EDGE('',*,*,#2083,.T.);
#2085=EDGE_LOOP('',(#2061,#2069,#2078,#2084));
#2086=FACE_OUTER_BOUND('',#2085,.T.);
#2087=ADVANCED_FACE('',(#2086),#2060,.T.);
#2088=CARTESIAN_POINT('',(54.62952772540811,-10.401668918369449,0.0));
#2089=DIRECTION('',(0.0,-1.0,0.0));
#2090=DIRECTION('',(0.0,0.0,-1.0));
#2091=AXIS2_PLACEMENT_3D('',#2088,#2089,#2090);
#2092=PLANE('',#2091);
#2093=ORIENTED_EDGE('',*,*,#2068,.F.);
#2094=ORIENTED_EDGE('',*,*,#676,.T.);
#2095=CARTESIAN_POINT('',(54.210966783271729,-10.401668918369449,-4.5));
#2096=VERTEX_POINT('',#2095);
#2097=CARTESIAN_POINT('',(54.210966783271729,-10.401668918369449,-4.5));
#2098=DIRECTION('',(0.0,0.0,1.0));
#2099=VECTOR('',#2098,9.0);
#2100=LINE('',#2097,#2099);
#2101=EDGE_CURVE('',#2096,#662,#2100,.T.);
#2102=ORIENTED_EDGE('',*,*,#2101,.F.);
#2103=CARTESIAN_POINT('',(54.210966783271729,-10.401668918369449,-4.5));
#2104=DIRECTION('',(1.0,0.0,0.0));
#2105=VECTOR('',#2104,0.224297756980015);
#2106=LINE('',#2103,#2105);
#2107=EDGE_CURVE('',#2096,#2063,#2106,.T.);
#2108=ORIENTED_EDGE('',*,*,#2107,.T.);
#2109=EDGE_LOOP('',(#2093,#2094,#2102,#2108));
#2110=FACE_OUTER_BOUND('',#2109,.T.);
#2111=ADVANCED_FACE('',(#2110),#2092,.T.);
#2112=CARTESIAN_POINT('',(54.112438664224442,-11.208385187803099,0.0));
#2113=DIRECTION('',(0.0,0.0,1.0));
#2114=DIRECTION('',(0.889114213765792,-0.457685388536314,0.0));
#2115=AXIS2_PLACEMENT_3D('',#2112,#2113,#2114);
#2116=CYLINDRICAL_SURFACE('',#2115,0.1);
#2117=ORIENTED_EDGE('',*,*,#651,.T.);
#2118=CARTESIAN_POINT('',(54.112438664224442,-11.308385187803099,-4.5));
#2119=VERTEX_POINT('',#2118);
#2120=CARTESIAN_POINT('',(54.112438664224442,-11.308385187803099,4.5));
#2121=DIRECTION('',(0.0,0.0,-1.0));
#2122=VECTOR('',#2121,9.0);
#2123=LINE('',#2120,#2122);
#2124=EDGE_CURVE('',#637,#2119,#2123,.T.);
#2125=ORIENTED_EDGE('',*,*,#2124,.T.);
#2126=CARTESIAN_POINT('',(54.19382558110054,-11.150280370779011,-4.5));
#2127=VERTEX_POINT('',#2126);
#2128=CARTESIAN_POINT('',(54.112438664224442,-11.208385187803099,-4.5));
#2129=DIRECTION('',(0.0,0.0,1.0));
#2130=DIRECTION('',(0.889114213765792,-0.457685388536314,0.0));
#2131=AXIS2_PLACEMENT_3D('',#2128,#2129,#2130);
#2132=CIRCLE('',#2131,0.1);
#2133=EDGE_CURVE('',#2119,#2127,#2132,.T.);
#2134=ORIENTED_EDGE('',*,*,#2133,.T.);
#2135=CARTESIAN_POINT('',(54.19382558110054,-11.150280370779013,-4.5));
#2136=DIRECTION('',(0.0,0.0,1.0));
#2137=VECTOR('',#2136,9.0);
#2138=LINE('',#2135,#2137);
#2139=EDGE_CURVE('',#2127,#645,#2138,.T.);
#2140=ORIENTED_EDGE('',*,*,#2139,.T.);
#2141=EDGE_LOOP('',(#2117,#2125,#2134,#2140));
#2142=FACE_OUTER_BOUND('',#2141,.T.);
#2143=ADVANCED_FACE('',(#2142),#2116,.T.);
#2144=CARTESIAN_POINT('',(54.306701849380808,-11.308385187803099,0.0));
#2145=DIRECTION('',(0.0,-1.0,0.0));
#2146=DIRECTION('',(0.0,0.0,-1.0));
#2147=AXIS2_PLACEMENT_3D('',#2144,#2145,#2146);
#2148=PLANE('',#2147);
#2149=ORIENTED_EDGE('',*,*,#2124,.F.);
#2150=ORIENTED_EDGE('',*,*,#642,.T.);
#2151=CARTESIAN_POINT('',(53.88059966361034,-11.308385187803099,-4.5));
#2152=VERTEX_POINT('',#2151);
#2153=CARTESIAN_POINT('',(53.88059966361034,-11.308385187803099,-4.5));
#2154=DIRECTION('',(0.0,0.0,1.0));
#2155=VECTOR('',#2154,9.0);
#2156=LINE('',#2153,#2155);
#2157=EDGE_CURVE('',#2152,#628,#2156,.T.);
#2158=ORIENTED_EDGE('',*,*,#2157,.F.);
#2159=CARTESIAN_POINT('',(53.88059966361034,-11.308385187803099,-4.5));
#2160=DIRECTION('',(1.0,0.0,0.0));
#2161=VECTOR('',#2160,0.231839000614102);
#2162=LINE('',#2159,#2161);
#2163=EDGE_CURVE('',#2152,#2119,#2162,.T.);
#2164=ORIENTED_EDGE('',*,*,#2163,.T.);
#2165=EDGE_LOOP('',(#2149,#2150,#2158,#2164));
#2166=FACE_OUTER_BOUND('',#2165,.T.);
#2167=ADVANCED_FACE('',(#2166),#2148,.T.);
#2168=CARTESIAN_POINT('',(53.774286910967206,-12.109498017174385,0.0));
#2169=DIRECTION('',(0.0,0.0,1.0));
#2170=DIRECTION('',(0.889114213765833,-0.457685388536235,0.0));
#2171=AXIS2_PLACEMENT_3D('',#2168,#2169,#2170);
#2172=CYLINDRICAL_SURFACE('',#2171,0.1);
#2173=ORIENTED_EDGE('',*,*,#617,.T.);
#2174=CARTESIAN_POINT('',(53.774286910967206,-12.209498017174385,-4.5));
#2175=VERTEX_POINT('',#2174);
#2176=CARTESIAN_POINT('',(53.774286910967206,-12.209498017174385,4.5));
#2177=DIRECTION('',(0.0,0.0,-1.0));
#2178=VECTOR('',#2177,9.0);
#2179=LINE('',#2176,#2178);
#2180=EDGE_CURVE('',#603,#2175,#2179,.T.);
#2181=ORIENTED_EDGE('',*,*,#2180,.T.);
#2182=CARTESIAN_POINT('',(53.855673827843304,-12.051393200150297,-4.5));
#2183=VERTEX_POINT('',#2182);
#2184=CARTESIAN_POINT('',(53.774286910967206,-12.109498017174385,-4.5));
#2185=DIRECTION('',(0.0,0.0,1.0));
#2186=DIRECTION('',(0.889114213765833,-0.457685388536235,0.0));
#2187=AXIS2_PLACEMENT_3D('',#2184,#2185,#2186);
#2188=CIRCLE('',#2187,0.1);
#2189=EDGE_CURVE('',#2175,#2183,#2188,.T.);
#2190=ORIENTED_EDGE('',*,*,#2189,.T.);
#2191=CARTESIAN_POINT('',(53.855673827843304,-12.051393200150301,-4.5));
#2192=DIRECTION('',(0.0,0.0,1.0));
#2193=VECTOR('',#2192,9.0);
#2194=LINE('',#2191,#2193);
#2195=EDGE_CURVE('',#2183,#611,#2194,.T.);
#2196=ORIENTED_EDGE('',*,*,#2195,.T.);
#2197=EDGE_LOOP('',(#2173,#2181,#2190,#2196));
#2198=FACE_OUTER_BOUND('',#2197,.T.);
#2199=ADVANCED_FACE('',(#2198),#2172,.T.);
#2200=CARTESIAN_POINT('',(53.968550096123579,-12.209498017174385,0.0));
#2201=DIRECTION('',(0.0,-1.0,0.0));
#2202=DIRECTION('',(0.0,0.0,-1.0));
#2203=AXIS2_PLACEMENT_3D('',#2200,#2201,#2202);
#2204=PLANE('',#2203);
#2205=ORIENTED_EDGE('',*,*,#2180,.F.);
#2206=ORIENTED_EDGE('',*,*,#608,.T.);
#2207=CARTESIAN_POINT('',(53.534810751944164,-12.209498017174385,-4.5));
#2208=VERTEX_POINT('',#2207);
#2209=CARTESIAN_POINT('',(53.534810751944164,-12.209498017174385,-4.5));
#2210=DIRECTION('',(0.0,0.0,1.0));
#2211=VECTOR('',#2210,9.0);
#2212=LINE('',#2209,#2211);
#2213=EDGE_CURVE('',#2208,#594,#2212,.T.);
#2214=ORIENTED_EDGE('',*,*,#2213,.F.);
#2215=CARTESIAN_POINT('',(53.534810751944164,-12.209498017174385,-4.5));
#2216=DIRECTION('',(1.0,0.0,0.0));
#2217=VECTOR('',#2216,0.239476159023042);
#2218=LINE('',#2215,#2217);
#2219=EDGE_CURVE('',#2208,#2175,#2218,.T.);
#2220=ORIENTED_EDGE('',*,*,#2219,.T.);
#2221=EDGE_LOOP('',(#2205,#2206,#2214,#2220));
#2222=FACE_OUTER_BOUND('',#2221,.T.);
#2223=ADVANCED_FACE('',(#2222),#2204,.T.);
#2224=CARTESIAN_POINT('',(53.420906482740264,-13.00474838016488,0.0));
#2225=DIRECTION('',(0.0,0.0,1.0));
#2226=DIRECTION('',(0.889114213765833,-0.457685388536235,0.0));
#2227=AXIS2_PLACEMENT_3D('',#2224,#2225,#2226);
#2228=CYLINDRICAL_SURFACE('',#2227,0.1);
#2229=ORIENTED_EDGE('',*,*,#583,.T.);
#2230=CARTESIAN_POINT('',(53.420906482740264,-13.104748380164883,-4.5));
#2231=VERTEX_POINT('',#2230);
#2232=CARTESIAN_POINT('',(53.420906482740264,-13.104748380164883,4.5));
#2233=DIRECTION('',(0.0,0.0,-1.0));
#2234=VECTOR('',#2233,9.0);
#2235=LINE('',#2232,#2234);
#2236=EDGE_CURVE('',#569,#2231,#2235,.T.);
#2237=ORIENTED_EDGE('',*,*,#2236,.T.);
#2238=CARTESIAN_POINT('',(53.502293399616363,-12.946643563140796,-4.5));
#2239=VERTEX_POINT('',#2238);
#2240=CARTESIAN_POINT('',(53.420906482740264,-13.00474838016488,-4.5));
#2241=DIRECTION('',(0.0,0.0,1.0));
#2242=DIRECTION('',(0.889114213765833,-0.457685388536235,0.0));
#2243=AXIS2_PLACEMENT_3D('',#2240,#2241,#2242);
#2244=CIRCLE('',#2243,0.1);
#2245=EDGE_CURVE('',#2231,#2239,#2244,.T.);
#2246=ORIENTED_EDGE('',*,*,#2245,.T.);
#2247=CARTESIAN_POINT('',(53.502293399616363,-12.946643563140796,-4.5));
#2248=DIRECTION('',(0.0,0.0,1.0));
#2249=VECTOR('',#2248,9.0);
#2250=LINE('',#2247,#2249);
#2251=EDGE_CURVE('',#2239,#577,#2250,.T.);
#2252=ORIENTED_EDGE('',*,*,#2251,.T.);
#2253=EDGE_LOOP('',(#2229,#2237,#2246,#2252));
#2254=FACE_OUTER_BOUND('',#2253,.T.);
#2255=ADVANCED_FACE('',(#2254),#2228,.T.);
#2256=CARTESIAN_POINT('',(53.615169667896637,-13.104748380164883,0.0));
#2257=DIRECTION('',(0.0,-1.0,0.0));
#2258=DIRECTION('',(0.0,0.0,-1.0));
#2259=AXIS2_PLACEMENT_3D('',#2256,#2257,#2258);
#2260=PLANE('',#2259);
#2261=ORIENTED_EDGE('',*,*,#2236,.F.);
#2262=ORIENTED_EDGE('',*,*,#574,.T.);
#2263=CARTESIAN_POINT('',(53.173690900148955,-13.104748380164885,-4.5));
#2264=VERTEX_POINT('',#2263);
#2265=CARTESIAN_POINT('',(53.173690900148955,-13.104748380164885,-4.5));
#2266=DIRECTION('',(0.0,0.0,1.0));
#2267=VECTOR('',#2266,9.0);
#2268=LINE('',#2265,#2267);
#2269=EDGE_CURVE('',#2264,#560,#2268,.T.);
#2270=ORIENTED_EDGE('',*,*,#2269,.F.);
#2271=CARTESIAN_POINT('',(53.173690900148955,-13.104748380164883,-4.5));
#2272=DIRECTION('',(1.0,0.0,0.0));
#2273=VECTOR('',#2272,0.247215582591309);
#2274=LINE('',#2271,#2273);
#2275=EDGE_CURVE('',#2264,#2231,#2274,.T.);
#2276=ORIENTED_EDGE('',*,*,#2275,.T.);
#2277=EDGE_LOOP('',(#2261,#2262,#2270,#2276));
#2278=FACE_OUTER_BOUND('',#2277,.T.);
#2279=ADVANCED_FACE('',(#2278),#2260,.T.);
#2280=CARTESIAN_POINT('',(53.052398959310693,-13.893878935631445,0.0));
#2281=DIRECTION('',(0.0,0.0,1.0));
#2282=DIRECTION('',(0.889114213765833,-0.457685388536235,0.0));
#2283=AXIS2_PLACEMENT_3D('',#2280,#2281,#2282);
#2284=CYLINDRICAL_SURFACE('',#2283,0.1);
#2285=ORIENTED_EDGE('',*,*,#549,.T.);
#2286=CARTESIAN_POINT('',(53.052398959310693,-13.993878935631445,-4.5));
#2287=VERTEX_POINT('',#2286);
#2288=CARTESIAN_POINT('',(53.052398959310693,-13.993878935631445,4.5));
#2289=DIRECTION('',(0.0,0.0,-1.0));
#2290=VECTOR('',#2289,9.0);
#2291=LINE('',#2288,#2290);
#2292=EDGE_CURVE('',#535,#2287,#2291,.T.);
#2293=ORIENTED_EDGE('',*,*,#2292,.T.);
#2294=CARTESIAN_POINT('',(53.133785876186792,-13.835774118607358,-4.5));
#2295=VERTEX_POINT('',#2294);
#2296=CARTESIAN_POINT('',(53.052398959310693,-13.893878935631445,-4.5));
#2297=DIRECTION('',(0.0,0.0,1.0));
#2298=DIRECTION('',(0.889114213765833,-0.457685388536235,0.0));
#2299=AXIS2_PLACEMENT_3D('',#2296,#2297,#2298);
#2300=CIRCLE('',#2299,0.1);
#2301=EDGE_CURVE('',#2287,#2295,#2300,.T.);
#2302=ORIENTED_EDGE('',*,*,#2301,.T.);
#2303=CARTESIAN_POINT('',(53.133785876186792,-13.835774118607361,-4.5));
#2304=DIRECTION('',(0.0,0.0,1.0));
#2305=VECTOR('',#2304,9.0);
#2306=LINE('',#2303,#2305);
#2307=EDGE_CURVE('',#2295,#543,#2306,.T.);
#2308=ORIENTED_EDGE('',*,*,#2307,.T.);
#2309=EDGE_LOOP('',(#2285,#2293,#2302,#2308));
#2310=FACE_OUTER_BOUND('',#2309,.T.);
#2311=ADVANCED_FACE('',(#2310),#2284,.T.);
#2312=CARTESIAN_POINT('',(53.246662144467066,-13.993878935631445,0.0));
#2313=DIRECTION('',(0.0,-1.0,0.0));
#2314=DIRECTION('',(0.0,0.0,-1.0));
#2315=AXIS2_PLACEMENT_3D('',#2312,#2313,#2314);
#2316=PLANE('',#2315);
#2317=ORIENTED_EDGE('',*,*,#2292,.F.);
#2318=ORIENTED_EDGE('',*,*,#540,.T.);
#2319=CARTESIAN_POINT('',(52.797335044106703,-13.993878935631445,-4.5));
#2320=VERTEX_POINT('',#2319);
#2321=CARTESIAN_POINT('',(52.797335044106703,-13.993878935631445,-4.5));
#2322=DIRECTION('',(0.0,0.0,1.0));
#2323=VECTOR('',#2322,9.0);
#2324=LINE('',#2321,#2323);
#2325=EDGE_CURVE('',#2320,#526,#2324,.T.);
#2326=ORIENTED_EDGE('',*,*,#2325,.F.);
#2327=CARTESIAN_POINT('',(52.797335044106703,-13.993878935631445,-4.5));
#2328=DIRECTION('',(1.0,0.0,0.0));
#2329=VECTOR('',#2328,0.255063915203991);
#2330=LINE('',#2327,#2329);
#2331=EDGE_CURVE('',#2320,#2287,#2330,.T.);
#2332=ORIENTED_EDGE('',*,*,#2331,.T.);
#2333=EDGE_LOOP('',(#2317,#2318,#2326,#2332));
#2334=FACE_OUTER_BOUND('',#2333,.T.);
#2335=ADVANCED_FACE('',(#2334),#2316,.T.);
#2336=CARTESIAN_POINT('',(52.668870268753224,-14.776634101579367,0.0));
#2337=DIRECTION('',(0.0,0.0,1.0));
#2338=DIRECTION('',(0.889114213765792,-0.457685388536314,0.0));
#2339=AXIS2_PLACEMENT_3D('',#2336,#2337,#2338);
#2340=CYLINDRICAL_SURFACE('',#2339,0.1);
#2341=ORIENTED_EDGE('',*,*,#515,.T.);
#2342=CARTESIAN_POINT('',(52.668870268753224,-14.87663410157937,-4.5));
#2343=VERTEX_POINT('',#2342);
#2344=CARTESIAN_POINT('',(52.668870268753224,-14.87663410157937,4.5));
#2345=DIRECTION('',(0.0,0.0,-1.0));
#2346=VECTOR('',#2345,9.0);
#2347=LINE('',#2344,#2346);
#2348=EDGE_CURVE('',#501,#2343,#2347,.T.);
#2349=ORIENTED_EDGE('',*,*,#2348,.T.);
#2350=CARTESIAN_POINT('',(52.750257185629323,-14.718529284555281,-4.5));
#2351=VERTEX_POINT('',#2350);
#2352=CARTESIAN_POINT('',(52.668870268753224,-14.776634101579367,-4.5));
#2353=DIRECTION('',(0.0,0.0,1.0));
#2354=DIRECTION('',(0.889114213765792,-0.457685388536314,0.0));
#2355=AXIS2_PLACEMENT_3D('',#2352,#2353,#2354);
#2356=CIRCLE('',#2355,0.1);
#2357=EDGE_CURVE('',#2343,#2351,#2356,.T.);
#2358=ORIENTED_EDGE('',*,*,#2357,.T.);
#2359=CARTESIAN_POINT('',(52.750257185629323,-14.718529284555281,-4.5));
#2360=DIRECTION('',(0.0,0.0,1.0));
#2361=VECTOR('',#2360,9.0);
#2362=LINE('',#2359,#2361);
#2363=EDGE_CURVE('',#2351,#509,#2362,.T.);
#2364=ORIENTED_EDGE('',*,*,#2363,.T.);
#2365=EDGE_LOOP('',(#2341,#2349,#2358,#2364));
#2366=FACE_OUTER_BOUND('',#2365,.T.);
#2367=ADVANCED_FACE('',(#2366),#2340,.T.);
#2368=CARTESIAN_POINT('',(52.86313345390959,-14.87663410157937,0.0));
#2369=DIRECTION('',(0.0,-1.0,0.0));
#2370=DIRECTION('',(0.0,0.0,-1.0));
#2371=AXIS2_PLACEMENT_3D('',#2368,#2369,#2370);
#2372=PLANE('',#2371);
#2373=ORIENTED_EDGE('',*,*,#2348,.F.);
#2374=ORIENTED_EDGE('',*,*,#506,.T.);
#2375=CARTESIAN_POINT('',(52.405842149307887,-14.876634101579366,-4.5));
#2376=VERTEX_POINT('',#2375);
#2377=CARTESIAN_POINT('',(52.405842149307887,-14.876634101579366,-4.5));
#2378=DIRECTION('',(0.0,0.0,1.0));
#2379=VECTOR('',#2378,9.0);
#2380=LINE('',#2377,#2379);
#2381=EDGE_CURVE('',#2376,#492,#2380,.T.);
#2382=ORIENTED_EDGE('',*,*,#2381,.F.);
#2383=CARTESIAN_POINT('',(52.405842149307887,-14.87663410157937,-4.5));
#2384=DIRECTION('',(1.0,0.0,0.0));
#2385=VECTOR('',#2384,0.263028119445337);
#2386=LINE('',#2383,#2385);
#2387=EDGE_CURVE('',#2376,#2343,#2386,.T.);
#2388=ORIENTED_EDGE('',*,*,#2387,.T.);
#2389=EDGE_LOOP('',(#2373,#2374,#2382,#2388));
#2390=FACE_OUTER_BOUND('',#2389,.T.);
#2391=ADVANCED_FACE('',(#2390),#2372,.T.);
#2392=CARTESIAN_POINT('',(52.270430657000951,-15.652760128629804,0.0));
#2393=DIRECTION('',(0.0,0.0,1.0));
#2394=DIRECTION('',(0.889114213765833,-0.457685388536235,0.0));
#2395=AXIS2_PLACEMENT_3D('',#2392,#2393,#2394);
#2396=CYLINDRICAL_SURFACE('',#2395,0.1);
#2397=ORIENTED_EDGE('',*,*,#481,.T.);
#2398=CARTESIAN_POINT('',(52.270430657000951,-15.752760128629806,-4.5));
#2399=VERTEX_POINT('',#2398);
#2400=CARTESIAN_POINT('',(52.270430657000951,-15.752760128629806,4.5));
#2401=DIRECTION('',(0.0,0.0,-1.0));
#2402=VECTOR('',#2401,9.0);
#2403=LINE('',#2400,#2402);
#2404=EDGE_CURVE('',#467,#2399,#2403,.T.);
#2405=ORIENTED_EDGE('',*,*,#2404,.T.);
#2406=CARTESIAN_POINT('',(52.351817573877057,-15.594655311605718,-4.5));
#2407=VERTEX_POINT('',#2406);
#2408=CARTESIAN_POINT('',(52.270430657000951,-15.652760128629804,-4.5));
#2409=DIRECTION('',(0.0,0.0,1.0));
#2410=DIRECTION('',(0.889114213765833,-0.457685388536235,0.0));
#2411=AXIS2_PLACEMENT_3D('',#2408,#2409,#2410);
#2412=CIRCLE('',#2411,0.1);
#2413=EDGE_CURVE('',#2399,#2407,#2412,.T.);
#2414=ORIENTED_EDGE('',*,*,#2413,.T.);
#2415=CARTESIAN_POINT('',(52.351817573877057,-15.594655311605718,-4.5));
#2416=DIRECTION('',(0.0,0.0,1.0));
#2417=VECTOR('',#2416,9.0);
#2418=LINE('',#2415,#2417);
#2419=EDGE_CURVE('',#2407,#475,#2418,.T.);
#2420=ORIENTED_EDGE('',*,*,#2419,.T.);
#2421=EDGE_LOOP('',(#2397,#2405,#2414,#2420));
#2422=FACE_OUTER_BOUND('',#2421,.T.);
#2423=ADVANCED_FACE('',(#2422),#2396,.T.);
#2424=CARTESIAN_POINT('',(52.464693842157324,-15.752760128629806,0.0));
#2425=DIRECTION('',(0.0,-1.0,0.0));
#2426=DIRECTION('',(0.0,0.0,-1.0));
#2427=AXIS2_PLACEMENT_3D('',#2424,#2425,#2426);
#2428=PLANE('',#2427);
#2429=ORIENTED_EDGE('',*,*,#2404,.F.);
#2430=ORIENTED_EDGE('',*,*,#472,.T.);
#2431=CARTESIAN_POINT('',(51.999315153075059,-15.752760128629808,-4.5));
#2432=VERTEX_POINT('',#2431);
#2433=CARTESIAN_POINT('',(51.999315153075059,-15.752760128629808,-4.5));
#2434=DIRECTION('',(0.0,0.0,1.0));
#2435=VECTOR('',#2434,9.0);
#2436=LINE('',#2433,#2435);
#2437=EDGE_CURVE('',#2432,#458,#2436,.T.);
#2438=ORIENTED_EDGE('',*,*,#2437,.F.);
#2439=CARTESIAN_POINT('',(51.999315153075067,-15.752760128629806,-4.5));
#2440=DIRECTION('',(1.0,0.0,0.0));
#2441=VECTOR('',#2440,0.271115503925891);
#2442=LINE('',#2439,#2441);
#2443=EDGE_CURVE('',#2432,#2399,#2442,.T.);
#2444=ORIENTED_EDGE('',*,*,#2443,.T.);
#2445=EDGE_LOOP('',(#2429,#2430,#2438,#2444));
#2446=FACE_OUTER_BOUND('',#2445,.T.);
#2447=ADVANCED_FACE('',(#2446),#2428,.T.);
#2448=CARTESIAN_POINT('',(51.857194656155094,-16.522005172960455,0.0));
#2449=DIRECTION('',(0.0,0.0,1.0));
#2450=DIRECTION('',(0.889114213765792,-0.457685388536314,0.0));
#2451=AXIS2_PLACEMENT_3D('',#2448,#2449,#2450);
#2452=CYLINDRICAL_SURFACE('',#2451,0.1);
#2453=ORIENTED_EDGE('',*,*,#447,.T.);
#2454=CARTESIAN_POINT('',(51.857194656155094,-16.622005172960456,-4.5));
#2455=VERTEX_POINT('',#2454);
#2456=CARTESIAN_POINT('',(51.857194656155094,-16.622005172960456,4.5));
#2457=DIRECTION('',(0.0,0.0,-1.0));
#2458=VECTOR('',#2457,9.0);
#2459=LINE('',#2456,#2458);
#2460=EDGE_CURVE('',#433,#2455,#2459,.T.);
#2461=ORIENTED_EDGE('',*,*,#2460,.T.);
#2462=CARTESIAN_POINT('',(51.938581573031193,-16.463900355936371,-4.5));
#2463=VERTEX_POINT('',#2462);
#2464=CARTESIAN_POINT('',(51.857194656155094,-16.522005172960455,-4.5));
#2465=DIRECTION('',(0.0,0.0,1.0));
#2466=DIRECTION('',(0.889114213765792,-0.457685388536314,0.0));
#2467=AXIS2_PLACEMENT_3D('',#2464,#2465,#2466);
#2468=CIRCLE('',#2467,0.1);
#2469=EDGE_CURVE('',#2455,#2463,#2468,.T.);
#2470=ORIENTED_EDGE('',*,*,#2469,.T.);
#2471=CARTESIAN_POINT('',(51.938581573031193,-16.463900355936371,-4.5));
#2472=DIRECTION('',(0.0,0.0,1.0));
#2473=VECTOR('',#2472,9.0);
#2474=LINE('',#2471,#2473);
#2475=EDGE_CURVE('',#2463,#441,#2474,.T.);
#2476=ORIENTED_EDGE('',*,*,#2475,.T.);
#2477=EDGE_LOOP('',(#2453,#2461,#2470,#2476));
#2478=FACE_OUTER_BOUND('',#2477,.T.);
#2479=ADVANCED_FACE('',(#2478),#2452,.T.);
#2480=CARTESIAN_POINT('',(52.051457841311468,-16.622005172960456,0.0));
#2481=DIRECTION('',(0.0,-1.0,0.0));
#2482=DIRECTION('',(0.0,0.0,-1.0));
#2483=AXIS2_PLACEMENT_3D('',#2480,#2481,#2482);
#2484=PLANE('',#2483);
#2485=ORIENTED_EDGE('',*,*,#2460,.F.);
#2486=ORIENTED_EDGE('',*,*,#438,.T.);
#2487=CARTESIAN_POINT('',(51.57786090317569,-16.622005172960456,-4.5));
#2488=VERTEX_POINT('',#2487);
#2489=CARTESIAN_POINT('',(51.57786090317569,-16.622005172960456,-4.5));
#2490=DIRECTION('',(0.0,0.0,1.0));
#2491=VECTOR('',#2490,9.0);
#2492=LINE('',#2489,#2491);
#2493=EDGE_CURVE('',#2488,#424,#2492,.T.);
#2494=ORIENTED_EDGE('',*,*,#2493,.F.);
#2495=CARTESIAN_POINT('',(51.57786090317569,-16.622005172960456,-4.5));
#2496=DIRECTION('',(1.0,0.0,0.0));
#2497=VECTOR('',#2496,0.279333752979404);
#2498=LINE('',#2495,#2497);
#2499=EDGE_CURVE('',#2488,#2455,#2498,.T.);
#2500=ORIENTED_EDGE('',*,*,#2499,.T.);
#2501=EDGE_LOOP('',(#2485,#2486,#2494,#2500));
#2502=FACE_OUTER_BOUND('',#2501,.T.);
#2503=ADVANCED_FACE('',(#2502),#2484,.T.);
#2504=CARTESIAN_POINT('',(51.429281051562441,-17.384119368698457,0.0));
#2505=DIRECTION('',(0.0,0.0,1.0));
#2506=DIRECTION('',(0.889114213765792,-0.457685388536314,0.0));
#2507=AXIS2_PLACEMENT_3D('',#2504,#2505,#2506);
#2508=CYLINDRICAL_SURFACE('',#2507,0.1);
#2509=ORIENTED_EDGE('',*,*,#413,.T.);
#2510=CARTESIAN_POINT('',(51.429281051562441,-17.484119368698462,-4.5));
#2511=VERTEX_POINT('',#2510);
#2512=CARTESIAN_POINT('',(51.429281051562441,-17.484119368698462,4.5));
#2513=DIRECTION('',(0.0,0.0,-1.0));
#2514=VECTOR('',#2513,9.0);
#2515=LINE('',#2512,#2514);
#2516=EDGE_CURVE('',#399,#2511,#2515,.T.);
#2517=ORIENTED_EDGE('',*,*,#2516,.T.);
#2518=CARTESIAN_POINT('',(51.51066796843854,-17.326014551674373,-4.5));
#2519=VERTEX_POINT('',#2518);
#2520=CARTESIAN_POINT('',(51.429281051562441,-17.384119368698457,-4.5));
#2521=DIRECTION('',(0.0,0.0,1.0));
#2522=DIRECTION('',(0.889114213765792,-0.457685388536314,0.0));
#2523=AXIS2_PLACEMENT_3D('',#2520,#2521,#2522);
#2524=CIRCLE('',#2523,0.1);
#2525=EDGE_CURVE('',#2511,#2519,#2524,.T.);
#2526=ORIENTED_EDGE('',*,*,#2525,.T.);
#2527=CARTESIAN_POINT('',(51.51066796843854,-17.326014551674373,-4.5));
#2528=DIRECTION('',(0.0,0.0,1.0));
#2529=VECTOR('',#2528,9.0);
#2530=LINE('',#2527,#2529);
#2531=EDGE_CURVE('',#2519,#407,#2530,.T.);
#2532=ORIENTED_EDGE('',*,*,#2531,.T.);
#2533=EDGE_LOOP('',(#2509,#2517,#2526,#2532));
#2534=FACE_OUTER_BOUND('',#2533,.T.);
#2535=ADVANCED_FACE('',(#2534),#2508,.T.);
#2536=CARTESIAN_POINT('',(51.623544236718814,-17.484119368698462,0.0));
#2537=DIRECTION('',(0.0,-1.0,0.0));
#2538=DIRECTION('',(0.0,0.0,-1.0));
#2539=AXIS2_PLACEMENT_3D('',#2536,#2537,#2538);
#2540=PLANE('',#2539);
#2541=ORIENTED_EDGE('',*,*,#2516,.F.);
#2542=ORIENTED_EDGE('',*,*,#404,.T.);
#2543=CARTESIAN_POINT('',(51.141590092563149,-17.484119368698458,-4.5));
#2544=VERTEX_POINT('',#2543);
#2545=CARTESIAN_POINT('',(51.141590092563149,-17.484119368698458,-4.5));
#2546=DIRECTION('',(0.0,0.0,1.0));
#2547=VECTOR('',#2546,9.0);
#2548=LINE('',#2545,#2547);
#2549=EDGE_CURVE('',#2544,#390,#2548,.T.);
#2550=ORIENTED_EDGE('',*,*,#2549,.F.);
#2551=CARTESIAN_POINT('',(51.141590092563149,-17.484119368698462,-4.5));
#2552=DIRECTION('',(1.0,0.0,0.0));
#2553=VECTOR('',#2552,0.287690958999292);
#2554=LINE('',#2551,#2553);
#2555=EDGE_CURVE('',#2544,#2511,#2554,.T.);
#2556=ORIENTED_EDGE('',*,*,#2555,.T.);
#2557=EDGE_LOOP('',(#2541,#2542,#2550,#2556));
#2558=FACE_OUTER_BOUND('',#2557,.T.);
#2559=ADVANCED_FACE('',(#2558),#2540,.T.);
#2560=CARTESIAN_POINT('',(50.986812847670365,-18.238854899744762,0.0));
#2561=DIRECTION('',(0.0,0.0,1.0));
#2562=DIRECTION('',(0.889114213765833,-0.457685388536235,0.0));
#2563=AXIS2_PLACEMENT_3D('',#2560,#2561,#2562);
#2564=CYLINDRICAL_SURFACE('',#2563,0.1);
#2565=ORIENTED_EDGE('',*,*,#379,.T.);
#2566=CARTESIAN_POINT('',(50.986812847670365,-18.338854899744767,-4.5));
#2567=VERTEX_POINT('',#2566);
#2568=CARTESIAN_POINT('',(50.986812847670365,-18.338854899744767,4.5));
#2569=DIRECTION('',(0.0,0.0,-1.0));
#2570=VECTOR('',#2569,9.0);
#2571=LINE('',#2568,#2570);
#2572=EDGE_CURVE('',#365,#2567,#2571,.T.);
#2573=ORIENTED_EDGE('',*,*,#2572,.T.);
#2574=CARTESIAN_POINT('',(51.068199764546463,-18.180750082720678,-4.5));
#2575=VERTEX_POINT('',#2574);
#2576=CARTESIAN_POINT('',(50.986812847670365,-18.238854899744762,-4.5));
#2577=DIRECTION('',(0.0,0.0,1.0));
#2578=DIRECTION('',(0.889114213765833,-0.457685388536235,0.0));
#2579=AXIS2_PLACEMENT_3D('',#2576,#2577,#2578);
#2580=CIRCLE('',#2579,0.1);
#2581=EDGE_CURVE('',#2567,#2575,#2580,.T.);
#2582=ORIENTED_EDGE('',*,*,#2581,.T.);
#2583=CARTESIAN_POINT('',(51.068199764546463,-18.180750082720678,-4.5));
#2584=DIRECTION('',(0.0,0.0,1.0));
#2585=VECTOR('',#2584,9.0);
#2586=LINE('',#2583,#2585);
#2587=EDGE_CURVE('',#2575,#373,#2586,.T.);
#2588=ORIENTED_EDGE('',*,*,#2587,.T.);
#2589=EDGE_LOOP('',(#2565,#2573,#2582,#2588));
#2590=FACE_OUTER_BOUND('',#2589,.T.);
#2591=ADVANCED_FACE('',(#2590),#2564,.T.);
#2592=CARTESIAN_POINT('',(51.181076032826738,-18.338854899744767,0.0));
#2593=DIRECTION('',(0.0,-1.0,0.0));
#2594=DIRECTION('',(0.0,0.0,-1.0));
#2595=AXIS2_PLACEMENT_3D('',#2592,#2593,#2594);
#2596=PLANE('',#2595);
#2597=ORIENTED_EDGE('',*,*,#2572,.F.);
#2598=ORIENTED_EDGE('',*,*,#370,.T.);
#2599=CARTESIAN_POINT('',(50.690617189951006,-18.338854899744767,-4.5));
#2600=VERTEX_POINT('',#2599);
#2601=CARTESIAN_POINT('',(50.690617189951006,-18.338854899744767,-4.5));
#2602=DIRECTION('',(0.0,0.0,1.0));
#2603=VECTOR('',#2602,9.0);
#2604=LINE('',#2601,#2603);
#2605=EDGE_CURVE('',#2600,#356,#2604,.T.);
#2606=ORIENTED_EDGE('',*,*,#2605,.F.);
#2607=CARTESIAN_POINT('',(50.690617189950999,-18.338854899744767,-4.5));
#2608=DIRECTION('',(1.0,0.0,0.0));
#2609=VECTOR('',#2608,0.296195657719366);
#2610=LINE('',#2607,#2609);
#2611=EDGE_CURVE('',#2600,#2567,#2610,.T.);
#2612=ORIENTED_EDGE('',*,*,#2611,.T.);
#2613=EDGE_LOOP('',(#2597,#2598,#2606,#2612));
#2614=FACE_OUTER_BOUND('',#2613,.T.);
#2615=ADVANCED_FACE('',(#2614),#2596,.T.);
#2616=CARTESIAN_POINT('',(50.529917232669028,-19.08596607100921,0.0));
#2617=DIRECTION('',(0.0,0.0,1.0));
#2618=DIRECTION('',(0.889114213765792,-0.457685388536314,0.0));
#2619=AXIS2_PLACEMENT_3D('',#2616,#2617,#2618);
#2620=CYLINDRICAL_SURFACE('',#2619,0.1);
#2621=ORIENTED_EDGE('',*,*,#345,.T.);
#2622=CARTESIAN_POINT('',(50.529917232669028,-19.185966071009211,-4.5));
#2623=VERTEX_POINT('',#2622);
#2624=CARTESIAN_POINT('',(50.529917232669028,-19.185966071009211,4.5));
#2625=DIRECTION('',(0.0,0.0,-1.0));
#2626=VECTOR('',#2625,9.0);
#2627=LINE('',#2624,#2626);
#2628=EDGE_CURVE('',#331,#2623,#2627,.T.);
#2629=ORIENTED_EDGE('',*,*,#2628,.T.);
#2630=CARTESIAN_POINT('',(50.611304149545127,-19.027861253985122,-4.5));
#2631=VERTEX_POINT('',#2630);
#2632=CARTESIAN_POINT('',(50.529917232669028,-19.08596607100921,-4.5));
#2633=DIRECTION('',(0.0,0.0,1.0));
#2634=DIRECTION('',(0.889114213765792,-0.457685388536314,0.0));
#2635=AXIS2_PLACEMENT_3D('',#2632,#2633,#2634);
#2636=CIRCLE('',#2635,0.1);
#2637=EDGE_CURVE('',#2623,#2631,#2636,.T.);
#2638=ORIENTED_EDGE('',*,*,#2637,.T.);
#2639=CARTESIAN_POINT('',(50.611304149545127,-19.027861253985122,-4.5));
#2640=DIRECTION('',(0.0,0.0,1.0));
#2641=VECTOR('',#2640,9.0);
#2642=LINE('',#2639,#2641);
#2643=EDGE_CURVE('',#2631,#339,#2642,.T.);
#2644=ORIENTED_EDGE('',*,*,#2643,.T.);
#2645=EDGE_LOOP('',(#2621,#2629,#2638,#2644));
#2646=FACE_OUTER_BOUND('',#2645,.T.);
#2647=ADVANCED_FACE('',(#2646),#2620,.T.);
#2648=CARTESIAN_POINT('',(50.724180417825401,-19.185966071009211,0.0));
#2649=DIRECTION('',(0.0,-1.0,0.0));
#2650=DIRECTION('',(0.0,0.0,-1.0));
#2651=AXIS2_PLACEMENT_3D('',#2648,#2649,#2650);
#2652=PLANE('',#2651);
#2653=ORIENTED_EDGE('',*,*,#2628,.F.);
#2654=ORIENTED_EDGE('',*,*,#336,.T.);
#2655=CARTESIAN_POINT('',(50.225060365886961,-19.185966071009208,-4.5));
#2656=VERTEX_POINT('',#2655);
#2657=CARTESIAN_POINT('',(50.225060365886961,-19.185966071009208,-4.5));
#2658=DIRECTION('',(0.0,0.0,1.0));
#2659=VECTOR('',#2658,9.0);
#2660=LINE('',#2657,#2659);
#2661=EDGE_CURVE('',#2656,#322,#2660,.T.);
#2662=ORIENTED_EDGE('',*,*,#2661,.F.);
#2663=CARTESIAN_POINT('',(50.225060365886961,-19.185966071009211,-4.5));
#2664=DIRECTION('',(1.0,0.0,0.0));
#2665=VECTOR('',#2664,0.304856866782067);
#2666=LINE('',#2663,#2665);
#2667=EDGE_CURVE('',#2656,#2623,#2666,.T.);
#2668=ORIENTED_EDGE('',*,*,#2667,.T.);
#2669=EDGE_LOOP('',(#2653,#2654,#2662,#2668));
#2670=FACE_OUTER_BOUND('',#2669,.T.);
#2671=ADVANCED_FACE('',(#2670),#2652,.T.);
#2672=CARTESIAN_POINT('',(50.058725541930883,-19.925209379036023,0.0));
#2673=DIRECTION('',(0.0,0.0,1.0));
#2674=DIRECTION('',(0.889114213765792,-0.457685388536314,0.0));
#2675=AXIS2_PLACEMENT_3D('',#2672,#2673,#2674);
#2676=CYLINDRICAL_SURFACE('',#2675,0.1);
#2677=ORIENTED_EDGE('',*,*,#311,.T.);
#2678=CARTESIAN_POINT('',(50.058725541930883,-20.025209379036024,-4.5));
#2679=VERTEX_POINT('',#2678);
#2680=CARTESIAN_POINT('',(50.058725541930883,-20.025209379036024,4.5));
#2681=DIRECTION('',(0.0,0.0,-1.0));
#2682=VECTOR('',#2681,9.0);
#2683=LINE('',#2680,#2682);
#2684=EDGE_CURVE('',#297,#2679,#2683,.T.);
#2685=ORIENTED_EDGE('',*,*,#2684,.T.);
#2686=CARTESIAN_POINT('',(50.140112458806982,-19.867104562011942,-4.5));
#2687=VERTEX_POINT('',#2686);
#2688=CARTESIAN_POINT('',(50.058725541930883,-19.925209379036023,-4.5));
#2689=DIRECTION('',(0.0,0.0,1.0));
#2690=DIRECTION('',(0.889114213765792,-0.457685388536314,0.0));
#2691=AXIS2_PLACEMENT_3D('',#2688,#2689,#2690);
#2692=CIRCLE('',#2691,0.1);
#2693=EDGE_CURVE('',#2679,#2687,#2692,.T.);
#2694=ORIENTED_EDGE('',*,*,#2693,.T.);
#2695=CARTESIAN_POINT('',(50.140112458806982,-19.867104562011942,-4.5));
#2696=DIRECTION('',(0.0,0.0,1.0));
#2697=VECTOR('',#2696,9.0);
#2698=LINE('',#2695,#2697);
#2699=EDGE_CURVE('',#2687,#305,#2698,.T.);
#2700=ORIENTED_EDGE('',*,*,#2699,.T.);
#2701=EDGE_LOOP('',(#2677,#2685,#2694,#2700));
#2702=FACE_OUTER_BOUND('',#2701,.T.);
#2703=ADVANCED_FACE('',(#2702),#2676,.T.);
#2704=CARTESIAN_POINT('',(50.252988727087242,-20.025209379036024,0.0));
#2705=DIRECTION('',(0.0,-1.0,0.0));
#2706=DIRECTION('',(0.0,0.0,-1.0));
#2707=AXIS2_PLACEMENT_3D('',#2704,#2705,#2706);
#2708=PLANE('',#2707);
#2709=ORIENTED_EDGE('',*,*,#2684,.F.);
#2710=ORIENTED_EDGE('',*,*,#302,.T.);
#2711=CARTESIAN_POINT('',(49.745041413948243,-20.025209379036024,-4.5));
#2712=VERTEX_POINT('',#2711);
#2713=CARTESIAN_POINT('',(49.745041413948243,-20.025209379036024,-4.5));
#2714=DIRECTION('',(0.0,0.0,1.0));
#2715=VECTOR('',#2714,9.0);
#2716=LINE('',#2713,#2715);
#2717=EDGE_CURVE('',#2712,#288,#2716,.T.);
#2718=ORIENTED_EDGE('',*,*,#2717,.F.);
#2719=CARTESIAN_POINT('',(49.745041413948243,-20.025209379036024,-4.5));
#2720=DIRECTION('',(1.0,0.0,0.0));
#2721=VECTOR('',#2720,0.313684127982633);
#2722=LINE('',#2719,#2721);
#2723=EDGE_CURVE('',#2712,#2679,#2722,.T.);
#2724=ORIENTED_EDGE('',*,*,#2723,.T.);
#2725=EDGE_LOOP('',(#2709,#2710,#2718,#2724));
#2726=FACE_OUTER_BOUND('',#2725,.T.);
#2727=ADVANCED_FACE('',(#2726),#2708,.T.);
#2728=CARTESIAN_POINT('',(49.573373220258084,-20.756343581999246,0.0));
#2729=DIRECTION('',(0.0,0.0,1.0));
#2730=DIRECTION('',(0.889114213765872,-0.457685388536159,0.0));
#2731=AXIS2_PLACEMENT_3D('',#2728,#2729,#2730);
#2732=CYLINDRICAL_SURFACE('',#2731,0.1);
#2733=ORIENTED_EDGE('',*,*,#277,.T.);
#2734=CARTESIAN_POINT('',(49.573373220258084,-20.856343581999241,-4.5));
#2735=VERTEX_POINT('',#2734);
#2736=CARTESIAN_POINT('',(49.573373220258084,-20.856343581999241,4.5));
#2737=DIRECTION('',(0.0,0.0,-1.0));
#2738=VECTOR('',#2737,9.0);
#2739=LINE('',#2736,#2738);
#2740=EDGE_CURVE('',#263,#2735,#2739,.T.);
#2741=ORIENTED_EDGE('',*,*,#2740,.T.);
#2742=CARTESIAN_POINT('',(49.65476013713419,-20.698238764975162,-4.5));
#2743=VERTEX_POINT('',#2742);
#2744=CARTESIAN_POINT('',(49.573373220258084,-20.756343581999246,-4.5));
#2745=DIRECTION('',(0.0,0.0,1.0));
#2746=DIRECTION('',(0.889114213765872,-0.457685388536159,0.0));
#2747=AXIS2_PLACEMENT_3D('',#2744,#2745,#2746);
#2748=CIRCLE('',#2747,0.1);
#2749=EDGE_CURVE('',#2735,#2743,#2748,.T.);
#2750=ORIENTED_EDGE('',*,*,#2749,.T.);
#2751=CARTESIAN_POINT('',(49.65476013713419,-20.698238764975162,-4.5));
#2752=DIRECTION('',(0.0,0.0,1.0));
#2753=VECTOR('',#2752,9.0);
#2754=LINE('',#2751,#2753);
#2755=EDGE_CURVE('',#2743,#271,#2754,.T.);
#2756=ORIENTED_EDGE('',*,*,#2755,.T.);
#2757=EDGE_LOOP('',(#2733,#2741,#2750,#2756));
#2758=FACE_OUTER_BOUND('',#2757,.T.);
#2759=ADVANCED_FACE('',(#2758),#2732,.T.);
#2760=CARTESIAN_POINT('',(49.76763640541445,-20.856343581999241,0.0));
#2761=DIRECTION('',(0.0,-1.0,0.0));
#2762=DIRECTION('',(0.0,0.0,-1.0));
#2763=AXIS2_PLACEMENT_3D('',#2760,#2761,#2762);
#2764=PLANE('',#2763);
#2765=ORIENTED_EDGE('',*,*,#2740,.F.);
#2766=ORIENTED_EDGE('',*,*,#268,.T.);
#2767=CARTESIAN_POINT('',(49.250685666628698,-20.856343581999237,-4.5));
#2768=VERTEX_POINT('',#2767);
#2769=CARTESIAN_POINT('',(49.250685666628698,-20.856343581999237,-4.5));
#2770=DIRECTION('',(0.0,0.0,1.0));
#2771=VECTOR('',#2770,9.0);
#2772=LINE('',#2769,#2771);
#2773=EDGE_CURVE('',#2768,#254,#2772,.T.);
#2774=ORIENTED_EDGE('',*,*,#2773,.F.);
#2775=CARTESIAN_POINT('',(49.250685666628698,-20.856343581999241,-4.5));
#2776=DIRECTION('',(1.0,0.0,0.0));
#2777=VECTOR('',#2776,0.322687553629386);
#2778=LINE('',#2775,#2777);
#2779=EDGE_CURVE('',#2768,#2735,#2778,.T.);
#2780=ORIENTED_EDGE('',*,*,#2779,.T.);
#2781=EDGE_LOOP('',(#2765,#2766,#2774,#2780));
#2782=FACE_OUTER_BOUND('',#2781,.T.);
#2783=ADVANCED_FACE('',(#2782),#2764,.T.);
#2784=CARTESIAN_POINT('',(57.367754797332474,5.044308680258736,0.0));
#2785=DIRECTION('',(0.813869168761029,0.581048170240844,0.0));
#2786=DIRECTION('',(0.0,0.0,-1.0));
#2787=AXIS2_PLACEMENT_3D('',#2784,#2785,#2786);
#2788=PLANE('',#2787);
#2789=ORIENTED_EDGE('',*,*,#144,.F.);
#2790=CARTESIAN_POINT('',(57.367754797332466,5.044308680258744,-4.5));
#2791=VERTEX_POINT('',#2790);
#2792=CARTESIAN_POINT('',(57.535579907269785,4.809237493879658,-4.5));
#2793=DIRECTION('',(-0.581048170240844,0.813869168761028,0.0));
#2794=VECTOR('',#2793,0.288831664107552);
#2795=LINE('',#2792,#2794);
#2796=EDGE_CURVE('',#132,#2791,#2795,.T.);
#2797=ORIENTED_EDGE('',*,*,#2796,.T.);
#2798=CARTESIAN_POINT('',(57.367754797332466,5.044308680258744,-4.5));
#2799=DIRECTION('',(0.0,0.0,1.0));
#2800=VECTOR('',#2799,9.0);
#2801=LINE('',#2798,#2800);
#2802=EDGE_CURVE('',#2791,#187,#2801,.T.);
#2803=ORIENTED_EDGE('',*,*,#2802,.T.);
#2804=ORIENTED_EDGE('',*,*,#192,.T.);
#2805=EDGE_LOOP('',(#2789,#2797,#2803,#2804));
#2806=FACE_OUTER_BOUND('',#2805,.T.);
#2807=ADVANCED_FACE('',(#2806),#2788,.T.);
#2808=CARTESIAN_POINT('',(57.299697034245234,4.08424666123496,0.0));
#2809=DIRECTION('',(0.813869168761029,0.581048170240844,0.0));
#2810=DIRECTION('',(0.0,0.0,-1.0));
#2811=AXIS2_PLACEMENT_3D('',#2808,#2809,#2810);
#2812=PLANE('',#2811);
#2813=ORIENTED_EDGE('',*,*,#1243,.F.);
#2814=CARTESIAN_POINT('',(57.299697034245234,4.08424666123496,-4.5));
#2815=VERTEX_POINT('',#2814);
#2816=CARTESIAN_POINT('',(57.467522144182546,3.849175474855882,-4.5));
#2817=DIRECTION('',(-0.581048170240844,0.813869168761029,0.0));
#2818=VECTOR('',#2817,0.288831664107553);
#2819=LINE('',#2816,#2818);
#2820=EDGE_CURVE('',#1231,#2815,#2819,.T.);
#2821=ORIENTED_EDGE('',*,*,#2820,.T.);
#2822=CARTESIAN_POINT('',(57.299697034245213,4.084246661234941,4.5));
#2823=DIRECTION('',(0.0,0.0,-1.0));
#2824=VECTOR('',#2823,9.0);
#2825=LINE('',#2822,#2824);
#2826=EDGE_CURVE('',#1198,#2815,#2825,.T.);
#2827=ORIENTED_EDGE('',*,*,#2826,.F.);
#2828=ORIENTED_EDGE('',*,*,#1203,.T.);
#2829=EDGE_LOOP('',(#2813,#2821,#2827,#2828));
#2830=FACE_OUTER_BOUND('',#2829,.T.);
#2831=ADVANCED_FACE('',(#2830),#2812,.T.);
#2832=CARTESIAN_POINT('',(0.709624449680319,8.578299271691854,0.0));
#2833=DIRECTION('',(0.0,0.0,1.0));
#2834=DIRECTION('',(0.84370002032258,-0.536814936181622,0.0));
#2835=AXIS2_PLACEMENT_3D('',#2832,#2833,#2834);
#2836=CYLINDRICAL_SURFACE('',#2835,56.768237809464182);
#2837=ORIENTED_EDGE('',*,*,#1261,.T.);
#2838=ORIENTED_EDGE('',*,*,#1178,.T.);
#2839=CARTESIAN_POINT('',(57.215372364635414,3.125476464793877,-4.5));
#2840=VERTEX_POINT('',#2839);
#2841=CARTESIAN_POINT('',(57.215372364635414,3.12547646479387,4.5));
#2842=DIRECTION('',(0.0,0.0,-1.0));
#2843=VECTOR('',#2842,9.0);
#2844=LINE('',#2841,#2843);
#2845=EDGE_CURVE('',#1164,#2840,#2844,.T.);
#2846=ORIENTED_EDGE('',*,*,#2845,.T.);
#2847=CARTESIAN_POINT('',(0.709624449680319,8.578299271691854,-4.5));
#2848=DIRECTION('',(0.0,0.0,1.0));
#2849=DIRECTION('',(0.84370002032258,-0.536814936181622,0.0));
#2850=AXIS2_PLACEMENT_3D('',#2847,#2848,#2849);
#2851=CIRCLE('',#2850,56.768237809464182);
#2852=EDGE_CURVE('',#2840,#1256,#2851,.T.);
#2853=ORIENTED_EDGE('',*,*,#2852,.T.);
#2854=EDGE_LOOP('',(#2837,#2838,#2846,#2853));
#2855=FACE_OUTER_BOUND('',#2854,.T.);
#2856=ADVANCED_FACE('',(#2855),#2836,.T.);
#2857=CARTESIAN_POINT('',(0.709624449680319,8.578299271691854,0.0));
#2858=DIRECTION('',(0.0,0.0,1.0));
#2859=DIRECTION('',(0.84370002032258,-0.536814936181622,0.0));
#2860=AXIS2_PLACEMENT_3D('',#2857,#2858,#2859);
#2861=CYLINDRICAL_SURFACE('',#2860,56.768237809464182);
#2862=ORIENTED_EDGE('',*,*,#169,.T.);
#2863=ORIENTED_EDGE('',*,*,#1210,.T.);
#2864=ORIENTED_EDGE('',*,*,#2826,.T.);
#2865=CARTESIAN_POINT('',(0.709624449680319,8.578299271691854,-4.5));
#2866=DIRECTION('',(0.0,0.0,1.0));
#2867=DIRECTION('',(0.84370002032258,-0.536814936181622,0.0));
#2868=AXIS2_PLACEMENT_3D('',#2865,#2866,#2867);
#2869=CIRCLE('',#2868,56.768237809464182);
#2870=EDGE_CURVE('',#2815,#164,#2869,.T.);
#2871=ORIENTED_EDGE('',*,*,#2870,.T.);
#2872=EDGE_LOOP('',(#2862,#2863,#2864,#2871));
#2873=FACE_OUTER_BOUND('',#2872,.T.);
#2874=ADVANCED_FACE('',(#2873),#2861,.T.);
#2875=CARTESIAN_POINT('',(57.215372364635414,3.125476464793877,0.0));
#2876=DIRECTION('',(0.813869168761029,0.581048170240844,0.0));
#2877=DIRECTION('',(0.0,0.0,-1.0));
#2878=AXIS2_PLACEMENT_3D('',#2875,#2876,#2877);
#2879=PLANE('',#2878);
#2880=ORIENTED_EDGE('',*,*,#1299,.F.);
#2881=CARTESIAN_POINT('',(57.383197474572732,2.890405278414799,-4.5));
#2882=DIRECTION('',(-0.581048170240844,0.813869168761029,0.0));
#2883=VECTOR('',#2882,0.288831664107553);
#2884=LINE('',#2881,#2883);
#2885=EDGE_CURVE('',#1287,#2840,#2884,.T.);
#2886=ORIENTED_EDGE('',*,*,#2885,.T.);
#2887=ORIENTED_EDGE('',*,*,#2845,.F.);
#2888=ORIENTED_EDGE('',*,*,#1169,.T.);
#2889=EDGE_LOOP('',(#2880,#2886,#2887,#2888));
#2890=FACE_OUTER_BOUND('',#2889,.T.);
#2891=ADVANCED_FACE('',(#2890),#2879,.T.);
#2892=CARTESIAN_POINT('',(0.709624449680319,8.578299271691854,0.0));
#2893=DIRECTION('',(0.0,0.0,1.0));
#2894=DIRECTION('',(0.84370002032258,-0.536814936181622,0.0));
#2895=AXIS2_PLACEMENT_3D('',#2892,#2893,#2894);
#2896=CYLINDRICAL_SURFACE('',#2895,56.768237809464182);
#2897=ORIENTED_EDGE('',*,*,#1317,.T.);
#2898=ORIENTED_EDGE('',*,*,#1144,.T.);
#2899=CARTESIAN_POINT('',(57.114805027763673,2.168273690955962,-4.5));
#2900=VERTEX_POINT('',#2899);
#2901=CARTESIAN_POINT('',(57.114805027763666,2.168273690955944,4.5));
#2902=DIRECTION('',(0.0,0.0,-1.0));
#2903=VECTOR('',#2902,9.0);
#2904=LINE('',#2901,#2903);
#2905=EDGE_CURVE('',#1130,#2900,#2904,.T.);
#2906=ORIENTED_EDGE('',*,*,#2905,.T.);
#2907=CARTESIAN_POINT('',(0.709624449680319,8.578299271691854,-4.5));
#2908=DIRECTION('',(0.0,0.0,1.0));
#2909=DIRECTION('',(0.84370002032258,-0.536814936181622,0.0));
#2910=AXIS2_PLACEMENT_3D('',#2907,#2908,#2909);
#2911=CIRCLE('',#2910,56.768237809464182);
#2912=EDGE_CURVE('',#2900,#1312,#2911,.T.);
#2913=ORIENTED_EDGE('',*,*,#2912,.T.);
#2914=EDGE_LOOP('',(#2897,#2898,#2906,#2913));
#2915=FACE_OUTER_BOUND('',#2914,.T.);
#2916=ADVANCED_FACE('',(#2915),#2896,.T.);
#2917=CARTESIAN_POINT('',(57.114805027763673,2.168273690955962,0.0));
#2918=DIRECTION('',(0.813869168761029,0.581048170240844,0.0));
#2919=DIRECTION('',(0.0,0.0,-1.0));
#2920=AXIS2_PLACEMENT_3D('',#2917,#2918,#2919);
#2921=PLANE('',#2920);
#2922=ORIENTED_EDGE('',*,*,#1355,.F.);
#2923=CARTESIAN_POINT('',(57.282630137700984,1.933202504576884,-4.5));
#2924=DIRECTION('',(-0.581048170240844,0.813869168761028,0.0));
#2925=VECTOR('',#2924,0.288831664107552);
#2926=LINE('',#2923,#2925);
#2927=EDGE_CURVE('',#1343,#2900,#2926,.T.);
#2928=ORIENTED_EDGE('',*,*,#2927,.T.);
#2929=ORIENTED_EDGE('',*,*,#2905,.F.);
#2930=ORIENTED_EDGE('',*,*,#1135,.T.);
#2931=EDGE_LOOP('',(#2922,#2928,#2929,#2930));
#2932=FACE_OUTER_BOUND('',#2931,.T.);
#2933=ADVANCED_FACE('',(#2932),#2921,.T.);
#2934=CARTESIAN_POINT('',(0.709624449680319,8.578299271691854,0.0));
#2935=DIRECTION('',(0.0,0.0,1.0));
#2936=DIRECTION('',(0.84370002032258,-0.536814936181622,0.0));
#2937=AXIS2_PLACEMENT_3D('',#2934,#2935,#2936);
#2938=CYLINDRICAL_SURFACE('',#2937,56.768237809464182);
#2939=ORIENTED_EDGE('',*,*,#1373,.T.);
#2940=ORIENTED_EDGE('',*,*,#1110,.T.);
#2941=CARTESIAN_POINT('',(56.998023931871188,1.212913489183549,-4.5));
#2942=VERTEX_POINT('',#2941);
#2943=CARTESIAN_POINT('',(56.998023931871167,1.21291348918352,4.5));
#2944=DIRECTION('',(0.0,0.0,-1.0));
#2945=VECTOR('',#2944,9.0);
#2946=LINE('',#2943,#2945);
#2947=EDGE_CURVE('',#1096,#2942,#2946,.T.);
#2948=ORIENTED_EDGE('',*,*,#2947,.T.);
#2949=CARTESIAN_POINT('',(0.709624449680319,8.578299271691854,-4.5));
#2950=DIRECTION('',(0.0,0.0,1.0));
#2951=DIRECTION('',(0.84370002032258,-0.536814936181622,0.0));
#2952=AXIS2_PLACEMENT_3D('',#2949,#2950,#2951);
#2953=CIRCLE('',#2952,56.768237809464182);
#2954=EDGE_CURVE('',#2942,#1368,#2953,.T.);
#2955=ORIENTED_EDGE('',*,*,#2954,.T.);
#2956=EDGE_LOOP('',(#2939,#2940,#2948,#2955));
#2957=FACE_OUTER_BOUND('',#2956,.T.);
#2958=ADVANCED_FACE('',(#2957),#2938,.T.);
#2959=CARTESIAN_POINT('',(56.998023931871188,1.212913489183549,0.0));
#2960=DIRECTION('',(0.813869168761029,0.581048170240844,0.0));
#2961=DIRECTION('',(0.0,0.0,-1.0));
#2962=AXIS2_PLACEMENT_3D('',#2959,#2960,#2961);
#2963=PLANE('',#2962);
#2964=ORIENTED_EDGE('',*,*,#1411,.F.);
#2965=CARTESIAN_POINT('',(57.165849041808499,0.977842302804471,-4.5));
#2966=DIRECTION('',(-0.581048170240844,0.813869168761028,0.0));
#2967=VECTOR('',#2966,0.288831664107552);
#2968=LINE('',#2965,#2967);
#2969=EDGE_CURVE('',#1399,#2942,#2968,.T.);
#2970=ORIENTED_EDGE('',*,*,#2969,.T.);
#2971=ORIENTED_EDGE('',*,*,#2947,.F.);
#2972=ORIENTED_EDGE('',*,*,#1101,.T.);
#2973=EDGE_LOOP('',(#2964,#2970,#2971,#2972));
#2974=FACE_OUTER_BOUND('',#2973,.T.);
#2975=ADVANCED_FACE('',(#2974),#2963,.T.);
#2976=CARTESIAN_POINT('',(0.709624449680319,8.578299271691854,0.0));
#2977=DIRECTION('',(0.0,0.0,1.0));
#2978=DIRECTION('',(0.84370002032258,-0.536814936181622,0.0));
#2979=AXIS2_PLACEMENT_3D('',#2976,#2977,#2978);
#2980=CYLINDRICAL_SURFACE('',#2979,56.768237809464182);
#2981=ORIENTED_EDGE('',*,*,#1429,.T.);
#2982=ORIENTED_EDGE('',*,*,#1076,.T.);
#2983=CARTESIAN_POINT('',(56.865062645870019,0.259670479288703,-4.5));
#2984=VERTEX_POINT('',#2983);
#2985=CARTESIAN_POINT('',(56.86506264586999,0.259670479288692,4.5));
#2986=DIRECTION('',(0.0,0.0,-1.0));
#2987=VECTOR('',#2986,9.0);
#2988=LINE('',#2985,#2987);
#2989=EDGE_CURVE('',#1062,#2984,#2988,.T.);
#2990=ORIENTED_EDGE('',*,*,#2989,.T.);
#2991=CARTESIAN_POINT('',(0.709624449680319,8.578299271691854,-4.5));
#2992=DIRECTION('',(0.0,0.0,1.0));
#2993=DIRECTION('',(0.84370002032258,-0.536814936181622,0.0));
#2994=AXIS2_PLACEMENT_3D('',#2991,#2992,#2993);
#2995=CIRCLE('',#2994,56.768237809464182);
#2996=EDGE_CURVE('',#2984,#1424,#2995,.T.);
#2997=ORIENTED_EDGE('',*,*,#2996,.T.);
#2998=EDGE_LOOP('',(#2981,#2982,#2990,#2997));
#2999=FACE_OUTER_BOUND('',#2998,.T.);
#3000=ADVANCED_FACE('',(#2999),#2980,.T.);
#3001=CARTESIAN_POINT('',(56.865062645870019,0.259670479288703,0.0));
#3002=DIRECTION('',(0.813869168761029,0.581048170240844,0.0));
#3003=DIRECTION('',(0.0,0.0,-1.0));
#3004=AXIS2_PLACEMENT_3D('',#3001,#3002,#3003);
#3005=PLANE('',#3004);
#3006=ORIENTED_EDGE('',*,*,#1467,.F.);
#3007=CARTESIAN_POINT('',(57.03288775580733,0.024599292909625,-4.5));
#3008=DIRECTION('',(-0.581048170240844,0.813869168761028,0.0));
#3009=VECTOR('',#3008,0.288831664107552);
#3010=LINE('',#3007,#3009);
#3011=EDGE_CURVE('',#1455,#2984,#3010,.T.);
#3012=ORIENTED_EDGE('',*,*,#3011,.T.);
#3013=ORIENTED_EDGE('',*,*,#2989,.F.);
#3014=ORIENTED_EDGE('',*,*,#1067,.T.);
#3015=EDGE_LOOP('',(#3006,#3012,#3013,#3014));
#3016=FACE_OUTER_BOUND('',#3015,.T.);
#3017=ADVANCED_FACE('',(#3016),#3005,.T.);
#3018=CARTESIAN_POINT('',(0.709624449680319,8.578299271691854,0.0));
#3019=DIRECTION('',(0.0,0.0,1.0));
#3020=DIRECTION('',(0.84370002032258,-0.536814936181622,0.0));
#3021=AXIS2_PLACEMENT_3D('',#3018,#3019,#3020);
#3022=CYLINDRICAL_SURFACE('',#3021,56.768237809464182);
#3023=ORIENTED_EDGE('',*,*,#1485,.T.);
#3024=ORIENTED_EDGE('',*,*,#1042,.T.);
#3025=CARTESIAN_POINT('',(56.71595938969368,-0.691181327506709,-4.5));
#3026=VERTEX_POINT('',#3025);
#3027=CARTESIAN_POINT('',(56.715959389693666,-0.691181327506734,4.5));
#3028=DIRECTION('',(0.0,0.0,-1.0));
#3029=VECTOR('',#3028,9.0);
#3030=LINE('',#3027,#3029);
#3031=EDGE_CURVE('',#1028,#3026,#3030,.T.);
#3032=ORIENTED_EDGE('',*,*,#3031,.T.);
#3033=CARTESIAN_POINT('',(0.709624449680319,8.578299271691854,-4.5));
#3034=DIRECTION('',(0.0,0.0,1.0));
#3035=DIRECTION('',(0.84370002032258,-0.536814936181622,0.0));
#3036=AXIS2_PLACEMENT_3D('',#3033,#3034,#3035);
#3037=CIRCLE('',#3036,56.768237809464182);
#3038=EDGE_CURVE('',#3026,#1480,#3037,.T.);
#3039=ORIENTED_EDGE('',*,*,#3038,.T.);
#3040=EDGE_LOOP('',(#3023,#3024,#3032,#3039));
#3041=FACE_OUTER_BOUND('',#3040,.T.);
#3042=ADVANCED_FACE('',(#3041),#3022,.T.);
#3043=CARTESIAN_POINT('',(56.71595938969368,-0.691181327506709,0.0));
#3044=DIRECTION('',(0.813869168761029,0.581048170240844,0.0));
#3045=DIRECTION('',(0.0,0.0,-1.0));
#3046=AXIS2_PLACEMENT_3D('',#3043,#3044,#3045);
#3047=PLANE('',#3046);
#3048=ORIENTED_EDGE('',*,*,#1523,.F.);
#3049=CARTESIAN_POINT('',(56.883784499630991,-0.926252513885787,-4.5));
#3050=DIRECTION('',(-0.581048170240844,0.813869168761028,0.0));
#3051=VECTOR('',#3050,0.288831664107552);
#3052=LINE('',#3049,#3051);
#3053=EDGE_CURVE('',#1511,#3026,#3052,.T.);
#3054=ORIENTED_EDGE('',*,*,#3053,.T.);
#3055=ORIENTED_EDGE('',*,*,#3031,.F.);
#3056=ORIENTED_EDGE('',*,*,#1033,.T.);
#3057=EDGE_LOOP('',(#3048,#3054,#3055,#3056));
#3058=FACE_OUTER_BOUND('',#3057,.T.);
#3059=ADVANCED_FACE('',(#3058),#3047,.T.);
#3060=CARTESIAN_POINT('',(0.709624449680319,8.578299271691854,0.0));
#3061=DIRECTION('',(0.0,0.0,1.0));
#3062=DIRECTION('',(0.84370002032258,-0.536814936181622,0.0));
#3063=AXIS2_PLACEMENT_3D('',#3060,#3061,#3062);
#3064=CYLINDRICAL_SURFACE('',#3063,56.768237809464182);
#3065=ORIENTED_EDGE('',*,*,#1541,.T.);
#3066=ORIENTED_EDGE('',*,*,#1008,.T.);
#3067=CARTESIAN_POINT('',(56.550757023310695,-1.639368607335925,-4.5));
#3068=VERTEX_POINT('',#3067);
#3069=CARTESIAN_POINT('',(56.550757023310695,-1.639368607335943,4.5));
#3070=DIRECTION('',(0.0,0.0,-1.0));
#3071=VECTOR('',#3070,9.0);
#3072=LINE('',#3069,#3071);
#3073=EDGE_CURVE('',#994,#3068,#3072,.T.);
#3074=ORIENTED_EDGE('',*,*,#3073,.T.);
#3075=CARTESIAN_POINT('',(0.709624449680319,8.578299271691854,-4.5));
#3076=DIRECTION('',(0.0,0.0,1.0));
#3077=DIRECTION('',(0.84370002032258,-0.536814936181622,0.0));
#3078=AXIS2_PLACEMENT_3D('',#3075,#3076,#3077);
#3079=CIRCLE('',#3078,56.768237809464182);
#3080=EDGE_CURVE('',#3068,#1536,#3079,.T.);
#3081=ORIENTED_EDGE('',*,*,#3080,.T.);
#3082=EDGE_LOOP('',(#3065,#3066,#3074,#3081));
#3083=FACE_OUTER_BOUND('',#3082,.T.);
#3084=ADVANCED_FACE('',(#3083),#3064,.T.);
#3085=CARTESIAN_POINT('',(56.550757023310695,-1.639368607335925,0.0));
#3086=DIRECTION('',(0.813869168761029,0.581048170240844,0.0));
#3087=DIRECTION('',(0.0,0.0,-1.0));
#3088=AXIS2_PLACEMENT_3D('',#3085,#3086,#3087);
#3089=PLANE('',#3088);
#3090=ORIENTED_EDGE('',*,*,#1579,.F.);
#3091=CARTESIAN_POINT('',(56.718582133248013,-1.874439793715003,-4.5));
#3092=DIRECTION('',(-0.581048170240844,0.813869168761028,0.0));
#3093=VECTOR('',#3092,0.288831664107552);
#3094=LINE('',#3091,#3093);
#3095=EDGE_CURVE('',#1567,#3068,#3094,.T.);
#3096=ORIENTED_EDGE('',*,*,#3095,.T.);
#3097=ORIENTED_EDGE('',*,*,#3073,.F.);
#3098=ORIENTED_EDGE('',*,*,#999,.T.);
#3099=EDGE_LOOP('',(#3090,#3096,#3097,#3098));
#3100=FACE_OUTER_BOUND('',#3099,.T.);
#3101=ADVANCED_FACE('',(#3100),#3089,.T.);
#3102=CARTESIAN_POINT('',(0.709624449680319,8.578299271691854,0.0));
#3103=DIRECTION('',(0.0,0.0,1.0));
#3104=DIRECTION('',(0.84370002032258,-0.536814936181622,0.0));
#3105=AXIS2_PLACEMENT_3D('',#3102,#3103,#3104);
#3106=CYLINDRICAL_SURFACE('',#3105,56.768237809464182);
#3107=ORIENTED_EDGE('',*,*,#1597,.T.);
#3108=ORIENTED_EDGE('',*,*,#974,.T.);
#3109=CARTESIAN_POINT('',(56.369503034404495,-2.584618802254746,-4.5));
#3110=VERTEX_POINT('',#3109);
#3111=CARTESIAN_POINT('',(56.369503034404467,-2.584618802254783,4.5));
#3112=DIRECTION('',(0.0,0.0,-1.0));
#3113=VECTOR('',#3112,9.0);
#3114=LINE('',#3111,#3113);
#3115=EDGE_CURVE('',#960,#3110,#3114,.T.);
#3116=ORIENTED_EDGE('',*,*,#3115,.T.);
#3117=CARTESIAN_POINT('',(0.709624449680319,8.578299271691854,-4.5));
#3118=DIRECTION('',(0.0,0.0,1.0));
#3119=DIRECTION('',(0.84370002032258,-0.536814936181622,0.0));
#3120=AXIS2_PLACEMENT_3D('',#3117,#3118,#3119);
#3121=CIRCLE('',#3120,56.768237809464182);
#3122=EDGE_CURVE('',#3110,#1592,#3121,.T.);
#3123=ORIENTED_EDGE('',*,*,#3122,.T.);
#3124=EDGE_LOOP('',(#3107,#3108,#3116,#3123));
#3125=FACE_OUTER_BOUND('',#3124,.T.);
#3126=ADVANCED_FACE('',(#3125),#3106,.T.);
#3127=CARTESIAN_POINT('',(56.369503034404495,-2.584618802254746,0.0));
#3128=DIRECTION('',(0.813869168761029,0.581048170240844,0.0));
#3129=DIRECTION('',(0.0,0.0,-1.0));
#3130=AXIS2_PLACEMENT_3D('',#3127,#3128,#3129);
#3131=PLANE('',#3130);
#3132=ORIENTED_EDGE('',*,*,#1635,.F.);
#3133=CARTESIAN_POINT('',(56.537328144341807,-2.819689988633824,-4.5));
#3134=DIRECTION('',(-0.581048170240844,0.813869168761029,0.0));
#3135=VECTOR('',#3134,0.288831664107553);
#3136=LINE('',#3133,#3135);
#3137=EDGE_CURVE('',#1623,#3110,#3136,.T.);
#3138=ORIENTED_EDGE('',*,*,#3137,.T.);
#3139=ORIENTED_EDGE('',*,*,#3115,.F.);
#3140=ORIENTED_EDGE('',*,*,#965,.T.);
#3141=EDGE_LOOP('',(#3132,#3138,#3139,#3140));
#3142=FACE_OUTER_BOUND('',#3141,.T.);
#3143=ADVANCED_FACE('',(#3142),#3131,.T.);
#3144=CARTESIAN_POINT('',(0.709624449680319,8.578299271691854,0.0));
#3145=DIRECTION('',(0.0,0.0,1.0));
#3146=DIRECTION('',(0.84370002032258,-0.536814936181622,0.0));
#3147=AXIS2_PLACEMENT_3D('',#3144,#3145,#3146);
#3148=CYLINDRICAL_SURFACE('',#3147,56.768237809464182);
#3149=ORIENTED_EDGE('',*,*,#1653,.T.);
#3150=ORIENTED_EDGE('',*,*,#940,.T.);
#3151=CARTESIAN_POINT('',(56.172249524722929,-3.526660198588674,-4.5));
#3152=VERTEX_POINT('',#3151);
#3153=CARTESIAN_POINT('',(56.172249524722915,-3.526660198588698,4.5));
#3154=DIRECTION('',(0.0,0.0,-1.0));
#3155=VECTOR('',#3154,9.0);
#3156=LINE('',#3153,#3155);
#3157=EDGE_CURVE('',#926,#3152,#3156,.T.);
#3158=ORIENTED_EDGE('',*,*,#3157,.T.);
#3159=CARTESIAN_POINT('',(0.709624449680319,8.578299271691854,-4.5));
#3160=DIRECTION('',(0.0,0.0,1.0));
#3161=DIRECTION('',(0.84370002032258,-0.536814936181622,0.0));
#3162=AXIS2_PLACEMENT_3D('',#3159,#3160,#3161);
#3163=CIRCLE('',#3162,56.768237809464182);
#3164=EDGE_CURVE('',#3152,#1648,#3163,.T.);
#3165=ORIENTED_EDGE('',*,*,#3164,.T.);
#3166=EDGE_LOOP('',(#3149,#3150,#3158,#3165));
#3167=FACE_OUTER_BOUND('',#3166,.T.);
#3168=ADVANCED_FACE('',(#3167),#3148,.T.);
#3169=CARTESIAN_POINT('',(56.172249524722929,-3.526660198588674,0.0));
#3170=DIRECTION('',(0.813869168761029,0.581048170240844,0.0));
#3171=DIRECTION('',(0.0,0.0,-1.0));
#3172=AXIS2_PLACEMENT_3D('',#3169,#3170,#3171);
#3173=PLANE('',#3172);
#3174=ORIENTED_EDGE('',*,*,#1691,.F.);
#3175=CARTESIAN_POINT('',(56.340074634660247,-3.761731384967752,-4.5));
#3176=DIRECTION('',(-0.581048170240844,0.813869168761029,0.0));
#3177=VECTOR('',#3176,0.288831664107553);
#3178=LINE('',#3175,#3177);
#3179=EDGE_CURVE('',#1679,#3152,#3178,.T.);
#3180=ORIENTED_EDGE('',*,*,#3179,.T.);
#3181=ORIENTED_EDGE('',*,*,#3157,.F.);
#3182=ORIENTED_EDGE('',*,*,#931,.T.);
#3183=EDGE_LOOP('',(#3174,#3180,#3181,#3182));
#3184=FACE_OUTER_BOUND('',#3183,.T.);
#3185=ADVANCED_FACE('',(#3184),#3173,.T.);
#3186=CARTESIAN_POINT('',(0.709624449680319,8.578299271691854,0.0));
#3187=DIRECTION('',(0.0,0.0,1.0));
#3188=DIRECTION('',(0.84370002032258,-0.536814936181622,0.0));
#3189=AXIS2_PLACEMENT_3D('',#3186,#3187,#3188);
#3190=CYLINDRICAL_SURFACE('',#3189,56.768237809464182);
#3191=ORIENTED_EDGE('',*,*,#1709,.T.);
#3192=ORIENTED_EDGE('',*,*,#906,.T.);
#3193=CARTESIAN_POINT('',(55.959053195101646,-4.465222005037493,-4.5));
#3194=VERTEX_POINT('',#3193);
#3195=CARTESIAN_POINT('',(55.959053195101632,-4.465222005037499,4.5));
#3196=DIRECTION('',(0.0,0.0,-1.0));
#3197=VECTOR('',#3196,9.0);
#3198=LINE('',#3195,#3197);
#3199=EDGE_CURVE('',#892,#3194,#3198,.T.);
#3200=ORIENTED_EDGE('',*,*,#3199,.T.);
#3201=CARTESIAN_POINT('',(0.709624449680319,8.578299271691854,-4.5));
#3202=DIRECTION('',(0.0,0.0,1.0));
#3203=DIRECTION('',(0.84370002032258,-0.536814936181622,0.0));
#3204=AXIS2_PLACEMENT_3D('',#3201,#3202,#3203);
#3205=CIRCLE('',#3204,56.768237809464182);
#3206=EDGE_CURVE('',#3194,#1704,#3205,.T.);
#3207=ORIENTED_EDGE('',*,*,#3206,.T.);
#3208=EDGE_LOOP('',(#3191,#3192,#3200,#3207));
#3209=FACE_OUTER_BOUND('',#3208,.T.);
#3210=ADVANCED_FACE('',(#3209),#3190,.T.);
#3211=CARTESIAN_POINT('',(55.959053195101646,-4.465222005037493,0.0));
#3212=DIRECTION('',(0.813869168761029,0.581048170240844,0.0));
#3213=DIRECTION('',(0.0,0.0,-1.0));
#3214=AXIS2_PLACEMENT_3D('',#3211,#3212,#3213);
#3215=PLANE('',#3214);
#3216=ORIENTED_EDGE('',*,*,#1747,.F.);
#3217=CARTESIAN_POINT('',(56.126878305038957,-4.700293191416571,-4.5));
#3218=DIRECTION('',(-0.581048170240844,0.813869168761028,0.0));
#3219=VECTOR('',#3218,0.288831664107552);
#3220=LINE('',#3217,#3219);
#3221=EDGE_CURVE('',#1735,#3194,#3220,.T.);
#3222=ORIENTED_EDGE('',*,*,#3221,.T.);
#3223=ORIENTED_EDGE('',*,*,#3199,.F.);
#3224=ORIENTED_EDGE('',*,*,#897,.T.);
#3225=EDGE_LOOP('',(#3216,#3222,#3223,#3224));
#3226=FACE_OUTER_BOUND('',#3225,.T.);
#3227=ADVANCED_FACE('',(#3226),#3215,.T.);
#3228=CARTESIAN_POINT('',(0.709624449680319,8.578299271691854,0.0));
#3229=DIRECTION('',(0.0,0.0,1.0));
#3230=DIRECTION('',(0.84370002032258,-0.536814936181622,0.0));
#3231=AXIS2_PLACEMENT_3D('',#3228,#3229,#3230);
#3232=CYLINDRICAL_SURFACE('',#3231,56.768237809464182);
#3233=ORIENTED_EDGE('',*,*,#1765,.T.);
#3234=ORIENTED_EDGE('',*,*,#872,.T.);
#3235=CARTESIAN_POINT('',(55.729975329165242,-5.400034430514664,-4.5));
#3236=VERTEX_POINT('',#3235);
#3237=CARTESIAN_POINT('',(55.729975329165228,-5.400034430514693,4.5));
#3238=DIRECTION('',(0.0,0.0,-1.0));
#3239=VECTOR('',#3238,9.0);
#3240=LINE('',#3237,#3239);
#3241=EDGE_CURVE('',#858,#3236,#3240,.T.);
#3242=ORIENTED_EDGE('',*,*,#3241,.T.);
#3243=CARTESIAN_POINT('',(0.709624449680319,8.578299271691854,-4.5));
#3244=DIRECTION('',(0.0,0.0,1.0));
#3245=DIRECTION('',(0.84370002032258,-0.536814936181622,0.0));
#3246=AXIS2_PLACEMENT_3D('',#3243,#3244,#3245);
#3247=CIRCLE('',#3246,56.768237809464182);
#3248=EDGE_CURVE('',#3236,#1760,#3247,.T.);
#3249=ORIENTED_EDGE('',*,*,#3248,.T.);
#3250=EDGE_LOOP('',(#3233,#3234,#3242,#3249));
#3251=FACE_OUTER_BOUND('',#3250,.T.);
#3252=ADVANCED_FACE('',(#3251),#3232,.T.);
#3253=CARTESIAN_POINT('',(55.729975329165242,-5.400034430514664,0.0));
#3254=DIRECTION('',(0.813869168761029,0.581048170240844,0.0));
#3255=DIRECTION('',(0.0,0.0,-1.0));
#3256=AXIS2_PLACEMENT_3D('',#3253,#3254,#3255);
#3257=PLANE('',#3256);
#3258=ORIENTED_EDGE('',*,*,#1803,.F.);
#3259=CARTESIAN_POINT('',(55.897800439102554,-5.635105616893742,-4.5));
#3260=DIRECTION('',(-0.581048170240844,0.813869168761028,0.0));
#3261=VECTOR('',#3260,0.288831664107552);
#3262=LINE('',#3259,#3261);
#3263=EDGE_CURVE('',#1791,#3236,#3262,.T.);
#3264=ORIENTED_EDGE('',*,*,#3263,.T.);
#3265=ORIENTED_EDGE('',*,*,#3241,.F.);
#3266=ORIENTED_EDGE('',*,*,#863,.T.);
#3267=EDGE_LOOP('',(#3258,#3264,#3265,#3266));
#3268=FACE_OUTER_BOUND('',#3267,.T.);
#3269=ADVANCED_FACE('',(#3268),#3257,.T.);
#3270=CARTESIAN_POINT('',(0.709624449680319,8.578299271691854,0.0));
#3271=DIRECTION('',(0.0,0.0,1.0));
#3272=DIRECTION('',(0.84370002032258,-0.536814936181622,0.0));
#3273=AXIS2_PLACEMENT_3D('',#3270,#3271,#3272);
#3274=CYLINDRICAL_SURFACE('',#3273,56.768237809464182);
#3275=ORIENTED_EDGE('',*,*,#1821,.T.);
#3276=ORIENTED_EDGE('',*,*,#838,.T.);
#3277=CARTESIAN_POINT('',(55.485081775711237,-6.33082876169913,-4.5));
#3278=VERTEX_POINT('',#3277);
#3279=CARTESIAN_POINT('',(55.485081775711222,-6.330828761699148,4.5));
#3280=DIRECTION('',(0.0,0.0,-1.0));
#3281=VECTOR('',#3280,9.0);
#3282=LINE('',#3279,#3281);
#3283=EDGE_CURVE('',#824,#3278,#3282,.T.);
#3284=ORIENTED_EDGE('',*,*,#3283,.T.);
#3285=CARTESIAN_POINT('',(0.709624449680319,8.578299271691854,-4.5));
#3286=DIRECTION('',(0.0,0.0,1.0));
#3287=DIRECTION('',(0.84370002032258,-0.536814936181622,0.0));
#3288=AXIS2_PLACEMENT_3D('',#3285,#3286,#3287);
#3289=CIRCLE('',#3288,56.768237809464182);
#3290=EDGE_CURVE('',#3278,#1816,#3289,.T.);
#3291=ORIENTED_EDGE('',*,*,#3290,.T.);
#3292=EDGE_LOOP('',(#3275,#3276,#3284,#3291));
#3293=FACE_OUTER_BOUND('',#3292,.T.);
#3294=ADVANCED_FACE('',(#3293),#3274,.T.);
#3295=CARTESIAN_POINT('',(55.485081775711237,-6.33082876169913,0.0));
#3296=DIRECTION('',(0.813869168761029,0.581048170240844,0.0));
#3297=DIRECTION('',(0.0,0.0,-1.0));
#3298=AXIS2_PLACEMENT_3D('',#3295,#3296,#3297);
#3299=PLANE('',#3298);
#3300=ORIENTED_EDGE('',*,*,#1859,.F.);
#3301=CARTESIAN_POINT('',(55.652906885648555,-6.565899948078208,-4.5));
#3302=DIRECTION('',(-0.581048170240844,0.813869168761028,0.0));
#3303=VECTOR('',#3302,0.288831664107552);
#3304=LINE('',#3301,#3303);
#3305=EDGE_CURVE('',#1847,#3278,#3304,.T.);
#3306=ORIENTED_EDGE('',*,*,#3305,.T.);
#3307=ORIENTED_EDGE('',*,*,#3283,.F.);
#3308=ORIENTED_EDGE('',*,*,#829,.T.);
#3309=EDGE_LOOP('',(#3300,#3306,#3307,#3308));
#3310=FACE_OUTER_BOUND('',#3309,.T.);
#3311=ADVANCED_FACE('',(#3310),#3299,.T.);
#3312=CARTESIAN_POINT('',(0.709624449680319,8.578299271691854,0.0));
#3313=DIRECTION('',(0.0,0.0,1.0));
#3314=DIRECTION('',(0.84370002032258,-0.536814936181622,0.0));
#3315=AXIS2_PLACEMENT_3D('',#3312,#3313,#3314);
#3316=CYLINDRICAL_SURFACE('',#3315,56.768237809464182);
#3317=ORIENTED_EDGE('',*,*,#1877,.T.);
#3318=ORIENTED_EDGE('',*,*,#804,.T.);
#3319=CARTESIAN_POINT('',(55.224442929781752,-7.257337440277496,-4.5));
#3320=VERTEX_POINT('',#3319);
#3321=CARTESIAN_POINT('',(55.224442929781723,-7.257337440277527,4.5));
#3322=DIRECTION('',(0.0,0.0,-1.0));
#3323=VECTOR('',#3322,9.0);
#3324=LINE('',#3321,#3323);
#3325=EDGE_CURVE('',#790,#3320,#3324,.T.);
#3326=ORIENTED_EDGE('',*,*,#3325,.T.);
#3327=CARTESIAN_POINT('',(0.709624449680319,8.578299271691854,-4.5));
#3328=DIRECTION('',(0.0,0.0,1.0));
#3329=DIRECTION('',(0.84370002032258,-0.536814936181622,0.0));
#3330=AXIS2_PLACEMENT_3D('',#3327,#3328,#3329);
#3331=CIRCLE('',#3330,56.768237809464182);
#3332=EDGE_CURVE('',#3320,#1872,#3331,.T.);
#3333=ORIENTED_EDGE('',*,*,#3332,.T.);
#3334=EDGE_LOOP('',(#3317,#3318,#3326,#3333));
#3335=FACE_OUTER_BOUND('',#3334,.T.);
#3336=ADVANCED_FACE('',(#3335),#3316,.T.);
#3337=CARTESIAN_POINT('',(55.224442929781752,-7.257337440277496,0.0));
#3338=DIRECTION('',(0.813869168761029,0.581048170240844,0.0));
#3339=DIRECTION('',(0.0,0.0,-1.0));
#3340=AXIS2_PLACEMENT_3D('',#3337,#3338,#3339);
#3341=PLANE('',#3340);
#3342=ORIENTED_EDGE('',*,*,#1915,.F.);
#3343=CARTESIAN_POINT('',(55.392268039719063,-7.492408626656574,-4.5));
#3344=DIRECTION('',(-0.581048170240844,0.813869168761028,0.0));
#3345=VECTOR('',#3344,0.288831664107552);
#3346=LINE('',#3343,#3345);
#3347=EDGE_CURVE('',#1903,#3320,#3346,.T.);
#3348=ORIENTED_EDGE('',*,*,#3347,.T.);
#3349=ORIENTED_EDGE('',*,*,#3325,.F.);
#3350=ORIENTED_EDGE('',*,*,#795,.T.);
#3351=EDGE_LOOP('',(#3342,#3348,#3349,#3350));
#3352=FACE_OUTER_BOUND('',#3351,.T.);
#3353=ADVANCED_FACE('',(#3352),#3341,.T.);
#3354=CARTESIAN_POINT('',(0.709624449680319,8.578299271691854,0.0));
#3355=DIRECTION('',(0.0,0.0,1.0));
#3356=DIRECTION('',(0.84370002032258,-0.536814936181622,0.0));
#3357=AXIS2_PLACEMENT_3D('',#3354,#3355,#3356);
#3358=CYLINDRICAL_SURFACE('',#3357,56.768237809464182);
#3359=ORIENTED_EDGE('',*,*,#1933,.T.);
#3360=ORIENTED_EDGE('',*,*,#770,.T.);
#3361=CARTESIAN_POINT('',(54.948133712428273,-8.179294139853983,-4.5));
#3362=VERTEX_POINT('',#3361);
#3363=CARTESIAN_POINT('',(54.948133712428245,-8.179294139854019,4.5));
#3364=DIRECTION('',(0.0,0.0,-1.0));
#3365=VECTOR('',#3364,9.0);
#3366=LINE('',#3363,#3365);
#3367=EDGE_CURVE('',#756,#3362,#3366,.T.);
#3368=ORIENTED_EDGE('',*,*,#3367,.T.);
#3369=CARTESIAN_POINT('',(0.709624449680319,8.578299271691854,-4.5));
#3370=DIRECTION('',(0.0,0.0,1.0));
#3371=DIRECTION('',(0.84370002032258,-0.536814936181622,0.0));
#3372=AXIS2_PLACEMENT_3D('',#3369,#3370,#3371);
#3373=CIRCLE('',#3372,56.768237809464182);
#3374=EDGE_CURVE('',#3362,#1928,#3373,.T.);
#3375=ORIENTED_EDGE('',*,*,#3374,.T.);
#3376=EDGE_LOOP('',(#3359,#3360,#3368,#3375));
#3377=FACE_OUTER_BOUND('',#3376,.T.);
#3378=ADVANCED_FACE('',(#3377),#3358,.T.);
#3379=CARTESIAN_POINT('',(54.948133712428273,-8.179294139853983,0.0));
#3380=DIRECTION('',(0.813869168761029,0.581048170240844,0.0));
#3381=DIRECTION('',(0.0,0.0,-1.0));
#3382=AXIS2_PLACEMENT_3D('',#3379,#3380,#3381);
#3383=PLANE('',#3382);
#3384=ORIENTED_EDGE('',*,*,#1971,.F.);
#3385=CARTESIAN_POINT('',(55.115958822365585,-8.41436532623306,-4.5));
#3386=DIRECTION('',(-0.581048170240846,0.813869168761027,0.0));
#3387=VECTOR('',#3386,0.288831664107551);
#3388=LINE('',#3385,#3387);
#3389=EDGE_CURVE('',#1959,#3362,#3388,.T.);
#3390=ORIENTED_EDGE('',*,*,#3389,.T.);
#3391=ORIENTED_EDGE('',*,*,#3367,.F.);
#3392=ORIENTED_EDGE('',*,*,#761,.T.);
#3393=EDGE_LOOP('',(#3384,#3390,#3391,#3392));
#3394=FACE_OUTER_BOUND('',#3393,.T.);
#3395=ADVANCED_FACE('',(#3394),#3383,.T.);
#3396=CARTESIAN_POINT('',(0.709624449680319,8.578299271691854,0.0));
#3397=DIRECTION('',(0.0,0.0,1.0));
#3398=DIRECTION('',(0.84370002032258,-0.536814936181622,0.0));
#3399=AXIS2_PLACEMENT_3D('',#3396,#3397,#3398);
#3400=CYLINDRICAL_SURFACE('',#3399,56.768237809464182);
#3401=ORIENTED_EDGE('',*,*,#1989,.T.);
#3402=ORIENTED_EDGE('',*,*,#736,.T.);
#3403=CARTESIAN_POINT('',(54.656233549175539,-9.09643384250648,-4.5));
#3404=VERTEX_POINT('',#3403);
#3405=CARTESIAN_POINT('',(54.656233549175525,-9.096433842506508,4.5));
#3406=DIRECTION('',(0.0,0.0,-1.0));
#3407=VECTOR('',#3406,9.0);
#3408=LINE('',#3405,#3407);
#3409=EDGE_CURVE('',#722,#3404,#3408,.T.);
#3410=ORIENTED_EDGE('',*,*,#3409,.T.);
#3411=CARTESIAN_POINT('',(0.709624449680319,8.578299271691854,-4.5));
#3412=DIRECTION('',(0.0,0.0,1.0));
#3413=DIRECTION('',(0.84370002032258,-0.536814936181622,0.0));
#3414=AXIS2_PLACEMENT_3D('',#3411,#3412,#3413);
#3415=CIRCLE('',#3414,56.768237809464182);
#3416=EDGE_CURVE('',#3404,#1984,#3415,.T.);
#3417=ORIENTED_EDGE('',*,*,#3416,.T.);
#3418=EDGE_LOOP('',(#3401,#3402,#3410,#3417));
#3419=FACE_OUTER_BOUND('',#3418,.T.);
#3420=ADVANCED_FACE('',(#3419),#3400,.T.);
#3421=CARTESIAN_POINT('',(54.656233549175539,-9.09643384250648,0.0));
#3422=DIRECTION('',(0.813869168761029,0.581048170240844,0.0));
#3423=DIRECTION('',(0.0,0.0,-1.0));
#3424=AXIS2_PLACEMENT_3D('',#3421,#3422,#3423);
#3425=PLANE('',#3424);
#3426=ORIENTED_EDGE('',*,*,#2027,.F.);
#3427=CARTESIAN_POINT('',(54.82405865911285,-9.331505028885557,-4.5));
#3428=DIRECTION('',(-0.581048170240846,0.813869168761027,0.0));
#3429=VECTOR('',#3428,0.288831664107551);
#3430=LINE('',#3427,#3429);
#3431=EDGE_CURVE('',#2015,#3404,#3430,.T.);
#3432=ORIENTED_EDGE('',*,*,#3431,.T.);
#3433=ORIENTED_EDGE('',*,*,#3409,.F.);
#3434=ORIENTED_EDGE('',*,*,#727,.T.);
#3435=EDGE_LOOP('',(#3426,#3432,#3433,#3434));
#3436=FACE_OUTER_BOUND('',#3435,.T.);
#3437=ADVANCED_FACE('',(#3436),#3425,.T.);
#3438=CARTESIAN_POINT('',(0.709624449680319,8.578299271691854,0.0));
#3439=DIRECTION('',(0.0,0.0,1.0));
#3440=DIRECTION('',(0.84370002032258,-0.536814936181622,0.0));
#3441=AXIS2_PLACEMENT_3D('',#3438,#3439,#3440);
#3442=CYLINDRICAL_SURFACE('',#3441,56.768237809464182);
#3443=ORIENTED_EDGE('',*,*,#2045,.T.);
#3444=ORIENTED_EDGE('',*,*,#702,.T.);
#3445=CARTESIAN_POINT('',(54.348826347190531,-10.008492914966283,-4.5));
#3446=VERTEX_POINT('',#3445);
#3447=CARTESIAN_POINT('',(54.348826347190524,-10.008492914966302,4.5));
#3448=DIRECTION('',(0.0,0.0,-1.0));
#3449=VECTOR('',#3448,9.0);
#3450=LINE('',#3447,#3449);
#3451=EDGE_CURVE('',#688,#3446,#3450,.T.);
#3452=ORIENTED_EDGE('',*,*,#3451,.T.);
#3453=CARTESIAN_POINT('',(0.709624449680319,8.578299271691854,-4.5));
#3454=DIRECTION('',(0.0,0.0,1.0));
#3455=DIRECTION('',(0.84370002032258,-0.536814936181622,0.0));
#3456=AXIS2_PLACEMENT_3D('',#3453,#3454,#3455);
#3457=CIRCLE('',#3456,56.768237809464182);
#3458=EDGE_CURVE('',#3446,#2040,#3457,.T.);
#3459=ORIENTED_EDGE('',*,*,#3458,.T.);
#3460=EDGE_LOOP('',(#3443,#3444,#3452,#3459));
#3461=FACE_OUTER_BOUND('',#3460,.T.);
#3462=ADVANCED_FACE('',(#3461),#3442,.T.);
#3463=CARTESIAN_POINT('',(54.348826347190531,-10.008492914966283,0.0));
#3464=DIRECTION('',(0.813869168761029,0.581048170240844,0.0));
#3465=DIRECTION('',(0.0,0.0,-1.0));
#3466=AXIS2_PLACEMENT_3D('',#3463,#3464,#3465);
#3467=PLANE('',#3466);
#3468=ORIENTED_EDGE('',*,*,#2083,.F.);
#3469=CARTESIAN_POINT('',(54.516651457127843,-10.24356410134536,-4.5));
#3470=DIRECTION('',(-0.581048170240846,0.813869168761027,0.0));
#3471=VECTOR('',#3470,0.288831664107551);
#3472=LINE('',#3469,#3471);
#3473=EDGE_CURVE('',#2071,#3446,#3472,.T.);
#3474=ORIENTED_EDGE('',*,*,#3473,.T.);
#3475=ORIENTED_EDGE('',*,*,#3451,.F.);
#3476=ORIENTED_EDGE('',*,*,#693,.T.);
#3477=EDGE_LOOP('',(#3468,#3474,#3475,#3476));
#3478=FACE_OUTER_BOUND('',#3477,.T.);
#3479=ADVANCED_FACE('',(#3478),#3467,.T.);
#3480=CARTESIAN_POINT('',(0.709624449680319,8.578299271691854,0.0));
#3481=DIRECTION('',(0.0,0.0,1.0));
#3482=DIRECTION('',(0.84370002032258,-0.536814936181622,0.0));
#3483=AXIS2_PLACEMENT_3D('',#3480,#3481,#3482);
#3484=CYLINDRICAL_SURFACE('',#3483,56.768237809464182);
#3485=ORIENTED_EDGE('',*,*,#2101,.T.);
#3486=ORIENTED_EDGE('',*,*,#668,.T.);
#3487=CARTESIAN_POINT('',(54.026000471163229,-10.915209184399933,-4.5));
#3488=VERTEX_POINT('',#3487);
#3489=CARTESIAN_POINT('',(54.026000471163201,-10.91520918439997,4.5));
#3490=DIRECTION('',(0.0,0.0,-1.0));
#3491=VECTOR('',#3490,9.0);
#3492=LINE('',#3489,#3491);
#3493=EDGE_CURVE('',#654,#3488,#3492,.T.);
#3494=ORIENTED_EDGE('',*,*,#3493,.T.);
#3495=CARTESIAN_POINT('',(0.709624449680319,8.578299271691854,-4.5));
#3496=DIRECTION('',(0.0,0.0,1.0));
#3497=DIRECTION('',(0.84370002032258,-0.536814936181622,0.0));
#3498=AXIS2_PLACEMENT_3D('',#3495,#3496,#3497);
#3499=CIRCLE('',#3498,56.768237809464182);
#3500=EDGE_CURVE('',#3488,#2096,#3499,.T.);
#3501=ORIENTED_EDGE('',*,*,#3500,.T.);
#3502=EDGE_LOOP('',(#3485,#3486,#3494,#3501));
#3503=FACE_OUTER_BOUND('',#3502,.T.);
#3504=ADVANCED_FACE('',(#3503),#3484,.T.);
#3505=CARTESIAN_POINT('',(54.026000471163229,-10.915209184399933,0.0));
#3506=DIRECTION('',(0.813869168761029,0.581048170240844,0.0));
#3507=DIRECTION('',(0.0,0.0,-1.0));
#3508=AXIS2_PLACEMENT_3D('',#3505,#3506,#3507);
#3509=PLANE('',#3508);
#3510=ORIENTED_EDGE('',*,*,#2139,.F.);
#3511=CARTESIAN_POINT('',(54.19382558110054,-11.15028037077901,-4.5));
#3512=DIRECTION('',(-0.581048170240846,0.813869168761027,0.0));
#3513=VECTOR('',#3512,0.288831664107551);
#3514=LINE('',#3511,#3513);
#3515=EDGE_CURVE('',#2127,#3488,#3514,.T.);
#3516=ORIENTED_EDGE('',*,*,#3515,.T.);
#3517=ORIENTED_EDGE('',*,*,#3493,.F.);
#3518=ORIENTED_EDGE('',*,*,#659,.T.);
#3519=EDGE_LOOP('',(#3510,#3516,#3517,#3518));
#3520=FACE_OUTER_BOUND('',#3519,.T.);
#3521=ADVANCED_FACE('',(#3520),#3509,.T.);
#3522=CARTESIAN_POINT('',(0.709624449680319,8.578299271691854,0.0));
#3523=DIRECTION('',(0.0,0.0,1.0));
#3524=DIRECTION('',(0.84370002032258,-0.536814936181622,0.0));
#3525=AXIS2_PLACEMENT_3D('',#3522,#3523,#3524);
#3526=CYLINDRICAL_SURFACE('',#3525,56.768237809464182);
#3527=ORIENTED_EDGE('',*,*,#2157,.T.);
#3528=ORIENTED_EDGE('',*,*,#634,.T.);
#3529=CARTESIAN_POINT('',(53.687848717905993,-11.816322013771218,-4.5));
#3530=VERTEX_POINT('',#3529);
#3531=CARTESIAN_POINT('',(53.687848717905986,-11.816322013771249,4.5));
#3532=DIRECTION('',(0.0,0.0,-1.0));
#3533=VECTOR('',#3532,9.0);
#3534=LINE('',#3531,#3533);
#3535=EDGE_CURVE('',#620,#3530,#3534,.T.);
#3536=ORIENTED_EDGE('',*,*,#3535,.T.);
#3537=CARTESIAN_POINT('',(0.709624449680319,8.578299271691854,-4.5));
#3538=DIRECTION('',(0.0,0.0,1.0));
#3539=DIRECTION('',(0.84370002032258,-0.536814936181622,0.0));
#3540=AXIS2_PLACEMENT_3D('',#3537,#3538,#3539);
#3541=CIRCLE('',#3540,56.768237809464182);
#3542=EDGE_CURVE('',#3530,#2152,#3541,.T.);
#3543=ORIENTED_EDGE('',*,*,#3542,.T.);
#3544=EDGE_LOOP('',(#3527,#3528,#3536,#3543));
#3545=FACE_OUTER_BOUND('',#3544,.T.);
#3546=ADVANCED_FACE('',(#3545),#3526,.T.);
#3547=CARTESIAN_POINT('',(53.687848717905993,-11.816322013771218,0.0));
#3548=DIRECTION('',(0.813869168761029,0.581048170240844,0.0));
#3549=DIRECTION('',(0.0,0.0,-1.0));
#3550=AXIS2_PLACEMENT_3D('',#3547,#3548,#3549);
#3551=PLANE('',#3550);
#3552=ORIENTED_EDGE('',*,*,#2195,.F.);
#3553=CARTESIAN_POINT('',(53.855673827843312,-12.051393200150295,-4.5));
#3554=DIRECTION('',(-0.581048170240846,0.813869168761027,0.0));
#3555=VECTOR('',#3554,0.288831664107551);
#3556=LINE('',#3553,#3555);
#3557=EDGE_CURVE('',#2183,#3530,#3556,.T.);
#3558=ORIENTED_EDGE('',*,*,#3557,.T.);
#3559=ORIENTED_EDGE('',*,*,#3535,.F.);
#3560=ORIENTED_EDGE('',*,*,#625,.T.);
#3561=EDGE_LOOP('',(#3552,#3558,#3559,#3560));
#3562=FACE_OUTER_BOUND('',#3561,.T.);
#3563=ADVANCED_FACE('',(#3562),#3551,.T.);
#3564=CARTESIAN_POINT('',(0.709624449680319,8.578299271691854,0.0));
#3565=DIRECTION('',(0.0,0.0,1.0));
#3566=DIRECTION('',(0.84370002032258,-0.536814936181622,0.0));
#3567=AXIS2_PLACEMENT_3D('',#3564,#3565,#3566);
#3568=CYLINDRICAL_SURFACE('',#3567,56.768237809464182);
#3569=ORIENTED_EDGE('',*,*,#2213,.T.);
#3570=ORIENTED_EDGE('',*,*,#600,.T.);
#3571=CARTESIAN_POINT('',(53.334468289679052,-12.711572376761717,-4.5));
#3572=VERTEX_POINT('',#3571);
#3573=CARTESIAN_POINT('',(53.334468289679023,-12.711572376761772,4.5));
#3574=DIRECTION('',(0.0,0.0,-1.0));
#3575=VECTOR('',#3574,9.0);
#3576=LINE('',#3573,#3575);
#3577=EDGE_CURVE('',#586,#3572,#3576,.T.);
#3578=ORIENTED_EDGE('',*,*,#3577,.T.);
#3579=CARTESIAN_POINT('',(0.709624449680319,8.578299271691854,-4.5));
#3580=DIRECTION('',(0.0,0.0,1.0));
#3581=DIRECTION('',(0.84370002032258,-0.536814936181622,0.0));
#3582=AXIS2_PLACEMENT_3D('',#3579,#3580,#3581);
#3583=CIRCLE('',#3582,56.768237809464182);
#3584=EDGE_CURVE('',#3572,#2208,#3583,.T.);
#3585=ORIENTED_EDGE('',*,*,#3584,.T.);
#3586=EDGE_LOOP('',(#3569,#3570,#3578,#3585));
#3587=FACE_OUTER_BOUND('',#3586,.T.);
#3588=ADVANCED_FACE('',(#3587),#3568,.T.);
#3589=CARTESIAN_POINT('',(53.334468289679052,-12.711572376761717,0.0));
#3590=DIRECTION('',(0.813869168761029,0.581048170240844,0.0));
#3591=DIRECTION('',(0.0,0.0,-1.0));
#3592=AXIS2_PLACEMENT_3D('',#3589,#3590,#3591);
#3593=PLANE('',#3592);
#3594=ORIENTED_EDGE('',*,*,#2251,.F.);
#3595=CARTESIAN_POINT('',(53.50229339961637,-12.946643563140794,-4.5));
#3596=DIRECTION('',(-0.581048170240846,0.813869168761027,0.0));
#3597=VECTOR('',#3596,0.288831664107551);
#3598=LINE('',#3595,#3597);
#3599=EDGE_CURVE('',#2239,#3572,#3598,.T.);
#3600=ORIENTED_EDGE('',*,*,#3599,.T.);
#3601=ORIENTED_EDGE('',*,*,#3577,.F.);
#3602=ORIENTED_EDGE('',*,*,#591,.T.);
#3603=EDGE_LOOP('',(#3594,#3600,#3601,#3602));
#3604=FACE_OUTER_BOUND('',#3603,.T.);
#3605=ADVANCED_FACE('',(#3604),#3593,.T.);
#3606=CARTESIAN_POINT('',(0.709624449680319,8.578299271691854,0.0));
#3607=DIRECTION('',(0.0,0.0,1.0));
#3608=DIRECTION('',(0.84370002032258,-0.536814936181622,0.0));
#3609=AXIS2_PLACEMENT_3D('',#3606,#3607,#3608);
#3610=CYLINDRICAL_SURFACE('',#3609,56.768237809464182);
#3611=ORIENTED_EDGE('',*,*,#2269,.T.);
#3612=ORIENTED_EDGE('',*,*,#566,.T.);
#3613=CARTESIAN_POINT('',(52.965960766249481,-13.600702932228279,-4.5));
#3614=VERTEX_POINT('',#3613);
#3615=CARTESIAN_POINT('',(52.965960766249474,-13.600702932228312,4.5));
#3616=DIRECTION('',(0.0,0.0,-1.0));
#3617=VECTOR('',#3616,9.0);
#3618=LINE('',#3615,#3617);
#3619=EDGE_CURVE('',#552,#3614,#3618,.T.);
#3620=ORIENTED_EDGE('',*,*,#3619,.T.);
#3621=CARTESIAN_POINT('',(0.709624449680319,8.578299271691854,-4.5));
#3622=DIRECTION('',(0.0,0.0,1.0));
#3623=DIRECTION('',(0.84370002032258,-0.536814936181622,0.0));
#3624=AXIS2_PLACEMENT_3D('',#3621,#3622,#3623);
#3625=CIRCLE('',#3624,56.768237809464182);
#3626=EDGE_CURVE('',#3614,#2264,#3625,.T.);
#3627=ORIENTED_EDGE('',*,*,#3626,.T.);
#3628=EDGE_LOOP('',(#3611,#3612,#3620,#3627));
#3629=FACE_OUTER_BOUND('',#3628,.T.);
#3630=ADVANCED_FACE('',(#3629),#3610,.T.);
#3631=CARTESIAN_POINT('',(52.965960766249481,-13.600702932228279,0.0));
#3632=DIRECTION('',(0.813869168761029,0.581048170240844,0.0));
#3633=DIRECTION('',(0.0,0.0,-1.0));
#3634=AXIS2_PLACEMENT_3D('',#3631,#3632,#3633);
#3635=PLANE('',#3634);
#3636=ORIENTED_EDGE('',*,*,#2307,.F.);
#3637=CARTESIAN_POINT('',(53.133785876186799,-13.835774118607356,-4.5));
#3638=DIRECTION('',(-0.581048170240846,0.813869168761027,0.0));
#3639=VECTOR('',#3638,0.288831664107551);
#3640=LINE('',#3637,#3639);
#3641=EDGE_CURVE('',#2295,#3614,#3640,.T.);
#3642=ORIENTED_EDGE('',*,*,#3641,.T.);
#3643=ORIENTED_EDGE('',*,*,#3619,.F.);
#3644=ORIENTED_EDGE('',*,*,#557,.T.);
#3645=EDGE_LOOP('',(#3636,#3642,#3643,#3644));
#3646=FACE_OUTER_BOUND('',#3645,.T.);
#3647=ADVANCED_FACE('',(#3646),#3635,.T.);
#3648=CARTESIAN_POINT('',(0.709624449680319,8.578299271691854,0.0));
#3649=DIRECTION('',(0.0,0.0,1.0));
#3650=DIRECTION('',(0.84370002032258,-0.536814936181622,0.0));
#3651=AXIS2_PLACEMENT_3D('',#3648,#3649,#3650);
#3652=CYLINDRICAL_SURFACE('',#3651,56.768237809464182);
#3653=ORIENTED_EDGE('',*,*,#2325,.T.);
#3654=ORIENTED_EDGE('',*,*,#532,.T.);
#3655=CARTESIAN_POINT('',(52.582432075692012,-14.483458098176204,-4.5));
#3656=VERTEX_POINT('',#3655);
#3657=CARTESIAN_POINT('',(52.582432075691948,-14.483458098176296,4.5));
#3658=DIRECTION('',(0.0,0.0,-1.0));
#3659=VECTOR('',#3658,9.0);
#3660=LINE('',#3657,#3659);
#3661=EDGE_CURVE('',#518,#3656,#3660,.T.);
#3662=ORIENTED_EDGE('',*,*,#3661,.T.);
#3663=CARTESIAN_POINT('',(0.709624449680319,8.578299271691854,-4.5));
#3664=DIRECTION('',(0.0,0.0,1.0));
#3665=DIRECTION('',(0.84370002032258,-0.536814936181622,0.0));
#3666=AXIS2_PLACEMENT_3D('',#3663,#3664,#3665);
#3667=CIRCLE('',#3666,56.768237809464182);
#3668=EDGE_CURVE('',#3656,#2320,#3667,.T.);
#3669=ORIENTED_EDGE('',*,*,#3668,.T.);
#3670=EDGE_LOOP('',(#3653,#3654,#3662,#3669));
#3671=FACE_OUTER_BOUND('',#3670,.T.);
#3672=ADVANCED_FACE('',(#3671),#3652,.T.);
#3673=CARTESIAN_POINT('',(52.582432075692012,-14.483458098176204,0.0));
#3674=DIRECTION('',(0.813869168761029,0.581048170240844,0.0));
#3675=DIRECTION('',(0.0,0.0,-1.0));
#3676=AXIS2_PLACEMENT_3D('',#3673,#3674,#3675);
#3677=PLANE('',#3676);
#3678=ORIENTED_EDGE('',*,*,#2363,.F.);
#3679=CARTESIAN_POINT('',(52.750257185629323,-14.718529284555281,-4.5));
#3680=DIRECTION('',(-0.581048170240846,0.813869168761027,0.0));
#3681=VECTOR('',#3680,0.288831664107551);
#3682=LINE('',#3679,#3681);
#3683=EDGE_CURVE('',#2351,#3656,#3682,.T.);
#3684=ORIENTED_EDGE('',*,*,#3683,.T.);
#3685=ORIENTED_EDGE('',*,*,#3661,.F.);
#3686=ORIENTED_EDGE('',*,*,#523,.T.);
#3687=EDGE_LOOP('',(#3678,#3684,#3685,#3686));
#3688=FACE_OUTER_BOUND('',#3687,.T.);
#3689=ADVANCED_FACE('',(#3688),#3677,.T.);
#3690=CARTESIAN_POINT('',(0.709624449680319,8.578299271691854,0.0));
#3691=DIRECTION('',(0.0,0.0,1.0));
#3692=DIRECTION('',(0.84370002032258,-0.536814936181622,0.0));
#3693=AXIS2_PLACEMENT_3D('',#3690,#3691,#3692);
#3694=CYLINDRICAL_SURFACE('',#3693,56.768237809464182);
#3695=ORIENTED_EDGE('',*,*,#2381,.T.);
#3696=ORIENTED_EDGE('',*,*,#498,.T.);
#3697=CARTESIAN_POINT('',(52.183992463939745,-15.35958412522664,-4.5));
#3698=VERTEX_POINT('',#3697);
#3699=CARTESIAN_POINT('',(52.183992463939703,-15.359584125226704,4.5));
#3700=DIRECTION('',(0.0,0.0,-1.0));
#3701=VECTOR('',#3700,9.0);
#3702=LINE('',#3699,#3701);
#3703=EDGE_CURVE('',#484,#3698,#3702,.T.);
#3704=ORIENTED_EDGE('',*,*,#3703,.T.);
#3705=CARTESIAN_POINT('',(0.709624449680319,8.578299271691854,-4.5));
#3706=DIRECTION('',(0.0,0.0,1.0));
#3707=DIRECTION('',(0.84370002032258,-0.536814936181622,0.0));
#3708=AXIS2_PLACEMENT_3D('',#3705,#3706,#3707);
#3709=CIRCLE('',#3708,56.768237809464182);
#3710=EDGE_CURVE('',#3698,#2376,#3709,.T.);
#3711=ORIENTED_EDGE('',*,*,#3710,.T.);
#3712=EDGE_LOOP('',(#3695,#3696,#3704,#3711));
#3713=FACE_OUTER_BOUND('',#3712,.T.);
#3714=ADVANCED_FACE('',(#3713),#3694,.T.);
#3715=CARTESIAN_POINT('',(52.183992463939745,-15.35958412522664,0.0));
#3716=DIRECTION('',(0.813869168761029,0.581048170240844,0.0));
#3717=DIRECTION('',(0.0,0.0,-1.0));
#3718=AXIS2_PLACEMENT_3D('',#3715,#3716,#3717);
#3719=PLANE('',#3718);
#3720=ORIENTED_EDGE('',*,*,#2419,.F.);
#3721=CARTESIAN_POINT('',(52.351817573877057,-15.594655311605717,-4.5));
#3722=DIRECTION('',(-0.581048170240846,0.813869168761027,0.0));
#3723=VECTOR('',#3722,0.288831664107551);
#3724=LINE('',#3721,#3723);
#3725=EDGE_CURVE('',#2407,#3698,#3724,.T.);
#3726=ORIENTED_EDGE('',*,*,#3725,.T.);
#3727=ORIENTED_EDGE('',*,*,#3703,.F.);
#3728=ORIENTED_EDGE('',*,*,#489,.T.);
#3729=EDGE_LOOP('',(#3720,#3726,#3727,#3728));
#3730=FACE_OUTER_BOUND('',#3729,.T.);
#3731=ADVANCED_FACE('',(#3730),#3719,.T.);
#3732=CARTESIAN_POINT('',(0.709624449680319,8.578299271691854,0.0));
#3733=DIRECTION('',(0.0,0.0,1.0));
#3734=DIRECTION('',(0.84370002032258,-0.536814936181622,0.0));
#3735=AXIS2_PLACEMENT_3D('',#3732,#3733,#3734);
#3736=CYLINDRICAL_SURFACE('',#3735,56.768237809464182);
#3737=ORIENTED_EDGE('',*,*,#2437,.T.);
#3738=ORIENTED_EDGE('',*,*,#464,.T.);
#3739=CARTESIAN_POINT('',(51.770756463093889,-16.22882916955729,-4.5));
#3740=VERTEX_POINT('',#3739);
#3741=CARTESIAN_POINT('',(51.770756463093825,-16.228829169557383,4.5));
#3742=DIRECTION('',(0.0,0.0,-1.0));
#3743=VECTOR('',#3742,9.0);
#3744=LINE('',#3741,#3743);
#3745=EDGE_CURVE('',#450,#3740,#3744,.T.);
#3746=ORIENTED_EDGE('',*,*,#3745,.T.);
#3747=CARTESIAN_POINT('',(0.709624449680319,8.578299271691854,-4.5));
#3748=DIRECTION('',(0.0,0.0,1.0));
#3749=DIRECTION('',(0.84370002032258,-0.536814936181622,0.0));
#3750=AXIS2_PLACEMENT_3D('',#3747,#3748,#3749);
#3751=CIRCLE('',#3750,56.768237809464182);
#3752=EDGE_CURVE('',#3740,#2432,#3751,.T.);
#3753=ORIENTED_EDGE('',*,*,#3752,.T.);
#3754=EDGE_LOOP('',(#3737,#3738,#3746,#3753));
#3755=FACE_OUTER_BOUND('',#3754,.T.);
#3756=ADVANCED_FACE('',(#3755),#3736,.T.);
#3757=CARTESIAN_POINT('',(51.770756463093889,-16.22882916955729,0.0));
#3758=DIRECTION('',(0.813869168761029,0.581048170240844,0.0));
#3759=DIRECTION('',(0.0,0.0,-1.0));
#3760=AXIS2_PLACEMENT_3D('',#3757,#3758,#3759);
#3761=PLANE('',#3760);
#3762=ORIENTED_EDGE('',*,*,#2475,.F.);
#3763=CARTESIAN_POINT('',(51.9385815730312,-16.463900355936367,-4.5));
#3764=DIRECTION('',(-0.581048170240846,0.813869168761027,0.0));
#3765=VECTOR('',#3764,0.288831664107551);
#3766=LINE('',#3763,#3765);
#3767=EDGE_CURVE('',#2463,#3740,#3766,.T.);
#3768=ORIENTED_EDGE('',*,*,#3767,.T.);
#3769=ORIENTED_EDGE('',*,*,#3745,.F.);
#3770=ORIENTED_EDGE('',*,*,#455,.T.);
#3771=EDGE_LOOP('',(#3762,#3768,#3769,#3770));
#3772=FACE_OUTER_BOUND('',#3771,.T.);
#3773=ADVANCED_FACE('',(#3772),#3761,.T.);
#3774=CARTESIAN_POINT('',(0.709624449680319,8.578299271691854,0.0));
#3775=DIRECTION('',(0.0,0.0,1.0));
#3776=DIRECTION('',(0.84370002032258,-0.536814936181622,0.0));
#3777=AXIS2_PLACEMENT_3D('',#3774,#3775,#3776);
#3778=CYLINDRICAL_SURFACE('',#3777,56.768237809464182);
#3779=ORIENTED_EDGE('',*,*,#2493,.T.);
#3780=ORIENTED_EDGE('',*,*,#430,.T.);
#3781=CARTESIAN_POINT('',(51.342842858501228,-17.090943365295296,-4.5));
#3782=VERTEX_POINT('',#3781);
#3783=CARTESIAN_POINT('',(51.342842858501172,-17.090943365295395,4.5));
#3784=DIRECTION('',(0.0,0.0,-1.0));
#3785=VECTOR('',#3784,9.0);
#3786=LINE('',#3783,#3785);
#3787=EDGE_CURVE('',#416,#3782,#3786,.T.);
#3788=ORIENTED_EDGE('',*,*,#3787,.T.);
#3789=CARTESIAN_POINT('',(0.709624449680319,8.578299271691854,-4.5));
#3790=DIRECTION('',(0.0,0.0,1.0));
#3791=DIRECTION('',(0.84370002032258,-0.536814936181622,0.0));
#3792=AXIS2_PLACEMENT_3D('',#3789,#3790,#3791);
#3793=CIRCLE('',#3792,56.768237809464182);
#3794=EDGE_CURVE('',#3782,#2488,#3793,.T.);
#3795=ORIENTED_EDGE('',*,*,#3794,.T.);
#3796=EDGE_LOOP('',(#3779,#3780,#3788,#3795));
#3797=FACE_OUTER_BOUND('',#3796,.T.);
#3798=ADVANCED_FACE('',(#3797),#3778,.T.);
#3799=CARTESIAN_POINT('',(51.342842858501228,-17.090943365295296,0.0));
#3800=DIRECTION('',(0.813869168761029,0.581048170240844,0.0));
#3801=DIRECTION('',(0.0,0.0,-1.0));
#3802=AXIS2_PLACEMENT_3D('',#3799,#3800,#3801);
#3803=PLANE('',#3802);
#3804=ORIENTED_EDGE('',*,*,#2531,.F.);
#3805=CARTESIAN_POINT('',(51.510667968438547,-17.326014551674373,-4.5));
#3806=DIRECTION('',(-0.581048170240846,0.813869168761027,0.0));
#3807=VECTOR('',#3806,0.288831664107551);
#3808=LINE('',#3805,#3807);
#3809=EDGE_CURVE('',#2519,#3782,#3808,.T.);
#3810=ORIENTED_EDGE('',*,*,#3809,.T.);
#3811=ORIENTED_EDGE('',*,*,#3787,.F.);
#3812=ORIENTED_EDGE('',*,*,#421,.T.);
#3813=EDGE_LOOP('',(#3804,#3810,#3811,#3812));
#3814=FACE_OUTER_BOUND('',#3813,.T.);
#3815=ADVANCED_FACE('',(#3814),#3803,.T.);
#3816=CARTESIAN_POINT('',(0.709624449680319,8.578299271691854,0.0));
#3817=DIRECTION('',(0.0,0.0,1.0));
#3818=DIRECTION('',(0.84370002032258,-0.536814936181622,0.0));
#3819=AXIS2_PLACEMENT_3D('',#3816,#3817,#3818);
#3820=CYLINDRICAL_SURFACE('',#3819,56.768237809464182);
#3821=ORIENTED_EDGE('',*,*,#2549,.T.);
#3822=ORIENTED_EDGE('',*,*,#396,.T.);
#3823=CARTESIAN_POINT('',(50.900374654609159,-17.945678896341597,-4.5));
#3824=VERTEX_POINT('',#3823);
#3825=CARTESIAN_POINT('',(50.900374654609095,-17.945678896341683,4.5));
#3826=DIRECTION('',(0.0,0.0,-1.0));
#3827=VECTOR('',#3826,9.0);
#3828=LINE('',#3825,#3827);
#3829=EDGE_CURVE('',#382,#3824,#3828,.T.);
#3830=ORIENTED_EDGE('',*,*,#3829,.T.);
#3831=CARTESIAN_POINT('',(0.709624449680319,8.578299271691854,-4.5));
#3832=DIRECTION('',(0.0,0.0,1.0));
#3833=DIRECTION('',(0.84370002032258,-0.536814936181622,0.0));
#3834=AXIS2_PLACEMENT_3D('',#3831,#3832,#3833);
#3835=CIRCLE('',#3834,56.768237809464182);
#3836=EDGE_CURVE('',#3824,#2544,#3835,.T.);
#3837=ORIENTED_EDGE('',*,*,#3836,.T.);
#3838=EDGE_LOOP('',(#3821,#3822,#3830,#3837));
#3839=FACE_OUTER_BOUND('',#3838,.T.);
#3840=ADVANCED_FACE('',(#3839),#3820,.T.);
#3841=CARTESIAN_POINT('',(50.900374654609159,-17.945678896341597,0.0));
#3842=DIRECTION('',(0.813869168761029,0.581048170240844,0.0));
#3843=DIRECTION('',(0.0,0.0,-1.0));
#3844=AXIS2_PLACEMENT_3D('',#3841,#3842,#3843);
#3845=PLANE('',#3844);
#3846=ORIENTED_EDGE('',*,*,#2587,.F.);
#3847=CARTESIAN_POINT('',(51.06819976454647,-18.180750082720678,-4.5));
#3848=DIRECTION('',(-0.581048170240846,0.813869168761027,0.0));
#3849=VECTOR('',#3848,0.288831664107551);
#3850=LINE('',#3847,#3849);
#3851=EDGE_CURVE('',#2575,#3824,#3850,.T.);
#3852=ORIENTED_EDGE('',*,*,#3851,.T.);
#3853=ORIENTED_EDGE('',*,*,#3829,.F.);
#3854=ORIENTED_EDGE('',*,*,#387,.T.);
#3855=EDGE_LOOP('',(#3846,#3852,#3853,#3854));
#3856=FACE_OUTER_BOUND('',#3855,.T.);
#3857=ADVANCED_FACE('',(#3856),#3845,.T.);
#3858=CARTESIAN_POINT('',(0.709624449680319,8.578299271691854,0.0));
#3859=DIRECTION('',(0.0,0.0,1.0));
#3860=DIRECTION('',(0.84370002032258,-0.536814936181622,0.0));
#3861=AXIS2_PLACEMENT_3D('',#3858,#3859,#3860);
#3862=CYLINDRICAL_SURFACE('',#3861,56.768237809464182);
#3863=ORIENTED_EDGE('',*,*,#2605,.T.);
#3864=ORIENTED_EDGE('',*,*,#362,.T.);
#3865=CARTESIAN_POINT('',(50.443479039607823,-18.792790067606045,-4.5));
#3866=VERTEX_POINT('',#3865);
#3867=CARTESIAN_POINT('',(50.443479039607723,-18.792790067606191,4.5));
#3868=DIRECTION('',(0.0,0.0,-1.0));
#3869=VECTOR('',#3868,9.0);
#3870=LINE('',#3867,#3869);
#3871=EDGE_CURVE('',#348,#3866,#3870,.T.);
#3872=ORIENTED_EDGE('',*,*,#3871,.T.);
#3873=CARTESIAN_POINT('',(0.709624449680319,8.578299271691854,-4.5));
#3874=DIRECTION('',(0.0,0.0,1.0));
#3875=DIRECTION('',(0.84370002032258,-0.536814936181622,0.0));
#3876=AXIS2_PLACEMENT_3D('',#3873,#3874,#3875);
#3877=CIRCLE('',#3876,56.768237809464182);
#3878=EDGE_CURVE('',#3866,#2600,#3877,.T.);
#3879=ORIENTED_EDGE('',*,*,#3878,.T.);
#3880=EDGE_LOOP('',(#3863,#3864,#3872,#3879));
#3881=FACE_OUTER_BOUND('',#3880,.T.);
#3882=ADVANCED_FACE('',(#3881),#3862,.T.);
#3883=CARTESIAN_POINT('',(50.443479039607823,-18.792790067606045,0.0));
#3884=DIRECTION('',(0.813869168761029,0.581048170240844,0.0));
#3885=DIRECTION('',(0.0,0.0,-1.0));
#3886=AXIS2_PLACEMENT_3D('',#3883,#3884,#3885);
#3887=PLANE('',#3886);
#3888=ORIENTED_EDGE('',*,*,#2643,.F.);
#3889=CARTESIAN_POINT('',(50.611304149545134,-19.027861253985122,-4.5));
#3890=DIRECTION('',(-0.581048170240846,0.813869168761027,0.0));
#3891=VECTOR('',#3890,0.288831664107551);
#3892=LINE('',#3889,#3891);
#3893=EDGE_CURVE('',#2631,#3866,#3892,.T.);
#3894=ORIENTED_EDGE('',*,*,#3893,.T.);
#3895=ORIENTED_EDGE('',*,*,#3871,.F.);
#3896=ORIENTED_EDGE('',*,*,#353,.T.);
#3897=EDGE_LOOP('',(#3888,#3894,#3895,#3896));
#3898=FACE_OUTER_BOUND('',#3897,.T.);
#3899=ADVANCED_FACE('',(#3898),#3887,.T.);
#3900=CARTESIAN_POINT('',(0.709624449680319,8.578299271691854,0.0));
#3901=DIRECTION('',(0.0,0.0,1.0));
#3902=DIRECTION('',(0.84370002032258,-0.536814936181622,0.0));
#3903=AXIS2_PLACEMENT_3D('',#3900,#3901,#3902);
#3904=CYLINDRICAL_SURFACE('',#3903,56.768237809464182);
#3905=ORIENTED_EDGE('',*,*,#2661,.T.);
#3906=ORIENTED_EDGE('',*,*,#328,.T.);
#3907=CARTESIAN_POINT('',(49.972287348869664,-19.632033375632854,-4.5));
#3908=VERTEX_POINT('',#3907);
#3909=CARTESIAN_POINT('',(49.972287348869422,-19.632033375633245,4.5));
#3910=DIRECTION('',(0.0,0.0,-1.0));
#3911=VECTOR('',#3910,9.0);
#3912=LINE('',#3909,#3911);
#3913=EDGE_CURVE('',#314,#3908,#3912,.T.);
#3914=ORIENTED_EDGE('',*,*,#3913,.T.);
#3915=CARTESIAN_POINT('',(0.709624449680319,8.578299271691854,-4.5));
#3916=DIRECTION('',(0.0,0.0,1.0));
#3917=DIRECTION('',(0.84370002032258,-0.536814936181622,0.0));
#3918=AXIS2_PLACEMENT_3D('',#3915,#3916,#3917);
#3919=CIRCLE('',#3918,56.768237809464182);
#3920=EDGE_CURVE('',#3908,#2656,#3919,.T.);
#3921=ORIENTED_EDGE('',*,*,#3920,.T.);
#3922=EDGE_LOOP('',(#3905,#3906,#3914,#3921));
#3923=FACE_OUTER_BOUND('',#3922,.T.);
#3924=ADVANCED_FACE('',(#3923),#3904,.T.);
#3925=CARTESIAN_POINT('',(49.972287348869664,-19.632033375632854,0.0));
#3926=DIRECTION('',(0.813869168761029,0.581048170240844,0.0));
#3927=DIRECTION('',(0.0,0.0,-1.0));
#3928=AXIS2_PLACEMENT_3D('',#3925,#3926,#3927);
#3929=PLANE('',#3928);
#3930=ORIENTED_EDGE('',*,*,#2699,.F.);
#3931=CARTESIAN_POINT('',(50.140112458806982,-19.867104562011946,-4.5));
#3932=DIRECTION('',(-0.581048170240845,0.813869168761028,0.0));
#3933=VECTOR('',#3932,0.288831664107564);
#3934=LINE('',#3931,#3933);
#3935=EDGE_CURVE('',#2687,#3908,#3934,.T.);
#3936=ORIENTED_EDGE('',*,*,#3935,.T.);
#3937=ORIENTED_EDGE('',*,*,#3913,.F.);
#3938=ORIENTED_EDGE('',*,*,#319,.T.);
#3939=EDGE_LOOP('',(#3930,#3936,#3937,#3938));
#3940=FACE_OUTER_BOUND('',#3939,.T.);
#3941=ADVANCED_FACE('',(#3940),#3929,.T.);
#3942=CARTESIAN_POINT('',(0.709624449680319,8.578299271691854,0.0));
#3943=DIRECTION('',(0.0,0.0,1.0));
#3944=DIRECTION('',(0.84370002032258,-0.536814936181622,0.0));
#3945=AXIS2_PLACEMENT_3D('',#3942,#3943,#3944);
#3946=CYLINDRICAL_SURFACE('',#3945,56.768237809464182);
#3947=ORIENTED_EDGE('',*,*,#2717,.T.);
#3948=ORIENTED_EDGE('',*,*,#294,.T.);
#3949=CARTESIAN_POINT('',(49.486935027196864,-20.463167578596074,-4.5));
#3950=VERTEX_POINT('',#3949);
#3951=CARTESIAN_POINT('',(49.486935027196388,-20.463167578596853,4.5));
#3952=DIRECTION('',(0.0,0.0,-1.0));
#3953=VECTOR('',#3952,9.0);
#3954=LINE('',#3951,#3953);
#3955=EDGE_CURVE('',#280,#3950,#3954,.T.);
#3956=ORIENTED_EDGE('',*,*,#3955,.T.);
#3957=CARTESIAN_POINT('',(0.709624449680319,8.578299271691854,-4.5));
#3958=DIRECTION('',(0.0,0.0,1.0));
#3959=DIRECTION('',(0.84370002032258,-0.536814936181622,0.0));
#3960=AXIS2_PLACEMENT_3D('',#3957,#3958,#3959);
#3961=CIRCLE('',#3960,56.768237809464182);
#3962=EDGE_CURVE('',#3950,#2712,#3961,.T.);
#3963=ORIENTED_EDGE('',*,*,#3962,.T.);
#3964=EDGE_LOOP('',(#3947,#3948,#3956,#3963));
#3965=FACE_OUTER_BOUND('',#3964,.T.);
#3966=ADVANCED_FACE('',(#3965),#3946,.T.);
#3967=CARTESIAN_POINT('',(49.486935027196864,-20.463167578596074,0.0));
#3968=DIRECTION('',(0.813869168761029,0.581048170240844,0.0));
#3969=DIRECTION('',(0.0,0.0,-1.0));
#3970=AXIS2_PLACEMENT_3D('',#3967,#3968,#3969);
#3971=PLANE('',#3970);
#3972=ORIENTED_EDGE('',*,*,#2755,.F.);
#3973=CARTESIAN_POINT('',(49.65476013713419,-20.698238764975162,-4.5));
#3974=DIRECTION('',(-0.581048170240845,0.813869168761028,0.0));
#3975=VECTOR('',#3974,0.288831664107564);
#3976=LINE('',#3973,#3975);
#3977=EDGE_CURVE('',#2743,#3950,#3976,.T.);
#3978=ORIENTED_EDGE('',*,*,#3977,.T.);
#3979=ORIENTED_EDGE('',*,*,#3955,.F.);
#3980=ORIENTED_EDGE('',*,*,#285,.T.);
#3981=EDGE_LOOP('',(#3972,#3978,#3979,#3980));
#3982=FACE_OUTER_BOUND('',#3981,.T.);
#3983=ADVANCED_FACE('',(#3982),#3971,.T.);
#3984=CARTESIAN_POINT('',(49.073999782948768,-21.579129769048073,0.0));
#3985=DIRECTION('',(0.0,0.0,1.0));
#3986=DIRECTION('',(0.889114213765833,-0.457685388536235,0.0));
#3987=AXIS2_PLACEMENT_3D('',#3984,#3985,#3986);
#3988=CYLINDRICAL_SURFACE('',#3987,0.1);
#3989=ORIENTED_EDGE('',*,*,#243,.T.);
#3990=CARTESIAN_POINT('',(49.073999782948768,-21.679129769048071,-4.5));
#3991=VERTEX_POINT('',#3990);
#3992=CARTESIAN_POINT('',(49.073999782948768,-21.679129769048071,4.5));
#3993=DIRECTION('',(0.0,0.0,-1.0));
#3994=VECTOR('',#3993,9.0);
#3995=LINE('',#3992,#3994);
#3996=EDGE_CURVE('',#229,#3991,#3995,.T.);
#3997=ORIENTED_EDGE('',*,*,#3996,.T.);
#3998=CARTESIAN_POINT('',(49.155386699824874,-21.521024952023993,-4.5));
#3999=VERTEX_POINT('',#3998);
#4000=CARTESIAN_POINT('',(49.073999782948768,-21.579129769048073,-4.5));
#4001=DIRECTION('',(0.0,0.0,1.0));
#4002=DIRECTION('',(0.889114213765833,-0.457685388536235,0.0));
#4003=AXIS2_PLACEMENT_3D('',#4000,#4001,#4002);
#4004=CIRCLE('',#4003,0.1);
#4005=EDGE_CURVE('',#3991,#3999,#4004,.T.);
#4006=ORIENTED_EDGE('',*,*,#4005,.T.);
#4007=CARTESIAN_POINT('',(49.155386699824874,-21.521024952023993,-4.5));
#4008=DIRECTION('',(0.0,0.0,1.0));
#4009=VECTOR('',#4008,9.0);
#4010=LINE('',#4007,#4009);
#4011=EDGE_CURVE('',#3999,#237,#4010,.T.);
#4012=ORIENTED_EDGE('',*,*,#4011,.T.);
#4013=EDGE_LOOP('',(#3989,#3997,#4006,#4012));
#4014=FACE_OUTER_BOUND('',#4013,.T.);
#4015=ADVANCED_FACE('',(#4014),#3988,.T.);
#4016=CARTESIAN_POINT('',(53.804957781366397,-8.700144360858909,-4.5));
#4017=DIRECTION('',(0.0,0.0,1.0));
#4018=DIRECTION('',(1.0,0.0,0.0));
#4019=AXIS2_PLACEMENT_3D('',#4016,#4017,#4018);
#4020=PLANE('',#4019);
#4021=ORIENTED_EDGE('',*,*,#138,.F.);
#4022=ORIENTED_EDGE('',*,*,#175,.F.);
#4023=ORIENTED_EDGE('',*,*,#2870,.F.);
#4024=ORIENTED_EDGE('',*,*,#2820,.F.);
#4025=ORIENTED_EDGE('',*,*,#1237,.F.);
#4026=ORIENTED_EDGE('',*,*,#1267,.F.);
#4027=ORIENTED_EDGE('',*,*,#2852,.F.);
#4028=ORIENTED_EDGE('',*,*,#2885,.F.);
#4029=ORIENTED_EDGE('',*,*,#1293,.F.);
#4030=ORIENTED_EDGE('',*,*,#1323,.F.);
#4031=ORIENTED_EDGE('',*,*,#2912,.F.);
#4032=ORIENTED_EDGE('',*,*,#2927,.F.);
#4033=ORIENTED_EDGE('',*,*,#1349,.F.);
#4034=ORIENTED_EDGE('',*,*,#1379,.F.);
#4035=ORIENTED_EDGE('',*,*,#2954,.F.);
#4036=ORIENTED_EDGE('',*,*,#2969,.F.);
#4037=ORIENTED_EDGE('',*,*,#1405,.F.);
#4038=ORIENTED_EDGE('',*,*,#1435,.F.);
#4039=ORIENTED_EDGE('',*,*,#2996,.F.);
#4040=ORIENTED_EDGE('',*,*,#3011,.F.);
#4041=ORIENTED_EDGE('',*,*,#1461,.F.);
#4042=ORIENTED_EDGE('',*,*,#1491,.F.);
#4043=ORIENTED_EDGE('',*,*,#3038,.F.);
#4044=ORIENTED_EDGE('',*,*,#3053,.F.);
#4045=ORIENTED_EDGE('',*,*,#1517,.F.);
#4046=ORIENTED_EDGE('',*,*,#1547,.F.);
#4047=ORIENTED_EDGE('',*,*,#3080,.F.);
#4048=ORIENTED_EDGE('',*,*,#3095,.F.);
#4049=ORIENTED_EDGE('',*,*,#1573,.F.);
#4050=ORIENTED_EDGE('',*,*,#1603,.F.);
#4051=ORIENTED_EDGE('',*,*,#3122,.F.);
#4052=ORIENTED_EDGE('',*,*,#3137,.F.);
#4053=ORIENTED_EDGE('',*,*,#1629,.F.);
#4054=ORIENTED_EDGE('',*,*,#1659,.F.);
#4055=ORIENTED_EDGE('',*,*,#3164,.F.);
#4056=ORIENTED_EDGE('',*,*,#3179,.F.);
#4057=ORIENTED_EDGE('',*,*,#1685,.F.);
#4058=ORIENTED_EDGE('',*,*,#1715,.F.);
#4059=ORIENTED_EDGE('',*,*,#3206,.F.);
#4060=ORIENTED_EDGE('',*,*,#3221,.F.);
#4061=ORIENTED_EDGE('',*,*,#1741,.F.);
#4062=ORIENTED_EDGE('',*,*,#1771,.F.);
#4063=ORIENTED_EDGE('',*,*,#3248,.F.);
#4064=ORIENTED_EDGE('',*,*,#3263,.F.);
#4065=ORIENTED_EDGE('',*,*,#1797,.F.);
#4066=ORIENTED_EDGE('',*,*,#1827,.F.);
#4067=ORIENTED_EDGE('',*,*,#3290,.F.);
#4068=ORIENTED_EDGE('',*,*,#3305,.F.);
#4069=ORIENTED_EDGE('',*,*,#1853,.F.);
#4070=ORIENTED_EDGE('',*,*,#1883,.F.);
#4071=ORIENTED_EDGE('',*,*,#3332,.F.);
#4072=ORIENTED_EDGE('',*,*,#3347,.F.);
#4073=ORIENTED_EDGE('',*,*,#1909,.F.);
#4074=ORIENTED_EDGE('',*,*,#1939,.F.);
#4075=ORIENTED_EDGE('',*,*,#3374,.F.);
#4076=ORIENTED_EDGE('',*,*,#3389,.F.);
#4077=ORIENTED_EDGE('',*,*,#1965,.F.);
#4078=ORIENTED_EDGE('',*,*,#1995,.F.);
#4079=ORIENTED_EDGE('',*,*,#3416,.F.);
#4080=ORIENTED_EDGE('',*,*,#3431,.F.);
#4081=ORIENTED_EDGE('',*,*,#2021,.F.);
#4082=ORIENTED_EDGE('',*,*,#2051,.F.);
#4083=ORIENTED_EDGE('',*,*,#3458,.F.);
#4084=ORIENTED_EDGE('',*,*,#3473,.F.);
#4085=ORIENTED_EDGE('',*,*,#2077,.F.);
#4086=ORIENTED_EDGE('',*,*,#2107,.F.);
#4087=ORIENTED_EDGE('',*,*,#3500,.F.);
#4088=ORIENTED_EDGE('',*,*,#3515,.F.);
#4089=ORIENTED_EDGE('',*,*,#2133,.F.);
#4090=ORIENTED_EDGE('',*,*,#2163,.F.);
#4091=ORIENTED_EDGE('',*,*,#3542,.F.);
#4092=ORIENTED_EDGE('',*,*,#3557,.F.);
#4093=ORIENTED_EDGE('',*,*,#2189,.F.);
#4094=ORIENTED_EDGE('',*,*,#2219,.F.);
#4095=ORIENTED_EDGE('',*,*,#3584,.F.);
#4096=ORIENTED_EDGE('',*,*,#3599,.F.);
#4097=ORIENTED_EDGE('',*,*,#2245,.F.);
#4098=ORIENTED_EDGE('',*,*,#2275,.F.);
#4099=ORIENTED_EDGE('',*,*,#3626,.F.);
#4100=ORIENTED_EDGE('',*,*,#3641,.F.);
#4101=ORIENTED_EDGE('',*,*,#2301,.F.);
#4102=ORIENTED_EDGE('',*,*,#2331,.F.);
#4103=ORIENTED_EDGE('',*,*,#3668,.F.);
#4104=ORIENTED_EDGE('',*,*,#3683,.F.);
#4105=ORIENTED_EDGE('',*,*,#2357,.F.);
#4106=ORIENTED_EDGE('',*,*,#2387,.F.);
#4107=ORIENTED_EDGE('',*,*,#3710,.F.);
#4108=ORIENTED_EDGE('',*,*,#3725,.F.);
#4109=ORIENTED_EDGE('',*,*,#2413,.F.);
#4110=ORIENTED_EDGE('',*,*,#2443,.F.);
#4111=ORIENTED_EDGE('',*,*,#3752,.F.);
#4112=ORIENTED_EDGE('',*,*,#3767,.F.);
#4113=ORIENTED_EDGE('',*,*,#2469,.F.);
#4114=ORIENTED_EDGE('',*,*,#2499,.F.);
#4115=ORIENTED_EDGE('',*,*,#3794,.F.);
#4116=ORIENTED_EDGE('',*,*,#3809,.F.);
#4117=ORIENTED_EDGE('',*,*,#2525,.F.);
#4118=ORIENTED_EDGE('',*,*,#2555,.F.);
#4119=ORIENTED_EDGE('',*,*,#3836,.F.);
#4120=ORIENTED_EDGE('',*,*,#3851,.F.);
#4121=ORIENTED_EDGE('',*,*,#2581,.F.);
#4122=ORIENTED_EDGE('',*,*,#2611,.F.);
#4123=ORIENTED_EDGE('',*,*,#3878,.F.);
#4124=ORIENTED_EDGE('',*,*,#3893,.F.);
#4125=ORIENTED_EDGE('',*,*,#2637,.F.);
#4126=ORIENTED_EDGE('',*,*,#2667,.F.);
#4127=ORIENTED_EDGE('',*,*,#3920,.F.);
#4128=ORIENTED_EDGE('',*,*,#3935,.F.);
#4129=ORIENTED_EDGE('',*,*,#2693,.F.);
#4130=ORIENTED_EDGE('',*,*,#2723,.F.);
#4131=ORIENTED_EDGE('',*,*,#3962,.F.);
#4132=ORIENTED_EDGE('',*,*,#3977,.F.);
#4133=ORIENTED_EDGE('',*,*,#2749,.F.);
#4134=ORIENTED_EDGE('',*,*,#2779,.F.);
#4135=CARTESIAN_POINT('',(48.987561589887548,-21.285953765644905,-4.5));
#4136=VERTEX_POINT('',#4135);
#4137=CARTESIAN_POINT('',(0.709624449680319,8.578299271691854,-4.5));
#4138=DIRECTION('',(0.0,0.0,1.0));
#4139=DIRECTION('',(0.84370002032258,-0.536814936181622,0.0));
#4140=AXIS2_PLACEMENT_3D('',#4137,#4138,#4139);
#4141=CIRCLE('',#4140,56.768237809464182);
#4142=EDGE_CURVE('',#4136,#2768,#4141,.T.);
#4143=ORIENTED_EDGE('',*,*,#4142,.F.);
#4144=CARTESIAN_POINT('',(49.155386699824874,-21.521024952023993,-4.5));
#4145=DIRECTION('',(-0.581048170240845,0.813869168761028,0.0));
#4146=VECTOR('',#4145,0.288831664107564);
#4147=LINE('',#4144,#4146);
#4148=EDGE_CURVE('',#3999,#4136,#4147,.T.);
#4149=ORIENTED_EDGE('',*,*,#4148,.F.);
#4150=ORIENTED_EDGE('',*,*,#4005,.F.);
#4151=CARTESIAN_POINT('',(48.742121905428604,-21.679129769048071,-4.5));
#4152=VERTEX_POINT('',#4151);
#4153=CARTESIAN_POINT('',(48.742121905428604,-21.679129769048071,-4.5));
#4154=DIRECTION('',(1.0,0.0,0.0));
#4155=VECTOR('',#4154,0.331877877520164);
#4156=LINE('',#4153,#4155);
#4157=EDGE_CURVE('',#4152,#3991,#4156,.T.);
#4158=ORIENTED_EDGE('',*,*,#4157,.F.);
#4159=CARTESIAN_POINT('',(48.604987843202267,-21.895738685138795,-4.5));
#4160=VERTEX_POINT('',#4159);
#4161=CARTESIAN_POINT('',(0.709624449680319,8.578299271691854,-4.5));
#4162=DIRECTION('',(0.0,0.0,1.0));
#4163=DIRECTION('',(0.84370002032258,-0.536814936181622,0.0));
#4164=AXIS2_PLACEMENT_3D('',#4161,#4162,#4163);
#4165=CIRCLE('',#4164,56.768237809464182);
#4166=EDGE_CURVE('',#4160,#4152,#4165,.T.);
#4167=ORIENTED_EDGE('',*,*,#4166,.F.);
#4168=CARTESIAN_POINT('',(48.254731903882686,-21.679129769048071,-4.5));
#4169=VERTEX_POINT('',#4168);
#4170=CARTESIAN_POINT('',(48.254731903882686,-21.679129769048071,-4.5));
#4171=DIRECTION('',(0.850500001262229,-0.525975044895619,0.0));
#4172=VECTOR('',#4171,0.411823561199019);
#4173=LINE('',#4170,#4172);
#4174=EDGE_CURVE('',#4169,#4160,#4173,.T.);
#4175=ORIENTED_EDGE('',*,*,#4174,.F.);
#4176=CARTESIAN_POINT('',(56.955159076766257,5.044308680258743,-4.5));
#4177=VERTEX_POINT('',#4176);
#4178=CARTESIAN_POINT('',(0.709624449680319,8.578299271691854,-4.5));
#4179=DIRECTION('',(0.0,0.0,-1.0));
#4180=DIRECTION('',(-0.815699059405341,0.578476485680483,0.0));
#4181=AXIS2_PLACEMENT_3D('',#4178,#4179,#4180);
#4182=CIRCLE('',#4181,56.356448211247852);
#4183=EDGE_CURVE('',#4177,#4169,#4182,.T.);
#4184=ORIENTED_EDGE('',*,*,#4183,.F.);
#4185=CARTESIAN_POINT('',(57.367754797332466,5.044308680258744,-4.5));
#4186=DIRECTION('',(-1.0,0.0,0.0));
#4187=VECTOR('',#4186,0.412595720566209);
#4188=LINE('',#4185,#4187);
#4189=EDGE_CURVE('',#2791,#4177,#4188,.T.);
#4190=ORIENTED_EDGE('',*,*,#4189,.F.);
#4191=ORIENTED_EDGE('',*,*,#2796,.F.);
#4192=EDGE_LOOP('',(#4021,#4022,#4023,#4024,#4025,#4026,#4027,#4028,#4029,#4030,#4031,#4032,#4033,#4034,#4035,#4036,#4037,#4038,#4039,#4040,#4041,#4042,#4043,#4044,#4045,#4046,#4047,#4048,#4049,#4050,#4051,#4052,#4053,#4054,#4055,#4056,#4057,#4058,#4059,#4060,#4061,#4062,#4063,#4064,#4065,#4066,#4067,#4068,#4069,#4070,#4071,#4072,#4073,#4074,#4075,#4076,#4077,#4078,#4079,#4080,#4081,#4082,#4083,#4084,#4085,#4086,#4087,#4088,#4089,#4090,#4091,#4092,#4093,#4094,#4095,#4096,#4097,#4098,#4099,#4100,#4101,#4102,#4103,#4104,#4105,#4106,#4107,#4108,#4109,#4110,#4111,#4112,#4113,#4114,#4115,#4116,#4117,#4118,#4119,#4120,#4121,#4122,#4123,#4124,#4125,#4126,#4127,#4128,#4129,#4130,#4131,#4132,#4133,#4134,#4143,#4149,#4150,#4158,#4167,#4175,#4184,#4190,#4191));
#4193=FACE_OUTER_BOUND('',#4192,.T.);
#4194=ADVANCED_FACE('',(#4193),#4020,.F.);
#4195=CARTESIAN_POINT('',(49.268262968105134,-21.679129769048071,0.0));
#4196=DIRECTION('',(0.0,-1.0,0.0));
#4197=DIRECTION('',(0.0,0.0,-1.0));
#4198=AXIS2_PLACEMENT_3D('',#4195,#4196,#4197);
#4199=PLANE('',#4198);
#4200=ORIENTED_EDGE('',*,*,#3996,.F.);
#4201=ORIENTED_EDGE('',*,*,#234,.T.);
#4202=CARTESIAN_POINT('',(48.742121905428618,-21.679129769048071,-4.5));
#4203=DIRECTION('',(0.0,0.0,1.0));
#4204=VECTOR('',#4203,9.0);
#4205=LINE('',#4202,#4204);
#4206=EDGE_CURVE('',#4152,#220,#4205,.T.);
#4207=ORIENTED_EDGE('',*,*,#4206,.F.);
#4208=ORIENTED_EDGE('',*,*,#4157,.T.);
#4209=EDGE_LOOP('',(#4200,#4201,#4207,#4208));
#4210=FACE_OUTER_BOUND('',#4209,.T.);
#4211=ADVANCED_FACE('',(#4210),#4199,.T.);
#4212=CARTESIAN_POINT('',(48.987561589887548,-21.285953765644905,0.0));
#4213=DIRECTION('',(0.813869168761029,0.581048170240844,0.0));
#4214=DIRECTION('',(0.0,0.0,-1.0));
#4215=AXIS2_PLACEMENT_3D('',#4212,#4213,#4214);
#4216=PLANE('',#4215);
#4217=ORIENTED_EDGE('',*,*,#4011,.F.);
#4218=ORIENTED_EDGE('',*,*,#4148,.T.);
#4219=CARTESIAN_POINT('',(48.987561589887548,-21.285953765644905,4.5));
#4220=DIRECTION('',(0.0,0.0,-1.0));
#4221=VECTOR('',#4220,9.0);
#4222=LINE('',#4219,#4221);
#4223=EDGE_CURVE('',#246,#4136,#4222,.T.);
#4224=ORIENTED_EDGE('',*,*,#4223,.F.);
#4225=ORIENTED_EDGE('',*,*,#251,.T.);
#4226=EDGE_LOOP('',(#4217,#4218,#4224,#4225));
#4227=FACE_OUTER_BOUND('',#4226,.T.);
#4228=ADVANCED_FACE('',(#4227),#4216,.T.);
#4229=CARTESIAN_POINT('',(0.709624449680319,8.578299271691854,0.0));
#4230=DIRECTION('',(0.0,0.0,1.0));
#4231=DIRECTION('',(0.84370002032258,-0.536814936181622,0.0));
#4232=AXIS2_PLACEMENT_3D('',#4229,#4230,#4231);
#4233=CYLINDRICAL_SURFACE('',#4232,56.768237809464182);
#4234=ORIENTED_EDGE('',*,*,#2773,.T.);
#4235=ORIENTED_EDGE('',*,*,#260,.T.);
#4236=ORIENTED_EDGE('',*,*,#4223,.T.);
#4237=ORIENTED_EDGE('',*,*,#4142,.T.);
#4238=EDGE_LOOP('',(#4234,#4235,#4236,#4237));
#4239=FACE_OUTER_BOUND('',#4238,.T.);
#4240=ADVANCED_FACE('',(#4239),#4233,.T.);
#4241=CARTESIAN_POINT('',(0.709624449680319,8.578299271691854,0.0));
#4242=DIRECTION('',(0.0,0.0,1.0));
#4243=DIRECTION('',(0.84370002032258,-0.536814936181622,0.0));
#4244=AXIS2_PLACEMENT_3D('',#4241,#4242,#4243);
#4245=CYLINDRICAL_SURFACE('',#4244,56.768237809464182);
#4246=ORIENTED_EDGE('',*,*,#4206,.T.);
#4247=ORIENTED_EDGE('',*,*,#226,.T.);
#4248=CARTESIAN_POINT('',(48.604987843202267,-21.895738685138795,4.5));
#4249=DIRECTION('',(0.0,0.0,-1.0));
#4250=VECTOR('',#4249,9.0);
#4251=LINE('',#4248,#4250);
#4252=EDGE_CURVE('',#212,#4160,#4251,.T.);
#4253=ORIENTED_EDGE('',*,*,#4252,.T.);
#4254=ORIENTED_EDGE('',*,*,#4166,.T.);
#4255=EDGE_LOOP('',(#4246,#4247,#4253,#4254));
#4256=FACE_OUTER_BOUND('',#4255,.T.);
#4257=ADVANCED_FACE('',(#4256),#4245,.T.);
#4258=CARTESIAN_POINT('',(48.604987843202267,-21.895738685138795,0.0));
#4259=DIRECTION('',(-0.525975044895618,-0.85050000126223,0.0));
#4260=DIRECTION('',(0.0,0.0,1.0));
#4261=AXIS2_PLACEMENT_3D('',#4258,#4259,#4260);
#4262=PLANE('',#4261);
#4263=ORIENTED_EDGE('',*,*,#217,.T.);
#4264=CARTESIAN_POINT('',(48.254731903882693,-21.679129769048075,-4.5));
#4265=DIRECTION('',(0.0,0.0,1.0));
#4266=VECTOR('',#4265,9.0);
#4267=LINE('',#4264,#4266);
#4268=EDGE_CURVE('',#4169,#203,#4267,.T.);
#4269=ORIENTED_EDGE('',*,*,#4268,.F.);
#4270=ORIENTED_EDGE('',*,*,#4174,.T.);
#4271=ORIENTED_EDGE('',*,*,#4252,.F.);
#4272=EDGE_LOOP('',(#4263,#4269,#4270,#4271));
#4273=FACE_OUTER_BOUND('',#4272,.T.);
#4274=ADVANCED_FACE('',(#4273),#4262,.T.);
#4275=CARTESIAN_POINT('',(56.955159076766257,5.044308680258743,0.0));
#4276=DIRECTION('',(0.0,1.0,0.0));
#4277=DIRECTION('',(0.0,0.0,1.0));
#4278=AXIS2_PLACEMENT_3D('',#4275,#4276,#4277);
#4279=PLANE('',#4278);
#4280=ORIENTED_EDGE('',*,*,#200,.T.);
#4281=ORIENTED_EDGE('',*,*,#2802,.F.);
#4282=ORIENTED_EDGE('',*,*,#4189,.T.);
#4283=CARTESIAN_POINT('',(56.955159076766257,5.044308680258743,4.5));
#4284=DIRECTION('',(0.0,0.0,-1.0));
#4285=VECTOR('',#4284,9.0);
#4286=LINE('',#4283,#4285);
#4287=EDGE_CURVE('',#195,#4177,#4286,.T.);
#4288=ORIENTED_EDGE('',*,*,#4287,.F.);
#4289=EDGE_LOOP('',(#4280,#4281,#4282,#4288));
#4290=FACE_OUTER_BOUND('',#4289,.T.);
#4291=ADVANCED_FACE('',(#4290),#4279,.T.);
#4292=CARTESIAN_POINT('',(-8.317222225122389,7.605776214450833,1.000000000000009));
#4293=DIRECTION('',(-2.775558E-016,9.481501E-033,-1.0));
#4294=DIRECTION('',(-0.707106781186548,-0.707106781186547,1.962616E-016));
#4295=AXIS2_PLACEMENT_3D('',#4292,#4293,#4294);
#4296=CYLINDRICAL_SURFACE('',#4295,2.0);
#4297=CARTESIAN_POINT('',(-8.317222225122389,5.605776214450833,2.000000000000002));
#4298=VERTEX_POINT('',#4297);
#4299=CARTESIAN_POINT('',(-10.317222225122391,7.605776214450833,2.000000000000002));
#4300=VERTEX_POINT('',#4299);
#4301=CARTESIAN_POINT('',(-8.317222225122389,7.605776214450833,2.000000000000001));
#4302=DIRECTION('',(1.387779E-016,1.387779E-016,1.0));
#4303=DIRECTION('',(-0.707106781186548,-0.707106781186547,1.962616E-016));
#4304=AXIS2_PLACEMENT_3D('',#4301,#4302,#4303);
#4305=CIRCLE('',#4304,2.0);
#4306=EDGE_CURVE('',#4298,#4300,#4305,.F.);
#4307=ORIENTED_EDGE('',*,*,#4306,.T.);
#4308=CARTESIAN_POINT('',(-10.317222225122393,7.605776214450833,-1.999999999999997));
#4309=VERTEX_POINT('',#4308);
#4310=CARTESIAN_POINT('',(-10.317222225122391,7.605776214450833,2.000000000000002));
#4311=DIRECTION('',(0.0,0.0,-1.0));
#4312=VECTOR('',#4311,4.0);
#4313=LINE('',#4310,#4312);
#4314=EDGE_CURVE('',#4300,#4309,#4313,.T.);
#4315=ORIENTED_EDGE('',*,*,#4314,.T.);
#4316=CARTESIAN_POINT('',(-8.317222225122391,5.605776214450833,-1.999999999999998));
#4317=VERTEX_POINT('',#4316);
#4318=CARTESIAN_POINT('',(-8.317222225122391,7.605776214450833,-1.999999999999998));
#4319=DIRECTION('',(-1.387779E-016,-1.387779E-016,-1.0));
#4320=DIRECTION('',(-0.707106781186548,-0.707106781186547,1.962616E-016));
#4321=AXIS2_PLACEMENT_3D('',#4318,#4319,#4320);
#4322=CIRCLE('',#4321,2.0);
#4323=EDGE_CURVE('',#4309,#4317,#4322,.F.);
#4324=ORIENTED_EDGE('',*,*,#4323,.T.);
#4325=CARTESIAN_POINT('',(-8.317222225122389,5.605776214450833,-1.999999999999998));
#4326=DIRECTION('',(0.0,0.0,1.0));
#4327=VECTOR('',#4326,4.0);
#4328=LINE('',#4325,#4327);
#4329=EDGE_CURVE('',#4317,#4298,#4328,.T.);
#4330=ORIENTED_EDGE('',*,*,#4329,.T.);
#4331=EDGE_LOOP('',(#4307,#4315,#4324,#4330));
#4332=FACE_OUTER_BOUND('',#4331,.T.);
#4333=ADVANCED_FACE('',(#4332),#4296,.T.);
#4334=CARTESIAN_POINT('',(-10.317222225122391,11.605776214450835,2.000000000000002));
#4335=DIRECTION('',(1.0,0.0,0.0));
#4336=DIRECTION('',(0.0,0.0,-1.0));
#4337=AXIS2_PLACEMENT_3D('',#4334,#4335,#4336);
#4338=PLANE('',#4337);
#4339=ORIENTED_EDGE('',*,*,#4314,.F.);
#4340=CARTESIAN_POINT('',(-10.317222225122391,9.605776214450833,2.000000000000002));
#4341=VERTEX_POINT('',#4340);
#4342=CARTESIAN_POINT('',(-10.317222225122391,9.605776214450835,2.000000000000002));
#4343=DIRECTION('',(0.0,-1.0,0.0));
#4344=VECTOR('',#4343,2.000000000000002);
#4345=LINE('',#4342,#4344);
#4346=EDGE_CURVE('',#4341,#4300,#4345,.T.);
#4347=ORIENTED_EDGE('',*,*,#4346,.F.);
#4348=CARTESIAN_POINT('',(-10.317222225122393,9.605776214450833,-1.999999999999997));
#4349=VERTEX_POINT('',#4348);
#4350=CARTESIAN_POINT('',(-10.317222225122391,9.605776214450833,-1.999999999999997));
#4351=DIRECTION('',(0.0,0.0,1.0));
#4352=VECTOR('',#4351,4.0);
#4353=LINE('',#4350,#4352);
#4354=EDGE_CURVE('',#4349,#4341,#4353,.T.);
#4355=ORIENTED_EDGE('',*,*,#4354,.F.);
#4356=CARTESIAN_POINT('',(-10.317222225122393,9.605776214450835,-1.999999999999997));
#4357=DIRECTION('',(0.0,-1.0,0.0));
#4358=VECTOR('',#4357,2.000000000000002);
#4359=LINE('',#4356,#4358);
#4360=EDGE_CURVE('',#4349,#4309,#4359,.T.);
#4361=ORIENTED_EDGE('',*,*,#4360,.T.);
#4362=EDGE_LOOP('',(#4339,#4347,#4355,#4361));
#4363=FACE_OUTER_BOUND('',#4362,.T.);
#4364=ADVANCED_FACE('',(#4363),#4338,.F.);
#4365=CARTESIAN_POINT('',(-8.317222225122391,9.605776214450833,1.0));
#4366=DIRECTION('',(2.775558E-016,0.0,1.0));
#4367=DIRECTION('',(-0.707106781186548,0.707106781186548,1.962616E-016));
#4368=AXIS2_PLACEMENT_3D('',#4365,#4366,#4367);
#4369=CYLINDRICAL_SURFACE('',#4368,2.0);
#4370=CARTESIAN_POINT('',(-8.317222225122393,11.605776214450835,-1.999999999999998));
#4371=VERTEX_POINT('',#4370);
#4372=CARTESIAN_POINT('',(-8.317222225122393,9.605776214450833,-1.999999999999998));
#4373=DIRECTION('',(-1.387779E-016,1.387779E-016,-1.0));
#4374=DIRECTION('',(-0.707106781186548,0.707106781186548,1.962616E-016));
#4375=AXIS2_PLACEMENT_3D('',#4372,#4373,#4374);
#4376=CIRCLE('',#4375,2.0);
#4377=EDGE_CURVE('',#4371,#4349,#4376,.F.);
#4378=ORIENTED_EDGE('',*,*,#4377,.T.);
#4379=ORIENTED_EDGE('',*,*,#4354,.T.);
#4380=CARTESIAN_POINT('',(-8.317222225122391,11.605776214450835,2.000000000000002));
#4381=VERTEX_POINT('',#4380);
#4382=CARTESIAN_POINT('',(-8.317222225122391,9.605776214450833,2.000000000000001));
#4383=DIRECTION('',(1.387779E-016,-1.387779E-016,1.0));
#4384=DIRECTION('',(-0.707106781186548,0.707106781186548,1.962616E-016));
#4385=AXIS2_PLACEMENT_3D('',#4382,#4383,#4384);
#4386=CIRCLE('',#4385,2.0);
#4387=EDGE_CURVE('',#4341,#4381,#4386,.F.);
#4388=ORIENTED_EDGE('',*,*,#4387,.T.);
#4389=CARTESIAN_POINT('',(-8.317222225122391,11.605776214450835,2.000000000000002));
#4390=DIRECTION('',(0.0,0.0,-1.0));
#4391=VECTOR('',#4390,4.0);
#4392=LINE('',#4389,#4391);
#4393=EDGE_CURVE('',#4381,#4371,#4392,.T.);
#4394=ORIENTED_EDGE('',*,*,#4393,.T.);
#4395=EDGE_LOOP('',(#4378,#4379,#4388,#4394));
#4396=FACE_OUTER_BOUND('',#4395,.T.);
#4397=ADVANCED_FACE('',(#4396),#4369,.T.);
#4398=CARTESIAN_POINT('',(-10.317222225122393,11.605776214450835,-1.999999999999997));
#4399=DIRECTION('',(0.0,0.0,-1.0));
#4400=DIRECTION('',(-1.0,0.0,0.0));
#4401=AXIS2_PLACEMENT_3D('',#4398,#4399,#4400);
#4402=PLANE('',#4401);
#4403=CARTESIAN_POINT('',(-15.986383633254508,5.605776214450833,-1.999999999999996));
#4404=VERTEX_POINT('',#4403);
#4405=CARTESIAN_POINT('',(-15.986383633254505,5.605776214450833,-1.999999999999996));
#4406=DIRECTION('',(1.0,0.0,0.0));
#4407=VECTOR('',#4406,7.669161408132116);
#4408=LINE('',#4405,#4407);
#4409=EDGE_CURVE('',#4404,#4317,#4408,.T.);
#4410=ORIENTED_EDGE('',*,*,#4409,.T.);
#4411=ORIENTED_EDGE('',*,*,#4323,.F.);
#4412=ORIENTED_EDGE('',*,*,#4360,.F.);
#4413=ORIENTED_EDGE('',*,*,#4377,.F.);
#4414=CARTESIAN_POINT('',(-15.986383633254508,11.605776214450835,-1.999999999999996));
#4415=VERTEX_POINT('',#4414);
#4416=CARTESIAN_POINT('',(-8.317222225122393,11.605776214450835,-1.999999999999998));
#4417=DIRECTION('',(-1.0,0.0,0.0));
#4418=VECTOR('',#4417,7.669161408132116);
#4419=LINE('',#4416,#4418);
#4420=EDGE_CURVE('',#4371,#4415,#4419,.T.);
#4421=ORIENTED_EDGE('',*,*,#4420,.T.);
#4422=CARTESIAN_POINT('',(-15.986383633254508,8.605776214450833,-1.999999999999997));
#4423=DIRECTION('',(0.0,0.0,-1.0));
#4424=DIRECTION('',(0.0,-1.0,0.0));
#4425=AXIS2_PLACEMENT_3D('',#4422,#4423,#4424);
#4426=CIRCLE('',#4425,3.0);
#4427=EDGE_CURVE('',#4404,#4415,#4426,.T.);
#4428=ORIENTED_EDGE('',*,*,#4427,.F.);
#4429=EDGE_LOOP('',(#4410,#4411,#4412,#4413,#4421,#4428));
#4430=FACE_OUTER_BOUND('',#4429,.T.);
#4431=CARTESIAN_POINT('',(-13.986383633254508,8.605776214450833,-1.999999999999997));
#4432=VERTEX_POINT('',#4431);
#4433=CARTESIAN_POINT('',(-15.986383633254508,8.605776214450833,-1.999999999999997));
#4434=DIRECTION('',(0.0,0.0,1.0));
#4435=DIRECTION('',(-1.0,0.0,0.0));
#4436=AXIS2_PLACEMENT_3D('',#4433,#4434,#4435);
#4437=CIRCLE('',#4436,1.999999999999999);
#4438=EDGE_CURVE('',#4432,#4432,#4437,.T.);
#4439=ORIENTED_EDGE('',*,*,#4438,.F.);
#4440=EDGE_LOOP('',(#4439));
#4441=FACE_BOUND('',#4440,.T.);
#4442=ADVANCED_FACE('',(#4430,#4441),#4402,.F.);
#4443=CARTESIAN_POINT('',(-18.986383633254508,11.605776214450835,2.000000000000004));
#4444=DIRECTION('',(0.0,0.0,1.0));
#4445=DIRECTION('',(1.0,0.0,0.0));
#4446=AXIS2_PLACEMENT_3D('',#4443,#4444,#4445);
#4447=PLANE('',#4446);
#4448=CARTESIAN_POINT('',(-15.986383633254508,5.605776214450833,2.000000000000004));
#4449=VERTEX_POINT('',#4448);
#4450=CARTESIAN_POINT('',(-8.317222225122389,5.605776214450833,2.000000000000002));
#4451=DIRECTION('',(-1.0,0.0,0.0));
#4452=VECTOR('',#4451,7.669161408132119);
#4453=LINE('',#4450,#4452);
#4454=EDGE_CURVE('',#4298,#4449,#4453,.T.);
#4455=ORIENTED_EDGE('',*,*,#4454,.T.);
#4456=CARTESIAN_POINT('',(-15.986383633254508,11.605776214450835,2.000000000000004));
#4457=VERTEX_POINT('',#4456);
#4458=CARTESIAN_POINT('',(-15.986383633254508,8.605776214450833,2.000000000000004));
#4459=DIRECTION('',(0.0,0.0,1.0));
#4460=DIRECTION('',(0.0,-1.0,0.0));
#4461=AXIS2_PLACEMENT_3D('',#4458,#4459,#4460);
#4462=CIRCLE('',#4461,3.0);
#4463=EDGE_CURVE('',#4457,#4449,#4462,.T.);
#4464=ORIENTED_EDGE('',*,*,#4463,.F.);
#4465=CARTESIAN_POINT('',(-15.986383633254508,11.605776214450835,2.000000000000003));
#4466=DIRECTION('',(1.0,0.0,0.0));
#4467=VECTOR('',#4466,7.669161408132116);
#4468=LINE('',#4465,#4467);
#4469=EDGE_CURVE('',#4457,#4381,#4468,.T.);
#4470=ORIENTED_EDGE('',*,*,#4469,.T.);
#4471=ORIENTED_EDGE('',*,*,#4387,.F.);
#4472=ORIENTED_EDGE('',*,*,#4346,.T.);
#4473=ORIENTED_EDGE('',*,*,#4306,.F.);
#4474=EDGE_LOOP('',(#4455,#4464,#4470,#4471,#4472,#4473));
#4475=FACE_OUTER_BOUND('',#4474,.T.);
#4476=CARTESIAN_POINT('',(-13.986383633254508,8.605776214450833,2.000000000000004));
#4477=VERTEX_POINT('',#4476);
#4478=CARTESIAN_POINT('',(-15.986383633254508,8.605776214450833,2.000000000000004));
#4479=DIRECTION('',(0.0,0.0,-1.0));
#4480=DIRECTION('',(-1.0,0.0,0.0));
#4481=AXIS2_PLACEMENT_3D('',#4478,#4479,#4480);
#4482=CIRCLE('',#4481,1.999999999999999);
#4483=EDGE_CURVE('',#4477,#4477,#4482,.T.);
#4484=ORIENTED_EDGE('',*,*,#4483,.F.);
#4485=EDGE_LOOP('',(#4484));
#4486=FACE_BOUND('',#4485,.T.);
#4487=ADVANCED_FACE('',(#4475,#4486),#4447,.F.);
#4488=CARTESIAN_POINT('',(49.013616366745495,5.605776214450831,0.0));
#4489=DIRECTION('',(0.0,-1.0,0.0));
#4490=DIRECTION('',(0.0,0.0,-1.0));
#4491=AXIS2_PLACEMENT_3D('',#4488,#4489,#4490);
#4492=PLANE('',#4491);
#4493=ORIENTED_EDGE('',*,*,#4409,.F.);
#4494=CARTESIAN_POINT('',(-15.986383633254508,5.605776214450833,-5.0));
#4495=VERTEX_POINT('',#4494);
#4496=CARTESIAN_POINT('',(-15.986383633254508,5.605776214450833,-1.999999999999996));
#4497=DIRECTION('',(0.0,0.0,-1.0));
#4498=VECTOR('',#4497,3.000000000000004);
#4499=LINE('',#4496,#4498);
#4500=EDGE_CURVE('',#4404,#4495,#4499,.T.);
#4501=ORIENTED_EDGE('',*,*,#4500,.T.);
#4502=CARTESIAN_POINT('',(49.013616366745495,5.605776214450831,-5.0));
#4503=VERTEX_POINT('',#4502);
#4504=CARTESIAN_POINT('',(-15.986383633254505,5.605776214450833,-5.0));
#4505=DIRECTION('',(1.0,0.0,0.0));
#4506=VECTOR('',#4505,65.0);
#4507=LINE('',#4504,#4506);
#4508=EDGE_CURVE('',#4495,#4503,#4507,.T.);
#4509=ORIENTED_EDGE('',*,*,#4508,.T.);
#4510=CARTESIAN_POINT('',(49.013616366745495,5.605776214450831,0.0));
#4511=VERTEX_POINT('',#4510);
#4512=CARTESIAN_POINT('',(49.013616366745495,5.605776214450831,0.0));
#4513=DIRECTION('',(0.0,0.0,-1.0));
#4514=VECTOR('',#4513,5.0);
#4515=LINE('',#4512,#4514);
#4516=EDGE_CURVE('',#4511,#4503,#4515,.T.);
#4517=ORIENTED_EDGE('',*,*,#4516,.F.);
#4518=CARTESIAN_POINT('',(49.013616366745495,5.605776214450831,5.0));
#4519=VERTEX_POINT('',#4518);
#4520=CARTESIAN_POINT('',(49.013616366745495,5.605776214450831,0.0));
#4521=DIRECTION('',(0.0,0.0,1.0));
#4522=VECTOR('',#4521,5.0);
#4523=LINE('',#4520,#4522);
#4524=EDGE_CURVE('',#4511,#4519,#4523,.T.);
#4525=ORIENTED_EDGE('',*,*,#4524,.T.);
#4526=CARTESIAN_POINT('',(-15.986383633254508,5.605776214450833,5.0));
#4527=VERTEX_POINT('',#4526);
#4528=CARTESIAN_POINT('',(49.013616366745495,5.605776214450831,5.0));
#4529=DIRECTION('',(-1.0,0.0,0.0));
#4530=VECTOR('',#4529,65.0);
#4531=LINE('',#4528,#4530);
#4532=EDGE_CURVE('',#4519,#4527,#4531,.T.);
#4533=ORIENTED_EDGE('',*,*,#4532,.T.);
#4534=CARTESIAN_POINT('',(-15.986383633254508,5.605776214450833,5.0));
#4535=DIRECTION('',(0.0,0.0,-1.0));
#4536=VECTOR('',#4535,2.999999999999996);
#4537=LINE('',#4534,#4536);
#4538=EDGE_CURVE('',#4527,#4449,#4537,.T.);
#4539=ORIENTED_EDGE('',*,*,#4538,.T.);
#4540=ORIENTED_EDGE('',*,*,#4454,.F.);
#4541=ORIENTED_EDGE('',*,*,#4329,.F.);
#4542=EDGE_LOOP('',(#4493,#4501,#4509,#4517,#4525,#4533,#4539,#4540,#4541));
#4543=FACE_OUTER_BOUND('',#4542,.T.);
#4544=ADVANCED_FACE('',(#4543),#4492,.T.);
#4545=CARTESIAN_POINT('',(-15.986383633254508,8.605776214450833,0.0));
#4546=DIRECTION('',(0.0,0.0,1.0));
#4547=DIRECTION('',(0.0,-1.0,0.0));
#4548=AXIS2_PLACEMENT_3D('',#4545,#4546,#4547);
#4549=CYLINDRICAL_SURFACE('',#4548,3.0);
#4550=ORIENTED_EDGE('',*,*,#4427,.T.);
#4551=CARTESIAN_POINT('',(-15.986383633254508,11.605776214450835,-5.0));
#4552=VERTEX_POINT('',#4551);
#4553=CARTESIAN_POINT('',(-15.986383633254508,11.605776214450835,-5.0));
#4554=DIRECTION('',(0.0,0.0,1.0));
#4555=VECTOR('',#4554,3.000000000000004);
#4556=LINE('',#4553,#4555);
#4557=EDGE_CURVE('',#4552,#4415,#4556,.T.);
#4558=ORIENTED_EDGE('',*,*,#4557,.F.);
#4559=CARTESIAN_POINT('',(-15.986383633254508,8.605776214450833,-5.0));
#4560=DIRECTION('',(0.0,0.0,1.0));
#4561=DIRECTION('',(0.0,-1.0,0.0));
#4562=AXIS2_PLACEMENT_3D('',#4559,#4560,#4561);
#4563=CIRCLE('',#4562,3.0);
#4564=EDGE_CURVE('',#4552,#4495,#4563,.T.);
#4565=ORIENTED_EDGE('',*,*,#4564,.T.);
#4566=ORIENTED_EDGE('',*,*,#4500,.F.);
#4567=EDGE_LOOP('',(#4550,#4558,#4565,#4566));
#4568=FACE_OUTER_BOUND('',#4567,.T.);
#4569=ADVANCED_FACE('',(#4568),#4549,.T.);
#4570=CARTESIAN_POINT('',(-15.986383633254508,8.605776214450833,0.0));
#4571=DIRECTION('',(0.0,0.0,1.0));
#4572=DIRECTION('',(-1.0,0.0,0.0));
#4573=AXIS2_PLACEMENT_3D('',#4570,#4571,#4572);
#4574=CYLINDRICAL_SURFACE('',#4573,1.999999999999999);
#4575=CARTESIAN_POINT('',(-13.986383633254508,8.605776214450833,5.0));
#4576=VERTEX_POINT('',#4575);
#4577=CARTESIAN_POINT('',(-15.986383633254508,8.605776214450833,5.0));
#4578=DIRECTION('',(0.0,0.0,-1.0));
#4579=DIRECTION('',(-1.0,0.0,0.0));
#4580=AXIS2_PLACEMENT_3D('',#4577,#4578,#4579);
#4581=CIRCLE('',#4580,1.999999999999999);
#4582=EDGE_CURVE('',#4576,#4576,#4581,.T.);
#4583=ORIENTED_EDGE('',*,*,#4582,.F.);
#4584=EDGE_LOOP('',(#4583));
#4585=FACE_OUTER_BOUND('',#4584,.T.);
#4586=ORIENTED_EDGE('',*,*,#4483,.T.);
#4587=EDGE_LOOP('',(#4586));
#4588=FACE_BOUND('',#4587,.T.);
#4589=ADVANCED_FACE('',(#4585,#4588),#4574,.F.);
#4590=CARTESIAN_POINT('',(-15.986383633254508,8.605776214450833,0.0));
#4591=DIRECTION('',(0.0,0.0,1.0));
#4592=DIRECTION('',(-1.0,0.0,0.0));
#4593=AXIS2_PLACEMENT_3D('',#4590,#4591,#4592);
#4594=CYLINDRICAL_SURFACE('',#4593,1.999999999999999);
#4595=ORIENTED_EDGE('',*,*,#4438,.T.);
#4596=EDGE_LOOP('',(#4595));
#4597=FACE_OUTER_BOUND('',#4596,.T.);
#4598=CARTESIAN_POINT('',(-13.986383633254508,8.605776214450833,-5.0));
#4599=VERTEX_POINT('',#4598);
#4600=CARTESIAN_POINT('',(-15.986383633254508,8.605776214450833,-5.0));
#4601=DIRECTION('',(0.0,0.0,1.0));
#4602=DIRECTION('',(-1.0,0.0,0.0));
#4603=AXIS2_PLACEMENT_3D('',#4600,#4601,#4602);
#4604=CIRCLE('',#4603,1.999999999999999);
#4605=EDGE_CURVE('',#4599,#4599,#4604,.T.);
#4606=ORIENTED_EDGE('',*,*,#4605,.F.);
#4607=EDGE_LOOP('',(#4606));
#4608=FACE_BOUND('',#4607,.T.);
#4609=ADVANCED_FACE('',(#4597,#4608),#4594,.F.);
#4610=CARTESIAN_POINT('',(28.140717446016264,3.475233306715555,-5.0));
#4611=DIRECTION('',(0.0,0.0,1.0));
#4612=DIRECTION('',(1.0,0.0,0.0));
#4613=AXIS2_PLACEMENT_3D('',#4610,#4611,#4612);
#4614=PLANE('',#4613);
#4615=ORIENTED_EDGE('',*,*,#4564,.F.);
#4616=CARTESIAN_POINT('',(49.013616366745495,11.605776214450835,-5.0));
#4617=VERTEX_POINT('',#4616);
#4618=CARTESIAN_POINT('',(49.013616366745495,11.605776214450835,-5.0));
#4619=DIRECTION('',(-1.0,0.0,0.0));
#4620=VECTOR('',#4619,65.0);
#4621=LINE('',#4618,#4620);
#4622=EDGE_CURVE('',#4617,#4552,#4621,.T.);
#4623=ORIENTED_EDGE('',*,*,#4622,.F.);
#4624=CARTESIAN_POINT('',(57.059329136816501,7.706498457511163,-5.0));
#4625=VERTEX_POINT('',#4624);
#4626=CARTESIAN_POINT('',(57.059329136816494,7.706498457511164,-5.0));
#4627=CARTESIAN_POINT('',(57.21218082368096,8.566758824604269,-5.0));
#4628=CARTESIAN_POINT('',(57.692394217524566,9.54942173877312,-5.0));
#4629=CARTESIAN_POINT('',(58.793574236853352,12.547190202304307,-5.0));
#4630=CARTESIAN_POINT('',(54.004247226986656,13.949823916105084,-5.0));
#4631=CARTESIAN_POINT('',(53.597359594385885,11.493069159601337,-5.0));
#4632=CARTESIAN_POINT('',(49.388403948512796,11.748619997591385,-5.0));
#4633=CARTESIAN_POINT('',(49.013616366745481,11.605776214450836,-5.0));
#4634=B_SPLINE_CURVE_WITH_KNOTS('',4,(#4626,#4627,#4628,#4629,#4630,#4631,#4632,#4633),.UNSPECIFIED.,.F.,.U.,(5,1,1,1,5),(0.0,0.22357303068556,0.37743583215429,0.527378968671339,1.0),.UNSPECIFIED.);
#4635=EDGE_CURVE('',#4625,#4617,#4634,.T.);
#4636=ORIENTED_EDGE('',*,*,#4635,.F.);
#4637=CARTESIAN_POINT('',(46.679526247021016,-24.022580834984964,-5.0));
#4638=VERTEX_POINT('',#4637);
#4639=CARTESIAN_POINT('',(0.709624449680319,8.578299271691854,-5.0));
#4640=DIRECTION('',(0.0,0.0,1.0));
#4641=DIRECTION('',(-0.815699059405341,0.578476485680483,0.0));
#4642=AXIS2_PLACEMENT_3D('',#4639,#4640,#4641);
#4643=CIRCLE('',#4642,56.356448211247852);
#4644=EDGE_CURVE('',#4638,#4625,#4643,.T.);
#4645=ORIENTED_EDGE('',*,*,#4644,.F.);
#4646=CARTESIAN_POINT('',(46.015017067158404,-22.361307790124904,-5.0));
#4647=VERTEX_POINT('',#4646);
#4648=CARTESIAN_POINT('',(46.015017067158382,-22.361307790124897,-5.0));
#4649=CARTESIAN_POINT('',(45.678368196703005,-23.024954597751595,-5.0));
#4650=CARTESIAN_POINT('',(45.466029892666661,-23.591134018382739,-5.0));
#4651=CARTESIAN_POINT('',(45.716084127338767,-24.16086959582724,-5.0));
#4652=CARTESIAN_POINT('',(46.508400954054665,-24.192703212237067,-5.0));
#4653=CARTESIAN_POINT('',(46.679526247021002,-24.022580834984964,-5.0));
#4654=B_SPLINE_CURVE_WITH_KNOTS('',4,(#4648,#4649,#4650,#4651,#4652,#4653),.UNSPECIFIED.,.F.,.U.,(5,1,5),(0.0,0.534692877397219,1.0),.UNSPECIFIED.);
#4655=EDGE_CURVE('',#4647,#4638,#4654,.T.);
#4656=ORIENTED_EDGE('',*,*,#4655,.F.);
#4657=CARTESIAN_POINT('',(51.828697678930951,3.425575743073081,-5.0));
#4658=VERTEX_POINT('',#4657);
#4659=CARTESIAN_POINT('',(-4.438025247927957,2.562176871755884,-5.0));
#4660=DIRECTION('',(0.0,0.0,-1.0));
#4661=DIRECTION('',(0.896570848058715,-0.442900343656761,0.0));
#4662=AXIS2_PLACEMENT_3D('',#4659,#4660,#4661);
#4663=CIRCLE('',#4662,56.273346857450214);
#4664=EDGE_CURVE('',#4658,#4647,#4663,.T.);
#4665=ORIENTED_EDGE('',*,*,#4664,.F.);
#4666=CARTESIAN_POINT('',(49.013616366745502,5.605776214450831,-5.0));
#4667=CARTESIAN_POINT('',(49.820874075110822,5.608846743929567,-5.0));
#4668=CARTESIAN_POINT('',(51.000287388797346,5.639265526035963,-5.0));
#4669=CARTESIAN_POINT('',(51.65583531140301,5.140921256298384,-5.0));
#4670=CARTESIAN_POINT('',(51.950157175877507,4.117670505214644,-5.0));
#4671=CARTESIAN_POINT('',(51.828697678930951,3.42557574307308,-5.0));
#4672=B_SPLINE_CURVE_WITH_KNOTS('',4,(#4666,#4667,#4668,#4669,#4670,#4671),.UNSPECIFIED.,.F.,.U.,(5,1,5),(0.0,0.51295689448747,1.0),.UNSPECIFIED.);
#4673=EDGE_CURVE('',#4503,#4658,#4672,.T.);
#4674=ORIENTED_EDGE('',*,*,#4673,.F.);
#4675=ORIENTED_EDGE('',*,*,#4508,.F.);
#4676=EDGE_LOOP('',(#4615,#4623,#4636,#4645,#4656,#4665,#4674,#4675));
#4677=FACE_OUTER_BOUND('',#4676,.T.);
#4678=ORIENTED_EDGE('',*,*,#4605,.T.);
#4679=EDGE_LOOP('',(#4678));
#4680=FACE_BOUND('',#4679,.T.);
#4681=ADVANCED_FACE('',(#4677,#4680),#4614,.F.);
#4682=CARTESIAN_POINT('',(57.059329136816494,7.706498457511164,-5.0));
#4683=CARTESIAN_POINT('',(57.21218082368096,8.566758824604269,-5.0));
#4684=CARTESIAN_POINT('',(57.692394217524566,9.54942173877312,-5.0));
#4685=CARTESIAN_POINT('',(58.793574236853352,12.547190202304307,-5.0));
#4686=CARTESIAN_POINT('',(54.004247226986656,13.949823916105084,-5.0));
#4687=CARTESIAN_POINT('',(53.597359594385885,11.493069159601337,-5.0));
#4688=CARTESIAN_POINT('',(49.388403948512796,11.748619997591385,-5.0));
#4689=CARTESIAN_POINT('',(49.013616366745481,11.605776214450836,-5.0));
#4690=CARTESIAN_POINT('',(57.059329136816494,7.706498457511164,5.0));
#4691=CARTESIAN_POINT('',(57.21218082368096,8.566758824604269,5.0));
#4692=CARTESIAN_POINT('',(57.692394217524566,9.54942173877312,5.0));
#4693=CARTESIAN_POINT('',(58.793574236853352,12.547190202304307,5.0));
#4694=CARTESIAN_POINT('',(54.004247226986656,13.949823916105084,5.0));
#4695=CARTESIAN_POINT('',(53.597359594385885,11.493069159601337,5.0));
#4696=CARTESIAN_POINT('',(49.388403948512796,11.748619997591385,5.0));
#4697=CARTESIAN_POINT('',(49.013616366745481,11.605776214450836,5.0));
#4698=B_SPLINE_SURFACE_WITH_KNOTS('',4,1,((#4682,#4690),(#4683,#4691),(#4684,#4692),(#4685,#4693),(#4686,#4694),(#4687,#4695),(#4688,#4696),(#4689,#4697)),.UNSPECIFIED.,.F.,.F.,.F.,(5,1,1,1,5),(2,2),(-1.0,-0.77642696931444,-0.62256416784571,-0.472621031328661,0.0),(-0.5,0.5),.UNSPECIFIED.);
#4699=CARTESIAN_POINT('',(49.013616366745495,11.605776214450835,5.0));
#4700=VERTEX_POINT('',#4699);
#4701=CARTESIAN_POINT('',(57.059329136816501,7.706498457511163,5.0));
#4702=VERTEX_POINT('',#4701);
#4703=CARTESIAN_POINT('',(49.013616366745481,11.605776214450836,5.0));
#4704=CARTESIAN_POINT('',(49.388403948512796,11.748619997591385,5.0));
#4705=CARTESIAN_POINT('',(53.597359594385885,11.493069159601337,5.0));
#4706=CARTESIAN_POINT('',(54.004247226986656,13.949823916105084,5.0));
#4707=CARTESIAN_POINT('',(58.793574236853352,12.547190202304307,5.0));
#4708=CARTESIAN_POINT('',(57.692394217524566,9.54942173877312,5.0));
#4709=CARTESIAN_POINT('',(57.21218082368096,8.566758824604269,5.0));
#4710=CARTESIAN_POINT('',(57.059329136816494,7.706498457511164,5.0));
#4711=B_SPLINE_CURVE_WITH_KNOTS('',4,(#4703,#4704,#4705,#4706,#4707,#4708,#4709,#4710),.UNSPECIFIED.,.F.,.U.,(5,1,1,1,5),(0.0,0.472621031328661,0.62256416784571,0.77642696931444,1.0),.UNSPECIFIED.);
#4712=EDGE_CURVE('',#4700,#4702,#4711,.T.);
#4713=ORIENTED_EDGE('',*,*,#4712,.T.);
#4714=CARTESIAN_POINT('',(57.059329136816501,7.706498457511163,0.0));
#4715=VERTEX_POINT('',#4714);
#4716=CARTESIAN_POINT('',(57.059329136816501,7.706498457511163,0.0));
#4717=DIRECTION('',(0.0,0.0,1.0));
#4718=VECTOR('',#4717,5.0);
#4719=LINE('',#4716,#4718);
#4720=EDGE_CURVE('',#4715,#4702,#4719,.T.);
#4721=ORIENTED_EDGE('',*,*,#4720,.F.);
#4722=CARTESIAN_POINT('',(57.059329136816501,7.706498457511163,0.0));
#4723=DIRECTION('',(0.0,0.0,-1.0));
#4724=VECTOR('',#4723,5.0);
#4725=LINE('',#4722,#4724);
#4726=EDGE_CURVE('',#4715,#4625,#4725,.T.);
#4727=ORIENTED_EDGE('',*,*,#4726,.T.);
#4728=ORIENTED_EDGE('',*,*,#4635,.T.);
#4729=CARTESIAN_POINT('',(49.013616366745495,11.605776214450835,0.0));
#4730=VERTEX_POINT('',#4729);
#4731=CARTESIAN_POINT('',(49.013616366745495,11.605776214450835,0.0));
#4732=DIRECTION('',(0.0,0.0,-1.0));
#4733=VECTOR('',#4732,5.0);
#4734=LINE('',#4731,#4733);
#4735=EDGE_CURVE('',#4730,#4617,#4734,.T.);
#4736=ORIENTED_EDGE('',*,*,#4735,.F.);
#4737=CARTESIAN_POINT('',(49.013616366745495,11.605776214450835,0.0));
#4738=DIRECTION('',(0.0,0.0,1.0));
#4739=VECTOR('',#4738,5.0);
#4740=LINE('',#4737,#4739);
#4741=EDGE_CURVE('',#4730,#4700,#4740,.T.);
#4742=ORIENTED_EDGE('',*,*,#4741,.T.);
#4743=EDGE_LOOP('',(#4713,#4721,#4727,#4728,#4736,#4742));
#4744=FACE_OUTER_BOUND('',#4743,.T.);
#4745=ADVANCED_FACE('',(#4744),#4698,.T.);
#4746=CARTESIAN_POINT('',(0.709624449680319,8.578299271691854,0.0));
#4747=DIRECTION('',(0.0,0.0,1.0));
#4748=DIRECTION('',(-0.815699059405341,0.578476485680483,0.0));
#4749=AXIS2_PLACEMENT_3D('',#4746,#4747,#4748);
#4750=CYLINDRICAL_SURFACE('',#4749,56.356448211247852);
#4751=CARTESIAN_POINT('',(46.679526247021016,-24.022580834984964,5.0));
#4752=VERTEX_POINT('',#4751);
#4753=CARTESIAN_POINT('',(0.709624449680319,8.578299271691854,5.0));
#4754=DIRECTION('',(0.0,0.0,-1.0));
#4755=DIRECTION('',(-0.815699059405341,0.578476485680483,0.0));
#4756=AXIS2_PLACEMENT_3D('',#4753,#4754,#4755);
#4757=CIRCLE('',#4756,56.356448211247852);
#4758=EDGE_CURVE('',#4702,#4752,#4757,.T.);
#4759=ORIENTED_EDGE('',*,*,#4758,.T.);
#4760=CARTESIAN_POINT('',(46.679526247021016,-24.022580834984964,0.0));
#4761=VERTEX_POINT('',#4760);
#4762=CARTESIAN_POINT('',(46.679526247021016,-24.022580834984964,0.0));
#4763=DIRECTION('',(0.0,0.0,1.0));
#4764=VECTOR('',#4763,5.0);
#4765=LINE('',#4762,#4764);
#4766=EDGE_CURVE('',#4761,#4752,#4765,.T.);
#4767=ORIENTED_EDGE('',*,*,#4766,.F.);
#4768=CARTESIAN_POINT('',(46.679526247021016,-24.022580834984964,0.0));
#4769=DIRECTION('',(0.0,0.0,-1.0));
#4770=VECTOR('',#4769,5.0);
#4771=LINE('',#4768,#4770);
#4772=EDGE_CURVE('',#4761,#4638,#4771,.T.);
#4773=ORIENTED_EDGE('',*,*,#4772,.T.);
#4774=ORIENTED_EDGE('',*,*,#4644,.T.);
#4775=ORIENTED_EDGE('',*,*,#4726,.F.);
#4776=ORIENTED_EDGE('',*,*,#4720,.T.);
#4777=EDGE_LOOP('',(#4759,#4767,#4773,#4774,#4775,#4776));
#4778=FACE_OUTER_BOUND('',#4777,.T.);
#4779=ORIENTED_EDGE('',*,*,#4183,.T.);
#4780=ORIENTED_EDGE('',*,*,#4268,.T.);
#4781=ORIENTED_EDGE('',*,*,#209,.T.);
#4782=ORIENTED_EDGE('',*,*,#4287,.T.);
#4783=EDGE_LOOP('',(#4779,#4780,#4781,#4782));
#4784=FACE_BOUND('',#4783,.T.);
#4785=ADVANCED_FACE('',(#4778,#4784),#4750,.T.);
#4786=CARTESIAN_POINT('',(46.015017067158382,-22.361307790124897,-5.0));
#4787=CARTESIAN_POINT('',(45.678368196703005,-23.024954597751595,-5.0));
#4788=CARTESIAN_POINT('',(45.466029892666661,-23.591134018382739,-5.0));
#4789=CARTESIAN_POINT('',(45.716084127338767,-24.16086959582724,-5.0));
#4790=CARTESIAN_POINT('',(46.508400954054665,-24.192703212237067,-5.0));
#4791=CARTESIAN_POINT('',(46.679526247021002,-24.022580834984964,-5.0));
#4792=CARTESIAN_POINT('',(46.015017067158382,-22.361307790124897,5.0));
#4793=CARTESIAN_POINT('',(45.678368196703005,-23.024954597751595,5.0));
#4794=CARTESIAN_POINT('',(45.466029892666661,-23.591134018382739,5.0));
#4795=CARTESIAN_POINT('',(45.716084127338767,-24.16086959582724,5.0));
#4796=CARTESIAN_POINT('',(46.508400954054665,-24.192703212237067,5.0));
#4797=CARTESIAN_POINT('',(46.679526247021002,-24.022580834984964,5.0));
#4798=B_SPLINE_SURFACE_WITH_KNOTS('',4,1,((#4786,#4792),(#4787,#4793),(#4788,#4794),(#4789,#4795),(#4790,#4796),(#4791,#4797)),.UNSPECIFIED.,.F.,.F.,.F.,(5,1,5),(2,2),(-1.0,-0.465307122602781,0.0),(-0.5,0.5),.UNSPECIFIED.);
#4799=CARTESIAN_POINT('',(46.015017067158404,-22.361307790124904,5.0));
#4800=VERTEX_POINT('',#4799);
#4801=CARTESIAN_POINT('',(46.679526247021002,-24.022580834984964,5.0));
#4802=CARTESIAN_POINT('',(46.508400954054665,-24.192703212237067,5.0));
#4803=CARTESIAN_POINT('',(45.716084127338767,-24.16086959582724,5.0));
#4804=CARTESIAN_POINT('',(45.466029892666661,-23.591134018382739,5.0));
#4805=CARTESIAN_POINT('',(45.678368196703005,-23.024954597751595,5.0));
#4806=CARTESIAN_POINT('',(46.015017067158382,-22.361307790124897,5.0));
#4807=B_SPLINE_CURVE_WITH_KNOTS('',4,(#4801,#4802,#4803,#4804,#4805,#4806),.UNSPECIFIED.,.F.,.U.,(5,1,5),(0.0,0.465307122602781,1.0),.UNSPECIFIED.);
#4808=EDGE_CURVE('',#4752,#4800,#4807,.T.);
#4809=ORIENTED_EDGE('',*,*,#4808,.T.);
#4810=CARTESIAN_POINT('',(46.015017067158404,-22.361307790124904,0.0));
#4811=VERTEX_POINT('',#4810);
#4812=CARTESIAN_POINT('',(46.015017067158404,-22.361307790124904,0.0));
#4813=DIRECTION('',(0.0,0.0,1.0));
#4814=VECTOR('',#4813,5.0);
#4815=LINE('',#4812,#4814);
#4816=EDGE_CURVE('',#4811,#4800,#4815,.T.);
#4817=ORIENTED_EDGE('',*,*,#4816,.F.);
#4818=CARTESIAN_POINT('',(46.015017067158404,-22.361307790124904,0.0));
#4819=DIRECTION('',(0.0,0.0,-1.0));
#4820=VECTOR('',#4819,5.0);
#4821=LINE('',#4818,#4820);
#4822=EDGE_CURVE('',#4811,#4647,#4821,.T.);
#4823=ORIENTED_EDGE('',*,*,#4822,.T.);
#4824=ORIENTED_EDGE('',*,*,#4655,.T.);
#4825=ORIENTED_EDGE('',*,*,#4772,.F.);
#4826=ORIENTED_EDGE('',*,*,#4766,.T.);
#4827=EDGE_LOOP('',(#4809,#4817,#4823,#4824,#4825,#4826));
#4828=FACE_OUTER_BOUND('',#4827,.T.);
#4829=ADVANCED_FACE('',(#4828),#4798,.T.);
#4830=CARTESIAN_POINT('',(-4.438025247927957,2.562176871755884,0.0));
#4831=DIRECTION('',(0.0,0.0,1.0));
#4832=DIRECTION('',(0.896570848058715,-0.442900343656761,0.0));
#4833=AXIS2_PLACEMENT_3D('',#4830,#4831,#4832);
#4834=CYLINDRICAL_SURFACE('',#4833,56.273346857450214);
#4835=CARTESIAN_POINT('',(51.828697678930951,3.425575743073081,5.0));
#4836=VERTEX_POINT('',#4835);
#4837=CARTESIAN_POINT('',(-4.438025247927957,2.562176871755884,5.0));
#4838=DIRECTION('',(0.0,0.0,1.0));
#4839=DIRECTION('',(0.896570848058715,-0.442900343656761,0.0));
#4840=AXIS2_PLACEMENT_3D('',#4837,#4838,#4839);
#4841=CIRCLE('',#4840,56.273346857450214);
#4842=EDGE_CURVE('',#4800,#4836,#4841,.T.);
#4843=ORIENTED_EDGE('',*,*,#4842,.T.);
#4844=CARTESIAN_POINT('',(51.828697678930951,3.425575743073081,0.0));
#4845=VERTEX_POINT('',#4844);
#4846=CARTESIAN_POINT('',(51.828697678930951,3.425575743073081,0.0));
#4847=DIRECTION('',(0.0,0.0,1.0));
#4848=VECTOR('',#4847,5.0);
#4849=LINE('',#4846,#4848);
#4850=EDGE_CURVE('',#4845,#4836,#4849,.T.);
#4851=ORIENTED_EDGE('',*,*,#4850,.F.);
#4852=CARTESIAN_POINT('',(51.828697678930951,3.425575743073081,0.0));
#4853=DIRECTION('',(0.0,0.0,-1.0));
#4854=VECTOR('',#4853,5.0);
#4855=LINE('',#4852,#4854);
#4856=EDGE_CURVE('',#4845,#4658,#4855,.T.);
#4857=ORIENTED_EDGE('',*,*,#4856,.T.);
#4858=ORIENTED_EDGE('',*,*,#4664,.T.);
#4859=ORIENTED_EDGE('',*,*,#4822,.F.);
#4860=ORIENTED_EDGE('',*,*,#4816,.T.);
#4861=EDGE_LOOP('',(#4843,#4851,#4857,#4858,#4859,#4860));
#4862=FACE_OUTER_BOUND('',#4861,.T.);
#4863=ADVANCED_FACE('',(#4862),#4834,.F.);
#4864=CARTESIAN_POINT('',(49.013616366745502,5.605776214450831,-5.0));
#4865=CARTESIAN_POINT('',(49.820874075110822,5.608846743929567,-5.0));
#4866=CARTESIAN_POINT('',(51.000287388797346,5.639265526035963,-5.0));
#4867=CARTESIAN_POINT('',(51.65583531140301,5.140921256298384,-5.0));
#4868=CARTESIAN_POINT('',(51.950157175877507,4.117670505214644,-5.0));
#4869=CARTESIAN_POINT('',(51.828697678930951,3.42557574307308,-5.0));
#4870=CARTESIAN_POINT('',(49.013616366745502,5.605776214450831,5.0));
#4871=CARTESIAN_POINT('',(49.820874075110822,5.608846743929567,5.0));
#4872=CARTESIAN_POINT('',(51.000287388797346,5.639265526035963,5.0));
#4873=CARTESIAN_POINT('',(51.65583531140301,5.140921256298384,5.0));
#4874=CARTESIAN_POINT('',(51.950157175877507,4.117670505214644,5.0));
#4875=CARTESIAN_POINT('',(51.828697678930951,3.42557574307308,5.0));
#4876=B_SPLINE_SURFACE_WITH_KNOTS('',4,1,((#4864,#4870),(#4865,#4871),(#4866,#4872),(#4867,#4873),(#4868,#4874),(#4869,#4875)),.UNSPECIFIED.,.F.,.F.,.F.,(5,1,5),(2,2),(-1.0,-0.48704310551253,0.0),(-0.5,0.5),.UNSPECIFIED.);
#4877=CARTESIAN_POINT('',(51.828697678930951,3.42557574307308,5.0));
#4878=CARTESIAN_POINT('',(51.950157175877507,4.117670505214644,5.0));
#4879=CARTESIAN_POINT('',(51.65583531140301,5.140921256298384,5.0));
#4880=CARTESIAN_POINT('',(51.000287388797346,5.639265526035963,5.0));
#4881=CARTESIAN_POINT('',(49.820874075110822,5.608846743929567,5.0));
#4882=CARTESIAN_POINT('',(49.013616366745502,5.605776214450831,5.0));
#4883=B_SPLINE_CURVE_WITH_KNOTS('',4,(#4877,#4878,#4879,#4880,#4881,#4882),.UNSPECIFIED.,.F.,.U.,(5,1,5),(0.0,0.48704310551253,1.0),.UNSPECIFIED.);
#4884=EDGE_CURVE('',#4836,#4519,#4883,.T.);
#4885=ORIENTED_EDGE('',*,*,#4884,.T.);
#4886=ORIENTED_EDGE('',*,*,#4524,.F.);
#4887=ORIENTED_EDGE('',*,*,#4516,.T.);
#4888=ORIENTED_EDGE('',*,*,#4673,.T.);
#4889=ORIENTED_EDGE('',*,*,#4856,.F.);
#4890=ORIENTED_EDGE('',*,*,#4850,.T.);
#4891=EDGE_LOOP('',(#4885,#4886,#4887,#4888,#4889,#4890));
#4892=FACE_OUTER_BOUND('',#4891,.T.);
#4893=ADVANCED_FACE('',(#4892),#4876,.T.);
#4894=CARTESIAN_POINT('',(-15.986383633254508,8.605776214450833,0.0));
#4895=DIRECTION('',(0.0,0.0,1.0));
#4896=DIRECTION('',(0.0,-1.0,0.0));
#4897=AXIS2_PLACEMENT_3D('',#4894,#4895,#4896);
#4898=CYLINDRICAL_SURFACE('',#4897,3.0);
#4899=ORIENTED_EDGE('',*,*,#4463,.T.);
#4900=ORIENTED_EDGE('',*,*,#4538,.F.);
#4901=CARTESIAN_POINT('',(-15.986383633254508,11.605776214450835,5.0));
#4902=VERTEX_POINT('',#4901);
#4903=CARTESIAN_POINT('',(-15.986383633254508,8.605776214450833,5.0));
#4904=DIRECTION('',(0.0,0.0,-1.0));
#4905=DIRECTION('',(0.0,-1.0,0.0));
#4906=AXIS2_PLACEMENT_3D('',#4903,#4904,#4905);
#4907=CIRCLE('',#4906,3.0);
#4908=EDGE_CURVE('',#4527,#4902,#4907,.T.);
#4909=ORIENTED_EDGE('',*,*,#4908,.T.);
#4910=CARTESIAN_POINT('',(-15.986383633254508,11.605776214450835,2.000000000000004));
#4911=DIRECTION('',(0.0,0.0,1.0));
#4912=VECTOR('',#4911,2.999999999999996);
#4913=LINE('',#4910,#4912);
#4914=EDGE_CURVE('',#4457,#4902,#4913,.T.);
#4915=ORIENTED_EDGE('',*,*,#4914,.F.);
#4916=EDGE_LOOP('',(#4899,#4900,#4909,#4915));
#4917=FACE_OUTER_BOUND('',#4916,.T.);
#4918=ADVANCED_FACE('',(#4917),#4898,.T.);
#4919=CARTESIAN_POINT('',(-15.986383633254508,11.605776214450835,0.0));
#4920=DIRECTION('',(0.0,1.0,0.0));
#4921=DIRECTION('',(0.0,0.0,1.0));
#4922=AXIS2_PLACEMENT_3D('',#4919,#4920,#4921);
#4923=PLANE('',#4922);
#4924=ORIENTED_EDGE('',*,*,#4469,.F.);
#4925=ORIENTED_EDGE('',*,*,#4914,.T.);
#4926=CARTESIAN_POINT('',(-15.986383633254508,11.605776214450835,5.0));
#4927=DIRECTION('',(1.0,0.0,0.0));
#4928=VECTOR('',#4927,65.0);
#4929=LINE('',#4926,#4928);
#4930=EDGE_CURVE('',#4902,#4700,#4929,.T.);
#4931=ORIENTED_EDGE('',*,*,#4930,.T.);
#4932=ORIENTED_EDGE('',*,*,#4741,.F.);
#4933=ORIENTED_EDGE('',*,*,#4735,.T.);
#4934=ORIENTED_EDGE('',*,*,#4622,.T.);
#4935=ORIENTED_EDGE('',*,*,#4557,.T.);
#4936=ORIENTED_EDGE('',*,*,#4420,.F.);
#4937=ORIENTED_EDGE('',*,*,#4393,.F.);
#4938=EDGE_LOOP('',(#4924,#4925,#4931,#4932,#4933,#4934,#4935,#4936,#4937));
#4939=FACE_OUTER_BOUND('',#4938,.T.);
#4940=ADVANCED_FACE('',(#4939),#4923,.T.);
#4941=CARTESIAN_POINT('',(28.140717446016261,3.475233306715555,5.0));
#4942=DIRECTION('',(0.0,0.0,1.0));
#4943=DIRECTION('',(1.0,0.0,0.0));
#4944=AXIS2_PLACEMENT_3D('',#4941,#4942,#4943);
#4945=PLANE('',#4944);
#4946=ORIENTED_EDGE('',*,*,#4712,.F.);
#4947=ORIENTED_EDGE('',*,*,#4930,.F.);
#4948=ORIENTED_EDGE('',*,*,#4908,.F.);
#4949=ORIENTED_EDGE('',*,*,#4532,.F.);
#4950=ORIENTED_EDGE('',*,*,#4884,.F.);
#4951=ORIENTED_EDGE('',*,*,#4842,.F.);
#4952=ORIENTED_EDGE('',*,*,#4808,.F.);
#4953=ORIENTED_EDGE('',*,*,#4758,.F.);
#4954=EDGE_LOOP('',(#4946,#4947,#4948,#4949,#4950,#4951,#4952,#4953));
#4955=FACE_OUTER_BOUND('',#4954,.T.);
#4956=ORIENTED_EDGE('',*,*,#4582,.T.);
#4957=EDGE_LOOP('',(#4956));
#4958=FACE_BOUND('',#4957,.T.);
#4959=ADVANCED_FACE('',(#4955,#4958),#4945,.T.);
#4960=CLOSED_SHELL('',(#148,#179,#1215,#1247,#1271,#1303,#1327,#1359,#1383,#1415,#1439,#1471,#1495,#1527,#1551,#1583,#1607,#1639,#1663,#1695,#1719,#1751,#1775,#1807,#1831,#1863,#1887,#1919,#1943,#1975,#1999,#2031,#2055,#2087,#2111,#2143,#2167,#2199,#2223,#2255,#2279,#2311,#2335,#2367,#2391,#2423,#2447,#2479,#2503,#2535,#2559,#2591,#2615,#2647,#2671,#2703,#2727,#2759,#2783,#2807,#2831,#2856,#2874,#2891,#2916,#2933,#2958,#2975,#3000,#3017,#3042,#3059,#3084,#3101,#3126,#3143,#3168,#3185,#3210,#3227,#3252,#3269,#3294,#3311,#3336,#3353,#3378,#3395,#3420,#3437,#3462,#3479,#3504,#3521,#3546,#3563,#3588,#3605,#3630,#3647,#3672,#3689,#3714,#3731,#3756,#3773,#3798,#3815,#3840,#3857,#3882,#3899,#3924,#3941,#3966,#3983,#4015,#4194,#4211,#4228,#4240,#4257,#4274,#4291,#4333,#4364,#4397,#4442,#4487,#4544,#4569,#4589,#4609,#4681,#4745,#4785,#4829,#4863,#4893,#4918,#4940,#4959));
#4961=MANIFOLD_SOLID_BREP('Solid1',#4960);
#4962=COLOUR_RGB('Default',0.752941012382507,0.752941012382507,0.752941012382507);
#4963=FILL_AREA_STYLE_COLOUR('Default',#4962);
#4964=FILL_AREA_STYLE('Default',(#4963));
#4965=SURFACE_STYLE_FILL_AREA(#4964);
#4966=SURFACE_SIDE_STYLE('Default',(#4965));
#4967=SURFACE_STYLE_USAGE(.BOTH.,#4966);
#4968=PRESENTATION_STYLE_ASSIGNMENT((#4967));
#4969=STYLED_ITEM('',(#4968),#4961);
#4970=MECHANICAL_DESIGN_GEOMETRIC_PRESENTATION_REPRESENTATION('',(#4969,#6368,#6494,#6724,#8140),#36);
#4971=ADVANCED_BREP_SHAPE_REPRESENTATION('ABSR',(#4961),#75);
#4972=SHAPE_REPRESENTATION_RELATIONSHIP('SRR','None',#4971,#80);
#4973=GROUP('Sketch3',$);
#4974=APPLIED_GROUP_ASSIGNMENT(#4973,(#5004,#5037,#5067,#5097,#5129,#5161));
#4980=(NAMED_UNIT(*)PLANE_ANGLE_UNIT()SI_UNIT($,.RADIAN.));
#4981=DIMENSIONAL_EXPONENTS(0.0,0.0,0.0,0.0,0.0,0.0,0.0);
#4982=PLANE_ANGLE_MEASURE_WITH_UNIT(PLANE_ANGLE_MEASURE(0.0174532925),#4980);
#4986=(CONVERSION_BASED_UNIT('DEGREE',#4982)NAMED_UNIT(#4981)PLANE_ANGLE_UNIT());
#4990=(NAMED_UNIT(*)SI_UNIT($,.STERADIAN.)SOLID_ANGLE_UNIT());
#4994=(LENGTH_UNIT()NAMED_UNIT(*)SI_UNIT(.MILLI.,.METRE.));
#4996=UNCERTAINTY_MEASURE_WITH_UNIT(LENGTH_MEASURE(0.000001),#4994,'DISTANCE_ACCURACY_VALUE','');
#4998=(GEOMETRIC_REPRESENTATION_CONTEXT(3)GLOBAL_UNCERTAINTY_ASSIGNED_CONTEXT((#4996))GLOBAL_UNIT_ASSIGNED_CONTEXT((#4986,#4990,#4994))REPRESENTATION_CONTEXT('','3D'));
#4999=CARTESIAN_POINT('',(49.268262968105134,-21.679129769048071,0.0));
#5000=DIRECTION('',(-0.581048170240841,0.81386916876103,0.0));
#5001=VECTOR('',#5000,0.483094849263925);
#5002=LINE('',#4999,#5001);
#5003=CARTESIAN_POINT('',(48.987561589887555,-21.285953765644905,0.0));
#5004=TRIMMED_CURVE('',#5002,(PARAMETER_VALUE(0.0),#4999),(PARAMETER_VALUE(1.0),#5003),.T.,.PARAMETER.);
#5005=GEOMETRIC_SET('GEOSET',(#5004,#5037,#5067,#5097,#5129,#5161));
#5006=GEOMETRICALLY_BOUNDED_SURFACE_SHAPE_REPRESENTATION('GBSSR',(#5005),#75);
#5007=SHAPE_REPRESENTATION_RELATIONSHIP('SRR','None',#5006,#80);
#5013=(NAMED_UNIT(*)PLANE_ANGLE_UNIT()SI_UNIT($,.RADIAN.));
#5014=DIMENSIONAL_EXPONENTS(0.0,0.0,0.0,0.0,0.0,0.0,0.0);
#5015=PLANE_ANGLE_MEASURE_WITH_UNIT(PLANE_ANGLE_MEASURE(0.0174532925),#5013);
#5019=(CONVERSION_BASED_UNIT('DEGREE',#5015)NAMED_UNIT(#5014)PLANE_ANGLE_UNIT());
#5023=(NAMED_UNIT(*)SI_UNIT($,.STERADIAN.)SOLID_ANGLE_UNIT());
#5027=(LENGTH_UNIT()NAMED_UNIT(*)SI_UNIT(.MILLI.,.METRE.));
#5029=UNCERTAINTY_MEASURE_WITH_UNIT(LENGTH_MEASURE(0.000001),#5027,'DISTANCE_ACCURACY_VALUE','');
#5031=(GEOMETRIC_REPRESENTATION_CONTEXT(3)GLOBAL_UNCERTAINTY_ASSIGNED_CONTEXT((#5029))GLOBAL_UNIT_ASSIGNED_CONTEXT((#5019,#5023,#5027))REPRESENTATION_CONTEXT('','3D'));
#5032=CARTESIAN_POINT('',(48.742121905428604,-21.679129769048071,0.0));
#5033=DIRECTION('',(1.0,0.0,0.0));
#5034=VECTOR('',#5033,0.52614106267653);
#5035=LINE('',#5032,#5034);
#5036=CARTESIAN_POINT('',(49.268262968105134,-21.679129769048071,0.0));
#5037=TRIMMED_CURVE('',#5035,(PARAMETER_VALUE(0.0),#5032),(PARAMETER_VALUE(1.0),#5036),.T.,.PARAMETER.);
#5043=(NAMED_UNIT(*)PLANE_ANGLE_UNIT()SI_UNIT($,.RADIAN.));
#5044=DIMENSIONAL_EXPONENTS(0.0,0.0,0.0,0.0,0.0,0.0,0.0);
#5045=PLANE_ANGLE_MEASURE_WITH_UNIT(PLANE_ANGLE_MEASURE(0.0174532925),#5043);
#5049=(CONVERSION_BASED_UNIT('DEGREE',#5045)NAMED_UNIT(#5044)PLANE_ANGLE_UNIT());
#5053=(NAMED_UNIT(*)SI_UNIT($,.STERADIAN.)SOLID_ANGLE_UNIT());
#5057=(LENGTH_UNIT()NAMED_UNIT(*)SI_UNIT(.MILLI.,.METRE.));
#5059=UNCERTAINTY_MEASURE_WITH_UNIT(LENGTH_MEASURE(0.000001),#5057,'DISTANCE_ACCURACY_VALUE','');
#5061=(GEOMETRIC_REPRESENTATION_CONTEXT(3)GLOBAL_UNCERTAINTY_ASSIGNED_CONTEXT((#5059))GLOBAL_UNIT_ASSIGNED_CONTEXT((#5049,#5053,#5057))REPRESENTATION_CONTEXT('','3D'));
#5062=CARTESIAN_POINT('',(56.955159076766257,5.044308680258743,0.0));
#5063=DIRECTION('',(1.0,0.0,0.0));
#5064=VECTOR('',#5063,0.412595720566209);
#5065=LINE('',#5062,#5064);
#5066=CARTESIAN_POINT('',(57.367754797332466,5.044308680258744,0.0));
#5067=TRIMMED_CURVE('',#5065,(PARAMETER_VALUE(0.0),#5062),(PARAMETER_VALUE(1.0),#5066),.T.,.PARAMETER.);
#5073=(NAMED_UNIT(*)PLANE_ANGLE_UNIT()SI_UNIT($,.RADIAN.));
#5074=DIMENSIONAL_EXPONENTS(0.0,0.0,0.0,0.0,0.0,0.0,0.0);
#5075=PLANE_ANGLE_MEASURE_WITH_UNIT(PLANE_ANGLE_MEASURE(0.0174532925),#5073);
#5079=(CONVERSION_BASED_UNIT('DEGREE',#5075)NAMED_UNIT(#5074)PLANE_ANGLE_UNIT());
#5083=(NAMED_UNIT(*)SI_UNIT($,.STERADIAN.)SOLID_ANGLE_UNIT());
#5087=(LENGTH_UNIT()NAMED_UNIT(*)SI_UNIT(.MILLI.,.METRE.));
#5089=UNCERTAINTY_MEASURE_WITH_UNIT(LENGTH_MEASURE(0.000001),#5087,'DISTANCE_ACCURACY_VALUE','');
#5091=(GEOMETRIC_REPRESENTATION_CONTEXT(3)GLOBAL_UNCERTAINTY_ASSIGNED_CONTEXT((#5089))GLOBAL_UNIT_ASSIGNED_CONTEXT((#5079,#5083,#5087))REPRESENTATION_CONTEXT('','3D'));
#5092=CARTESIAN_POINT('',(48.254731903882686,-21.679129769048071,0.0));
#5093=DIRECTION('',(0.850500001262229,-0.525975044895619,0.0));
#5094=VECTOR('',#5093,0.411823561199019);
#5095=LINE('',#5092,#5094);
#5096=CARTESIAN_POINT('',(48.604987843202267,-21.895738685138799,0.0));
#5097=TRIMMED_CURVE('',#5095,(PARAMETER_VALUE(0.0),#5092),(PARAMETER_VALUE(1.0),#5096),.T.,.PARAMETER.);
#5103=(NAMED_UNIT(*)PLANE_ANGLE_UNIT()SI_UNIT($,.RADIAN.));
#5104=DIMENSIONAL_EXPONENTS(0.0,0.0,0.0,0.0,0.0,0.0,0.0);
#5105=PLANE_ANGLE_MEASURE_WITH_UNIT(PLANE_ANGLE_MEASURE(0.0174532925),#5103);
#5109=(CONVERSION_BASED_UNIT('DEGREE',#5105)NAMED_UNIT(#5104)PLANE_ANGLE_UNIT());
#5113=(NAMED_UNIT(*)SI_UNIT($,.STERADIAN.)SOLID_ANGLE_UNIT());
#5117=(LENGTH_UNIT()NAMED_UNIT(*)SI_UNIT(.MILLI.,.METRE.));
#5119=UNCERTAINTY_MEASURE_WITH_UNIT(LENGTH_MEASURE(0.000001),#5117,'DISTANCE_ACCURACY_VALUE','');
#5121=(GEOMETRIC_REPRESENTATION_CONTEXT(3)GLOBAL_UNCERTAINTY_ASSIGNED_CONTEXT((#5119))GLOBAL_UNIT_ASSIGNED_CONTEXT((#5109,#5113,#5117))REPRESENTATION_CONTEXT('','3D'));
#5122=CARTESIAN_POINT('',(0.709624449680319,8.578299271691854,0.0));
#5123=DIRECTION('',(0.0,0.0,1.0));
#5124=DIRECTION('',(1.0,0.0,0.0));
#5125=AXIS2_PLACEMENT_3D('',#5122,#5123,#5124);
#5126=CIRCLE('',#5125,56.768237809464175);
#5127=CARTESIAN_POINT('',(48.604987843202274,-21.895738685138799,0.0));
#5128=CARTESIAN_POINT('',(57.367754797332452,5.044308680258722,0.0));
#5129=TRIMMED_CURVE('',#5126,(PARAMETER_VALUE(327.53292016977974),#5127),(PARAMETER_VALUE(356.4308605165611),#5128),.T.,.PARAMETER.);
#5135=(NAMED_UNIT(*)PLANE_ANGLE_UNIT()SI_UNIT($,.RADIAN.));
#5136=DIMENSIONAL_EXPONENTS(0.0,0.0,0.0,0.0,0.0,0.0,0.0);
#5137=PLANE_ANGLE_MEASURE_WITH_UNIT(PLANE_ANGLE_MEASURE(0.0174532925),#5135);
#5141=(CONVERSION_BASED_UNIT('DEGREE',#5137)NAMED_UNIT(#5136)PLANE_ANGLE_UNIT());
#5145=(NAMED_UNIT(*)SI_UNIT($,.STERADIAN.)SOLID_ANGLE_UNIT());
#5149=(LENGTH_UNIT()NAMED_UNIT(*)SI_UNIT(.MILLI.,.METRE.));
#5151=UNCERTAINTY_MEASURE_WITH_UNIT(LENGTH_MEASURE(0.000001),#5149,'DISTANCE_ACCURACY_VALUE','');
#5153=(GEOMETRIC_REPRESENTATION_CONTEXT(3)GLOBAL_UNCERTAINTY_ASSIGNED_CONTEXT((#5151))GLOBAL_UNIT_ASSIGNED_CONTEXT((#5141,#5145,#5149))REPRESENTATION_CONTEXT('','3D'));
#5154=CARTESIAN_POINT('',(0.709624449680319,8.578299271691854,0.0));
#5155=DIRECTION('',(0.0,0.0,1.0));
#5156=DIRECTION('',(1.0,0.0,0.0));
#5157=AXIS2_PLACEMENT_3D('',#5154,#5155,#5156);
#5158=CIRCLE('',#5157,56.356448211247859);
#5159=CARTESIAN_POINT('',(46.679526247020988,-24.022580834984979,0.0));
#5160=CARTESIAN_POINT('',(57.059329136816487,7.70649845751116,0.0));
#5161=TRIMMED_CURVE('',#5158,(PARAMETER_VALUE(324.65654204882321),#5159),(PARAMETER_VALUE(359.11363293389542),#5160),.T.,.PARAMETER.);
#5162=COLOUR_RGB('',0.623529374599457,0.223529398441315,0.474509805440903);
#5163=DRAUGHTING_PRE_DEFINED_CURVE_FONT('continuous');
#5164=CURVE_STYLE('',#5163,POSITIVE_LENGTH_MEASURE(0.1),#5162);
#5165=PRESENTATION_STYLE_ASSIGNMENT((#5164));
#5166=STYLED_ITEM('',(#5165),#5161);
#5167=MECHANICAL_DESIGN_GEOMETRIC_PRESENTATION_REPRESENTATION('',(#5166),#5153);
#5168=AXIS2_PLACEMENT_3D('',#5169,#5170,#5171);
#5169=CARTESIAN_POINT('',(0.0,0.0,0.0));
#5170=DIRECTION('',(0.0,0.0,1.0));
#5171=DIRECTION('',(1.0,0.0,0.0));
#5172=NEXT_ASSEMBLY_USAGE_OCCURRENCE('capo1:1','capo1:1','capo1:1',#12,#51,'capo1:1');
#5173=PRODUCT_DEFINITION_SHAPE('capo1:1','capo1:1',#5172);
#5174=ITEM_DEFINED_TRANSFORMATION('capo1:1','capo1:1',#76,#5168);
#5178=(REPRESENTATION_RELATIONSHIP('capo1:1','capo1:1',#80,#41)REPRESENTATION_RELATIONSHIP_WITH_TRANSFORMATION(#5174)SHAPE_REPRESENTATION_RELATIONSHIP());
#5179=CONTEXT_DEPENDENT_SHAPE_REPRESENTATION(#5178,#5173);
#5180=APPLICATION_CONTEXT('automotive design');
#5181=APPLICATION_PROTOCOL_DEFINITION('International Standard','automotive_design',2001,#5180);
#5182=PRODUCT_CONTEXT('',#5180,'mechanical');
#5183=PRODUCT('capo2','capo2',$,(#5182));
#5184=PRODUCT_RELATED_PRODUCT_CATEGORY('part',$,(#5183));
#5185=PRODUCT_DEFINITION_FORMATION('',$,#5183);
#5186=PRODUCT_DEFINITION_CONTEXT('part definition',#5180,'design');
#5187=PRODUCT_DEFINITION('',$,#5185,#5186);
#5193=(NAMED_UNIT(*)PLANE_ANGLE_UNIT()SI_UNIT($,.RADIAN.));
#5194=DIMENSIONAL_EXPONENTS(0.0,0.0,0.0,0.0,0.0,0.0,0.0);
#5195=PLANE_ANGLE_MEASURE_WITH_UNIT(PLANE_ANGLE_MEASURE(0.0174532925),#5193);
#5199=(CONVERSION_BASED_UNIT('DEGREE',#5195)NAMED_UNIT(#5194)PLANE_ANGLE_UNIT());
#5203=(NAMED_UNIT(*)SI_UNIT($,.STERADIAN.)SOLID_ANGLE_UNIT());
#5207=(LENGTH_UNIT()NAMED_UNIT(*)SI_UNIT(.MILLI.,.METRE.));
#5209=UNCERTAINTY_MEASURE_WITH_UNIT(LENGTH_MEASURE(0.01),#5207,'DISTANCE_ACCURACY_VALUE','');
#5211=(GEOMETRIC_REPRESENTATION_CONTEXT(3)GLOBAL_UNCERTAINTY_ASSIGNED_CONTEXT((#5209))GLOBAL_UNIT_ASSIGNED_CONTEXT((#5199,#5203,#5207))REPRESENTATION_CONTEXT('None','None'));
#5212=AXIS2_PLACEMENT_3D('',#5213,#5214,#5215);
#5213=CARTESIAN_POINT('',(0.0,0.0,0.0));
#5214=DIRECTION('',(0.0,0.0,1.0));
#5215=DIRECTION('',(1.0,0.0,0.0));
#5216=SHAPE_REPRESENTATION('',(#5212),#5211);
#5217=PRODUCT_DEFINITION_SHAPE('','',#5187);
#5218=SHAPE_DEFINITION_REPRESENTATION(#5217,#5216);
#5224=(NAMED_UNIT(*)PLANE_ANGLE_UNIT()SI_UNIT($,.RADIAN.));
#5225=DIMENSIONAL_EXPONENTS(0.0,0.0,0.0,0.0,0.0,0.0,0.0);
#5226=PLANE_ANGLE_MEASURE_WITH_UNIT(PLANE_ANGLE_MEASURE(0.0174532925),#5224);
#5230=(CONVERSION_BASED_UNIT('DEGREE',#5226)NAMED_UNIT(#5225)PLANE_ANGLE_UNIT());
#5234=(NAMED_UNIT(*)SI_UNIT($,.STERADIAN.)SOLID_ANGLE_UNIT());
#5238=(LENGTH_UNIT()NAMED_UNIT(*)SI_UNIT(.MILLI.,.METRE.));
#5240=UNCERTAINTY_MEASURE_WITH_UNIT(LENGTH_MEASURE(0.000001),#5238,'DISTANCE_ACCURACY_VALUE','');
#5242=(GEOMETRIC_REPRESENTATION_CONTEXT(3)GLOBAL_UNCERTAINTY_ASSIGNED_CONTEXT((#5240))GLOBAL_UNIT_ASSIGNED_CONTEXT((#5230,#5234,#5238))REPRESENTATION_CONTEXT('','3D'));
#5243=CARTESIAN_POINT('',(31.891061495513622,19.650503901562427,-5.0));
#5244=DIRECTION('',(0.0,0.0,1.0));
#5245=DIRECTION('',(0.999390827019096,-0.034899496702501,0.0));
#5246=AXIS2_PLACEMENT_3D('',#5243,#5244,#5245);
#5247=PLANE('',#5246);
#5248=CARTESIAN_POINT('',(40.458692908836809,4.275961848307413,-5.0));
#5249=VERTEX_POINT('',#5248);
#5250=CARTESIAN_POINT('',(12.934519312008245,5.280307427401318,-5.0));
#5251=VERTEX_POINT('',#5250);
#5252=CARTESIAN_POINT('',(40.458692908836809,4.275961848307413,-5.0));
#5253=DIRECTION('',(-0.999334919303815,0.036465313107624,0.0));
#5254=VECTOR('',#5253,27.542491576300794);
#5255=LINE('',#5252,#5254);
#5256=EDGE_CURVE('',#5249,#5251,#5255,.T.);
#5257=ORIENTED_EDGE('',*,*,#5256,.F.);
#5258=CARTESIAN_POINT('',(58.050499155506628,41.251880580432015,-5.0));
#5259=VERTEX_POINT('',#5258);
#5260=CARTESIAN_POINT('',(58.050499155506628,41.251880580432044,-5.0));
#5261=CARTESIAN_POINT('',(60.100050321493654,41.820893157248733,-5.0));
#5262=CARTESIAN_POINT('',(60.712370884850358,37.766402170445318,-5.0));
#5263=CARTESIAN_POINT('',(61.132015984636361,36.149541109977299,-5.0));
#5264=CARTESIAN_POINT('',(56.90531435224905,12.218242021010466,-5.0));
#5265=CARTESIAN_POINT('',(51.452029324873166,6.358074706362865,-5.0));
#5266=CARTESIAN_POINT('',(43.452483977691983,4.249319603845438,-5.0));
#5267=CARTESIAN_POINT('',(40.458692908836809,4.275961848307416,-5.0));
#5268=B_SPLINE_CURVE_WITH_KNOTS('',4,(#5260,#5261,#5262,#5263,#5264,#5265,#5266,#5267),.UNSPECIFIED.,.F.,.U.,(5,1,1,1,5),(0.0,0.253096807578219,0.415308432048804,0.619865840494987,1.0),.UNSPECIFIED.);
#5269=EDGE_CURVE('',#5259,#5249,#5268,.T.);
#5270=ORIENTED_EDGE('',*,*,#5269,.F.);
#5271=CARTESIAN_POINT('',(49.761683949327455,38.584248534428234,-5.0));
#5272=VERTEX_POINT('',#5271);
#5273=CARTESIAN_POINT('',(49.761683949327455,38.584248534428234,-5.0));
#5274=DIRECTION('',(0.951915745148147,0.306359942125349,0.0));
#5275=VECTOR('',#5274,8.707509302610788);
#5276=LINE('',#5273,#5275);
#5277=EDGE_CURVE('',#5272,#5259,#5276,.T.);
#5278=ORIENTED_EDGE('',*,*,#5277,.F.);
#5279=CARTESIAN_POINT('',(66.810406777347154,64.347335396718449,-5.0));
#5280=VERTEX_POINT('',#5279);
#5281=CARTESIAN_POINT('',(66.81040677734714,64.347335396718435,-5.0));
#5282=CARTESIAN_POINT('',(66.921371512739881,64.464743498044712,-5.0));
#5283=CARTESIAN_POINT('',(66.945255723835743,65.379631775647269,-5.0));
#5284=CARTESIAN_POINT('',(66.425548262169713,65.776796374627963,-5.0));
#5285=CARTESIAN_POINT('',(64.593243761312777,64.829079960589354,-5.0));
#5286=CARTESIAN_POINT('',(63.316624888465412,63.039955872614669,-5.0));
#5287=CARTESIAN_POINT('',(61.426687444151042,60.292641160529541,-5.0));
#5288=CARTESIAN_POINT('',(59.500692004503257,52.906341457328097,-5.0));
#5289=CARTESIAN_POINT('',(57.412186065468859,48.311490812168358,-5.0));
#5290=CARTESIAN_POINT('',(52.573121462656154,41.914008809702601,-5.0));
#5291=CARTESIAN_POINT('',(47.571128954919701,38.055241748547473,-5.0));
#5292=CARTESIAN_POINT('',(49.76168394932742,38.584248534428198,-5.0));
#5293=B_SPLINE_CURVE_WITH_KNOTS('',4,(#5281,#5282,#5283,#5284,#5285,#5286,#5287,#5288,#5289,#5290,#5291,#5292),.UNSPECIFIED.,.F.,.U.,(5,1,1,1,1,1,1,1,5),(0.0,0.081121408994294,0.125978822370167,0.198543883693784,0.271108945017401,0.370509443612269,0.52144349163344,0.666753881583669,1.0),.UNSPECIFIED.);
#5294=EDGE_CURVE('',#5280,#5272,#5293,.T.);
#5295=ORIENTED_EDGE('',*,*,#5294,.F.);
#5296=CARTESIAN_POINT('',(63.6071382541218,40.036627007648676,-5.0));
#5297=VERTEX_POINT('',#5296);
#5298=CARTESIAN_POINT('',(63.607138254121821,40.036627007648676,-5.0));
#5299=CARTESIAN_POINT('',(63.649133250539371,43.038536156432905,-5.0));
#5300=CARTESIAN_POINT('',(63.840177254130751,47.065742314894322,-5.0));
#5301=CARTESIAN_POINT('',(61.057243320139492,56.328116193671242,-5.0));
#5302=CARTESIAN_POINT('',(65.622532454330951,63.116574001487081,-5.0));
#5303=CARTESIAN_POINT('',(66.810406777347168,64.347335396718464,-5.0));
#5304=B_SPLINE_CURVE_WITH_KNOTS('',4,(#5298,#5299,#5300,#5301,#5302,#5303),.UNSPECIFIED.,.F.,.U.,(5,1,5),(0.0,0.49393551765058,1.0),.UNSPECIFIED.);
#5305=EDGE_CURVE('',#5297,#5280,#5304,.T.);
#5306=ORIENTED_EDGE('',*,*,#5305,.F.);
#5307=CARTESIAN_POINT('',(40.296192975002825,-1.086431253269036,-5.0));
#5308=VERTEX_POINT('',#5307);
#5309=CARTESIAN_POINT('',(40.296192975002825,-1.086431253269035,-5.0));
#5310=CARTESIAN_POINT('',(43.263326030492486,-1.169972212322781,-5.0));
#5311=CARTESIAN_POINT('',(50.91004341220259,-1.167190319766886,-5.0));
#5312=CARTESIAN_POINT('',(62.211420325683108,6.789986460061575,-5.0));
#5313=CARTESIAN_POINT('',(63.857577421829887,28.466602896173377,-5.0));
#5314=CARTESIAN_POINT('',(63.60713825412185,40.036627007648697,-5.0));
#5315=B_SPLINE_CURVE_WITH_KNOTS('',4,(#5309,#5310,#5311,#5312,#5313,#5314),.UNSPECIFIED.,.F.,.U.,(5,1,5),(0.0,0.430631635336129,1.0),.UNSPECIFIED.);
#5316=EDGE_CURVE('',#5308,#5297,#5315,.T.);
#5317=ORIENTED_EDGE('',*,*,#5316,.F.);
#5318=CARTESIAN_POINT('',(12.738891940066663,-0.080876867818311,-5.0));
#5319=VERTEX_POINT('',#5318);
#5320=CARTESIAN_POINT('',(12.738891940066665,-0.080876867818312,-5.0));
#5321=DIRECTION('',(0.999334919303815,-0.036465313107624,0.0));
#5322=VECTOR('',#5321,27.575641061491087);
#5323=LINE('',#5320,#5322);
#5324=EDGE_CURVE('',#5319,#5308,#5323,.T.);
#5325=ORIENTED_EDGE('',*,*,#5324,.F.);
#5326=CARTESIAN_POINT('',(9.249041999624369,-0.014491543534187,-5.0));
#5327=VERTEX_POINT('',#5326);
#5328=CARTESIAN_POINT('',(9.092360629304267,-100.01436879819983,-5.0));
#5329=DIRECTION('',(0.0,0.0,-1.0));
#5330=DIRECTION('',(0.001566813703201,0.999998772546656,0.0));
#5331=AXIS2_PLACEMENT_3D('',#5328,#5329,#5330);
#5332=CIRCLE('',#5331,100.0);
#5333=EDGE_CURVE('',#5327,#5319,#5332,.T.);
#5334=ORIENTED_EDGE('',*,*,#5333,.F.);
#5335=CARTESIAN_POINT('',(0.0,0.0,-5.0));
#5336=VERTEX_POINT('',#5335);
#5337=CARTESIAN_POINT('',(0.0,0.0,-5.0));
#5338=DIRECTION('',(0.999998772546656,-0.001566813703201,0.0));
#5339=VECTOR('',#5338,9.249053352405829);
#5340=LINE('',#5337,#5339);
#5341=EDGE_CURVE('',#5336,#5327,#5340,.T.);
#5342=ORIENTED_EDGE('',*,*,#5341,.F.);
#5343=CARTESIAN_POINT('',(-21.405440394782556,14.673927722421446,-5.0));
#5344=VERTEX_POINT('',#5343);
#5345=CARTESIAN_POINT('',(-21.405440394782556,14.67392772242145,-5.0));
#5346=CARTESIAN_POINT('',(-20.682493961466069,13.538753046812054,-5.0));
#5347=CARTESIAN_POINT('',(-16.712074211062372,8.095164134307474,-5.0));
#5348=CARTESIAN_POINT('',(-9.397703920509079,1.872156544214363,-5.0));
#5349=CARTESIAN_POINT('',(-1.036145626514869,0.003817457406972,-5.0));
#5350=CARTESIAN_POINT('',(2.415814E-015,7.940304E-016,-5.0));
#5351=B_SPLINE_CURVE_WITH_KNOTS('',4,(#5345,#5346,#5347,#5348,#5349,#5350),.UNSPECIFIED.,.F.,.U.,(5,1,5),(0.319120038940992,0.469375353441909,1.0),.UNSPECIFIED.);
#5352=EDGE_CURVE('',#5344,#5336,#5351,.T.);
#5353=ORIENTED_EDGE('',*,*,#5352,.F.);
#5354=CARTESIAN_POINT('',(-19.7184961760675,17.74827366435256,-5.0));
#5355=VERTEX_POINT('',#5354);
#5356=CARTESIAN_POINT('',(-19.7184961760675,17.74827366435256,-4.999999999999999));
#5357=CARTESIAN_POINT('',(-20.125711069080346,17.74827366435256,-4.999999999999999));
#5358=CARTESIAN_POINT('',(-20.530621586033995,17.620232464094947,-5.0));
#5359=CARTESIAN_POINT('',(-20.863965596948649,17.386806866903996,-5.0));
#5360=CARTESIAN_POINT('',(-21.197309607863303,17.153381269713044,-5.0));
#5361=CARTESIAN_POINT('',(-21.459087112738963,16.814571275588751,-5.0));
#5362=CARTESIAN_POINT('',(-21.597242299757447,16.432530566342361,-5.0));
#5363=CARTESIAN_POINT('',(-21.804475080285172,15.859469502472777,-4.999999999999998));
#5364=CARTESIAN_POINT('',(-21.733557645634253,15.189139329578472,-4.999999999999996));
#5365=CARTESIAN_POINT('',(-21.405440394782552,14.67392772242145,-4.999999999999996));
#5366=B_SPLINE_CURVE_WITH_KNOTS('',3,(#5356,#5357,#5358,#5359,#5360,#5361,#5362,#5363,#5364,#5365),.UNSPECIFIED.,.F.,.U.,(4,3,3,4),(0.0,0.122502748857591,0.245005497715182,0.428759621001569),.UNSPECIFIED.);
#5367=EDGE_CURVE('',#5355,#5344,#5366,.T.);
#5368=ORIENTED_EDGE('',*,*,#5367,.F.);
#5369=CARTESIAN_POINT('',(-17.334083837546249,17.74827366435256,-5.0));
#5370=VERTEX_POINT('',#5369);
#5371=CARTESIAN_POINT('',(-19.7184961760675,17.74827366435256,-5.0));
#5372=DIRECTION('',(1.0,0.0,0.0));
#5373=VECTOR('',#5372,2.384412338521251);
#5374=LINE('',#5371,#5373);
#5375=EDGE_CURVE('',#5355,#5370,#5374,.T.);
#5376=ORIENTED_EDGE('',*,*,#5375,.T.);
#5377=CARTESIAN_POINT('',(-16.71924363427075,17.651421457992395,-5.0));
#5378=VERTEX_POINT('',#5377);
#5379=CARTESIAN_POINT('',(-17.334083837546249,15.748273664352562,-4.999999999999994));
#5380=DIRECTION('',(4.330357E-016,1.340399E-015,1.0));
#5381=DIRECTION('',(0.307420101637749,0.951573896819914,-1.408612E-015));
#5382=AXIS2_PLACEMENT_3D('',#5379,#5380,#5381);
#5383=CIRCLE('',#5382,2.0);
#5384=EDGE_CURVE('',#5378,#5370,#5383,.T.);
#5385=ORIENTED_EDGE('',*,*,#5384,.F.);
#5386=CARTESIAN_POINT('',(0.008405567399385,5.364745703423328,-5.0));
#5387=VERTEX_POINT('',#5386);
#5388=CARTESIAN_POINT('',(1.707714653318085,25.208499669162737,-5.0));
#5389=DIRECTION('',(0.0,0.0,-1.0));
#5390=DIRECTION('',(0.925216207901943,0.379440336068201,0.0));
#5391=AXIS2_PLACEMENT_3D('',#5388,#5389,#5390);
#5392=CIRCLE('',#5391,19.916380766150386);
#5393=EDGE_CURVE('',#5387,#5378,#5392,.T.);
#5394=ORIENTED_EDGE('',*,*,#5393,.F.);
#5395=CARTESIAN_POINT('',(9.257447567024126,5.350254159889141,-5.0));
#5396=VERTEX_POINT('',#5395);
#5397=CARTESIAN_POINT('',(9.257447567024126,5.350254159889141,-5.0));
#5398=DIRECTION('',(-0.999998772546656,0.001566813703201,0.0));
#5399=VECTOR('',#5398,9.249053352406197);
#5400=LINE('',#5397,#5399);
#5401=EDGE_CURVE('',#5396,#5387,#5400,.T.);
#5402=ORIENTED_EDGE('',*,*,#5401,.F.);
#5403=CARTESIAN_POINT('',(9.092360629304267,-100.01436879819983,-5.0));
#5404=DIRECTION('',(0.0,0.0,1.0));
#5405=DIRECTION('',(0.036465313107624,0.999334919303815,0.0));
#5406=AXIS2_PLACEMENT_3D('',#5403,#5404,#5405);
#5407=CIRCLE('',#5406,105.36475228840644);
#5408=EDGE_CURVE('',#5251,#5396,#5407,.T.);
#5409=ORIENTED_EDGE('',*,*,#5408,.F.);
#5410=EDGE_LOOP('',(#5257,#5270,#5278,#5295,#5306,#5317,#5325,#5334,#5342,#5353,#5368,#5376,#5385,#5394,#5402,#5409));
#5411=FACE_OUTER_BOUND('',#5410,.T.);
#5412=ADVANCED_FACE('',(#5411),#5247,.F.);
#5413=CARTESIAN_POINT('',(9.092360629304267,-100.01436879819983,1.121794645324636));
#5414=DIRECTION('',(0.0,0.0,-1.0));
#5415=DIRECTION('',(0.001566813703201,0.999998772546656,0.0));
#5416=AXIS2_PLACEMENT_3D('',#5413,#5414,#5415);
#5417=CYLINDRICAL_SURFACE('',#5416,100.0);
#5418=CARTESIAN_POINT('',(12.738891940066663,-0.080876867818311,5.0));
#5419=VERTEX_POINT('',#5418);
#5420=CARTESIAN_POINT('',(12.738891940066662,-0.080876867818311,5.0));
#5421=DIRECTION('',(0.0,0.0,-1.0));
#5422=VECTOR('',#5421,10.0);
#5423=LINE('',#5420,#5422);
#5424=EDGE_CURVE('',#5419,#5319,#5423,.T.);
#5425=ORIENTED_EDGE('',*,*,#5424,.F.);
#5426=CARTESIAN_POINT('',(9.249041999624369,-0.014491543534187,5.0));
#5427=VERTEX_POINT('',#5426);
#5428=CARTESIAN_POINT('',(9.092360629304267,-100.01436879819983,5.0));
#5429=DIRECTION('',(0.0,0.0,1.0));
#5430=DIRECTION('',(0.036465313107624,0.999334919303815,0.0));
#5431=AXIS2_PLACEMENT_3D('',#5428,#5429,#5430);
#5432=CIRCLE('',#5431,99.999999999999986);
#5433=EDGE_CURVE('',#5419,#5427,#5432,.T.);
#5434=ORIENTED_EDGE('',*,*,#5433,.T.);
#5435=CARTESIAN_POINT('',(9.249041999624371,-0.014491543534187,5.0));
#5436=DIRECTION('',(0.0,0.0,-1.0));
#5437=VECTOR('',#5436,10.0);
#5438=LINE('',#5435,#5437);
#5439=EDGE_CURVE('',#5427,#5327,#5438,.T.);
#5440=ORIENTED_EDGE('',*,*,#5439,.T.);
#5441=ORIENTED_EDGE('',*,*,#5333,.T.);
#5442=EDGE_LOOP('',(#5425,#5434,#5440,#5441));
#5443=FACE_OUTER_BOUND('',#5442,.T.);
#5444=ADVANCED_FACE('',(#5443),#5417,.F.);
#5445=CARTESIAN_POINT('',(0.203280392044031,5.744865009145666,0.0));
#5446=DIRECTION('',(0.036465313107624,0.999334919303815,0.0));
#5447=DIRECTION('',(0.0,0.0,1.0));
#5448=AXIS2_PLACEMENT_3D('',#5445,#5446,#5447);
#5449=PLANE('',#5448);
#5450=CARTESIAN_POINT('',(12.934519312008245,5.280307427401318,5.0));
#5451=VERTEX_POINT('',#5450);
#5452=CARTESIAN_POINT('',(12.93451931200825,5.280307427401318,-5.0));
#5453=DIRECTION('',(0.0,0.0,1.0));
#5454=VECTOR('',#5453,10.0);
#5455=LINE('',#5452,#5454);
#5456=EDGE_CURVE('',#5251,#5451,#5455,.T.);
#5457=ORIENTED_EDGE('',*,*,#5456,.T.);
#5458=CARTESIAN_POINT('',(40.458692908836809,4.275961848307413,5.0));
#5459=VERTEX_POINT('',#5458);
#5460=CARTESIAN_POINT('',(12.934519312008245,5.280307427401318,5.0));
#5461=DIRECTION('',(0.999334919303815,-0.036465313107624,0.0));
#5462=VECTOR('',#5461,27.542491576300794);
#5463=LINE('',#5460,#5462);
#5464=EDGE_CURVE('',#5451,#5459,#5463,.T.);
#5465=ORIENTED_EDGE('',*,*,#5464,.T.);
#5466=CARTESIAN_POINT('',(40.458692908836809,4.275961848307413,0.0));
#5467=VERTEX_POINT('',#5466);
#5468=CARTESIAN_POINT('',(40.458692908836809,4.275961848307413,0.0));
#5469=DIRECTION('',(0.0,0.0,1.0));
#5470=VECTOR('',#5469,5.0);
#5471=LINE('',#5468,#5470);
#5472=EDGE_CURVE('',#5467,#5459,#5471,.T.);
#5473=ORIENTED_EDGE('',*,*,#5472,.F.);
#5474=CARTESIAN_POINT('',(40.458692908836809,4.275961848307413,0.0));
#5475=DIRECTION('',(0.0,0.0,-1.0));
#5476=VECTOR('',#5475,5.0);
#5477=LINE('',#5474,#5476);
#5478=EDGE_CURVE('',#5467,#5249,#5477,.T.);
#5479=ORIENTED_EDGE('',*,*,#5478,.T.);
#5480=ORIENTED_EDGE('',*,*,#5256,.T.);
#5481=EDGE_LOOP('',(#5457,#5465,#5473,#5479,#5480));
#5482=FACE_OUTER_BOUND('',#5481,.T.);
#5483=ADVANCED_FACE('',(#5482),#5449,.T.);
#5484=CARTESIAN_POINT('',(40.296192975002825,-1.086431253269036,0.0));
#5485=DIRECTION('',(-0.036465313107624,-0.999334919303815,0.0));
#5486=DIRECTION('',(0.0,0.0,-1.0));
#5487=AXIS2_PLACEMENT_3D('',#5484,#5485,#5486);
#5488=PLANE('',#5487);
#5489=ORIENTED_EDGE('',*,*,#5424,.T.);
#5490=ORIENTED_EDGE('',*,*,#5324,.T.);
#5491=CARTESIAN_POINT('',(40.296192975002825,-1.086431253269036,0.0));
#5492=VERTEX_POINT('',#5491);
#5493=CARTESIAN_POINT('',(40.296192975002825,-1.086431253269036,0.0));
#5494=DIRECTION('',(0.0,0.0,-1.0));
#5495=VECTOR('',#5494,5.0);
#5496=LINE('',#5493,#5495);
#5497=EDGE_CURVE('',#5492,#5308,#5496,.T.);
#5498=ORIENTED_EDGE('',*,*,#5497,.F.);
#5499=CARTESIAN_POINT('',(40.296192975002825,-1.086431253269036,5.0));
#5500=VERTEX_POINT('',#5499);
#5501=CARTESIAN_POINT('',(40.296192975002825,-1.086431253269036,0.0));
#5502=DIRECTION('',(0.0,0.0,1.0));
#5503=VECTOR('',#5502,5.0);
#5504=LINE('',#5501,#5503);
#5505=EDGE_CURVE('',#5492,#5500,#5504,.T.);
#5506=ORIENTED_EDGE('',*,*,#5505,.T.);
#5507=CARTESIAN_POINT('',(40.296192975002832,-1.086431253269036,5.0));
#5508=DIRECTION('',(-0.999334919303815,0.036465313107624,0.0));
#5509=VECTOR('',#5508,27.575641061491087);
#5510=LINE('',#5507,#5509);
#5511=EDGE_CURVE('',#5500,#5419,#5510,.T.);
#5512=ORIENTED_EDGE('',*,*,#5511,.T.);
#5513=EDGE_LOOP('',(#5489,#5490,#5498,#5506,#5512));
#5514=FACE_OUTER_BOUND('',#5513,.T.);
#5515=ADVANCED_FACE('',(#5514),#5488,.T.);
#5516=CARTESIAN_POINT('',(0.008405567399385,5.364745703423328,0.0));
#5517=DIRECTION('',(0.001566813703201,0.999998772546656,0.0));
#5518=DIRECTION('',(0.0,0.0,1.0));
#5519=AXIS2_PLACEMENT_3D('',#5516,#5517,#5518);
#5520=PLANE('',#5519);
#5521=CARTESIAN_POINT('',(9.257447567024126,5.350254159889141,5.0));
#5522=VERTEX_POINT('',#5521);
#5523=CARTESIAN_POINT('',(9.257447567024125,5.350254159889141,-5.0));
#5524=DIRECTION('',(0.0,0.0,1.0));
#5525=VECTOR('',#5524,10.0);
#5526=LINE('',#5523,#5525);
#5527=EDGE_CURVE('',#5396,#5522,#5526,.T.);
#5528=ORIENTED_EDGE('',*,*,#5527,.F.);
#5529=ORIENTED_EDGE('',*,*,#5401,.T.);
#5530=CARTESIAN_POINT('',(0.008405567399385,5.364745703423328,5.0));
#5531=VERTEX_POINT('',#5530);
#5532=CARTESIAN_POINT('',(0.008405567399385,5.364745703423328,-5.0));
#5533=DIRECTION('',(0.0,0.0,1.0));
#5534=VECTOR('',#5533,10.0);
#5535=LINE('',#5532,#5534);
#5536=EDGE_CURVE('',#5387,#5531,#5535,.T.);
#5537=ORIENTED_EDGE('',*,*,#5536,.T.);
#5538=CARTESIAN_POINT('',(0.008405567399393,5.364745703423329,5.0));
#5539=DIRECTION('',(0.999998772546656,-0.001566813703201,0.0));
#5540=VECTOR('',#5539,9.249053352406197);
#5541=LINE('',#5538,#5540);
#5542=EDGE_CURVE('',#5531,#5522,#5541,.T.);
#5543=ORIENTED_EDGE('',*,*,#5542,.T.);
#5544=EDGE_LOOP('',(#5528,#5529,#5537,#5543));
#5545=FACE_OUTER_BOUND('',#5544,.T.);
#5546=ADVANCED_FACE('',(#5545),#5520,.T.);
#5547=CARTESIAN_POINT('',(-19.718496176067497,17.748273664352553,5.000000000000002));
#5548=CARTESIAN_POINT('',(-20.125711069080346,17.748273664352553,5.000000000000002));
#5549=CARTESIAN_POINT('',(-20.935532102987644,17.492191263837331,5.000000000000004));
#5550=CARTESIAN_POINT('',(-21.85175337005245,16.306356284402305,5.000000000000001));
#5551=CARTESIAN_POINT('',(-21.733557645634253,15.189139329578463,5.000000000000001));
#5552=CARTESIAN_POINT('',(-21.405440394782552,14.673927722421441,5.0));
#5553=CARTESIAN_POINT('',(-19.718496176067497,17.748273664352556,4.0));
#5554=CARTESIAN_POINT('',(-20.125711069080346,17.748273664352556,3.999999999999999));
#5555=CARTESIAN_POINT('',(-20.935532102987644,17.492191263837334,4.000000000000004));
#5556=CARTESIAN_POINT('',(-21.85175337005245,16.306356284402305,3.999999999999996));
#5557=CARTESIAN_POINT('',(-21.733557645634253,15.189139329578465,4.000000000000002));
#5558=CARTESIAN_POINT('',(-21.405440394782552,14.673927722421443,3.999999999999998));
#5559=CARTESIAN_POINT('',(-19.7184961760675,17.748273664352556,2.999999999999999));
#5560=CARTESIAN_POINT('',(-20.125711069080346,17.748273664352556,3.0));
#5561=CARTESIAN_POINT('',(-20.935532102987644,17.492191263837334,3.0));
#5562=CARTESIAN_POINT('',(-21.85175337005245,16.306356284402309,3.0));
#5563=CARTESIAN_POINT('',(-21.733557645634253,15.18913932957847,2.999999999999996));
#5564=CARTESIAN_POINT('',(-21.405440394782552,14.673927722421446,2.999999999999996));
#5565=CARTESIAN_POINT('',(-19.7184961760675,17.74827366435256,1.999999999999998));
#5566=CARTESIAN_POINT('',(-20.125711069080346,17.74827366435256,1.999999999999998));
#5567=CARTESIAN_POINT('',(-20.935532102987644,17.492191263837338,1.999999999999999));
#5568=CARTESIAN_POINT('',(-21.85175337005245,16.306356284402312,1.999999999999997));
#5569=CARTESIAN_POINT('',(-21.733557645634253,15.189139329578472,1.999999999999996));
#5570=CARTESIAN_POINT('',(-21.405440394782552,14.67392772242145,1.999999999999995));
#5571=B_SPLINE_SURFACE_WITH_KNOTS('',3,3,((#5547,#5553,#5559,#5565),(#5548,#5554,#5560,#5566),(#5549,#5555,#5561,#5567),(#5550,#5556,#5562,#5568),(#5551,#5557,#5563,#5569),(#5552,#5558,#5564,#5570)),.UNSPECIFIED.,.F.,.F.,.F.,(4,1,1,4),(4,4),(0.0,0.285714285714286,0.571428571428571,1.0),(-2.775558E-017,0.300000000000001),.UNSPECIFIED.);
#5572=CARTESIAN_POINT('',(-21.405440394782545,14.673927722421443,5.0));
#5573=VERTEX_POINT('',#5572);
#5574=CARTESIAN_POINT('',(-19.718496176067497,17.748273664352553,5.000000000000002));
#5575=VERTEX_POINT('',#5574);
#5576=CARTESIAN_POINT('',(-21.405440394782552,14.673927722421441,5.0));
#5577=CARTESIAN_POINT('',(-21.733557645634253,15.189139329578463,5.000000000000001));
#5578=CARTESIAN_POINT('',(-21.804475080285172,15.859469502472766,5.000000000000001));
#5579=CARTESIAN_POINT('',(-21.597242299757443,16.432530566342354,5.000000000000002));
#5580=CARTESIAN_POINT('',(-21.459087112738963,16.814571275588747,5.000000000000002));
#5581=CARTESIAN_POINT('',(-21.197309607863303,17.153381269713037,5.000000000000004));
#5582=CARTESIAN_POINT('',(-20.863965596948649,17.386806866903989,5.000000000000004));
#5583=CARTESIAN_POINT('',(-20.530621586033995,17.620232464094943,5.000000000000004));
#5584=CARTESIAN_POINT('',(-20.125711069080346,17.748273664352553,5.000000000000002));
#5585=CARTESIAN_POINT('',(-19.718496176067497,17.748273664352553,5.000000000000002));
#5586=B_SPLINE_CURVE_WITH_KNOTS('',3,(#5576,#5577,#5578,#5579,#5580,#5581,#5582,#5583,#5584,#5585),.UNSPECIFIED.,.F.,.U.,(4,3,3,4),(0.0,0.183754123286387,0.306256872143979,0.42875962100157),.UNSPECIFIED.);
#5587=EDGE_CURVE('',#5573,#5575,#5586,.T.);
#5588=ORIENTED_EDGE('',*,*,#5587,.T.);
#5589=CARTESIAN_POINT('',(-19.7184961760675,17.74827366435256,1.999999999999998));
#5590=VERTEX_POINT('',#5589);
#5591=CARTESIAN_POINT('',(-19.718496176067497,17.748273664352553,5.000000000000002));
#5592=CARTESIAN_POINT('',(-19.718496176067497,17.748273664352556,4.0));
#5593=CARTESIAN_POINT('',(-19.7184961760675,17.748273664352556,2.999999999999999));
#5594=CARTESIAN_POINT('',(-19.7184961760675,17.74827366435256,1.999999999999998));
#5595=B_SPLINE_CURVE_WITH_KNOTS('',3,(#5591,#5592,#5593,#5594),.UNSPECIFIED.,.F.,.U.,(4,4),(-2.775558E-017,0.300000000000001),.UNSPECIFIED.);
#5596=EDGE_CURVE('',#5575,#5590,#5595,.T.);
#5597=ORIENTED_EDGE('',*,*,#5596,.T.);
#5598=CARTESIAN_POINT('',(-21.405440394782556,14.673927722421446,1.999999999999997));
#5599=VERTEX_POINT('',#5598);
#5600=CARTESIAN_POINT('',(-21.405440394782552,14.67392772242145,1.999999999999998));
#5601=CARTESIAN_POINT('',(-21.733557645634253,15.189139329578472,1.999999999999999));
#5602=CARTESIAN_POINT('',(-21.804475080285172,15.859469502472777,2.0));
#5603=CARTESIAN_POINT('',(-21.597242299757443,16.432530566342361,2.000000000000001));
#5604=CARTESIAN_POINT('',(-21.459087112738963,16.814571275588751,2.000000000000001));
#5605=CARTESIAN_POINT('',(-21.197309607863303,17.153381269713044,2.000000000000002));
#5606=CARTESIAN_POINT('',(-20.863965596948649,17.386806866903996,2.000000000000002));
#5607=CARTESIAN_POINT('',(-20.530621586033995,17.620232464094947,2.000000000000002));
#5608=CARTESIAN_POINT('',(-20.125711069080346,17.74827366435256,2.000000000000001));
#5609=CARTESIAN_POINT('',(-19.7184961760675,17.74827366435256,2.000000000000001));
#5610=B_SPLINE_CURVE_WITH_KNOTS('',3,(#5600,#5601,#5602,#5603,#5604,#5605,#5606,#5607,#5608,#5609),.UNSPECIFIED.,.F.,.U.,(4,3,3,4),(0.0,0.183754123286387,0.306256872143978,0.42875962100157),.UNSPECIFIED.);
#5611=EDGE_CURVE('',#5590,#5599,#5610,.F.);
#5612=ORIENTED_EDGE('',*,*,#5611,.T.);
#5613=CARTESIAN_POINT('',(-21.405440394782552,14.67392772242145,1.999999999999995));
#5614=CARTESIAN_POINT('',(-21.405440394782552,14.673927722421446,2.999999999999996));
#5615=CARTESIAN_POINT('',(-21.405440394782552,14.673927722421443,3.999999999999998));
#5616=CARTESIAN_POINT('',(-21.405440394782552,14.673927722421441,5.0));
#5617=B_SPLINE_CURVE_WITH_KNOTS('',3,(#5613,#5614,#5615,#5616),.UNSPECIFIED.,.F.,.U.,(4,4),(-0.300000000000001,2.775558E-017),.UNSPECIFIED.);
#5618=EDGE_CURVE('',#5599,#5573,#5617,.T.);
#5619=ORIENTED_EDGE('',*,*,#5618,.T.);
#5620=EDGE_LOOP('',(#5588,#5597,#5612,#5619));
#5621=FACE_OUTER_BOUND('',#5620,.T.);
#5622=ADVANCED_FACE('',(#5621),#5571,.F.);
#5623=CARTESIAN_POINT('',(-24.465749805436651,21.999736630666817,-5.0));
#5624=CARTESIAN_POINT('',(-23.825011297447944,20.150557896834371,-5.0));
#5625=CARTESIAN_POINT('',(-23.338350645173289,14.885039799178323,-5.0));
#5626=CARTESIAN_POINT('',(-13.316663151203139,2.747824027818396,-5.0));
#5627=CARTESIAN_POINT('',(-1.036145626514869,0.003817457406972,-5.0));
#5628=CARTESIAN_POINT('',(2.415814E-015,7.940304E-016,-5.0));
#5629=CARTESIAN_POINT('',(-24.465749805436651,21.999736630666817,5.0));
#5630=CARTESIAN_POINT('',(-23.825011297447944,20.150557896834371,5.0));
#5631=CARTESIAN_POINT('',(-23.338350645173289,14.885039799178323,5.0));
#5632=CARTESIAN_POINT('',(-13.316663151203139,2.747824027818396,5.0));
#5633=CARTESIAN_POINT('',(-1.036145626514869,0.003817457406972,5.0));
#5634=CARTESIAN_POINT('',(2.415814E-015,7.940304E-016,5.0));
#5635=B_SPLINE_SURFACE_WITH_KNOTS('',4,1,((#5623,#5629),(#5624,#5630),(#5625,#5631),(#5626,#5632),(#5627,#5633),(#5628,#5634)),.UNSPECIFIED.,.F.,.F.,.F.,(5,1,5),(2,2),(0.0,0.469375353441909,1.0),(-0.5,0.5),.UNSPECIFIED.);
#5636=ORIENTED_EDGE('',*,*,#5618,.F.);
#5637=CARTESIAN_POINT('',(-23.054271126212839,17.74827366435256,1.999999999999998));
#5638=VERTEX_POINT('',#5637);
#5639=CARTESIAN_POINT('',(-23.054271126212818,17.748273664352524,1.999999999999998));
#5640=CARTESIAN_POINT('',(-22.648936398617302,16.815981171615093,1.999999999999998));
#5641=CARTESIAN_POINT('',(-22.110906739832647,15.781655062221427,1.999999999999998));
#5642=CARTESIAN_POINT('',(-21.40544039478236,14.673927722421144,1.999999999999998));
#5643=B_SPLINE_CURVE_WITH_KNOTS('',3,(#5639,#5640,#5641,#5642),.UNSPECIFIED.,.F.,.U.,(4,4),(-1.761380138012949,-1.462435322670199),.UNSPECIFIED.);
#5644=EDGE_CURVE('',#5638,#5599,#5643,.T.);
#5645=ORIENTED_EDGE('',*,*,#5644,.F.);
#5646=CARTESIAN_POINT('',(-24.465749805436651,21.999736630666821,2.0));
#5647=VERTEX_POINT('',#5646);
#5648=CARTESIAN_POINT('',(-23.054271126212839,17.748273664352567,1.999999999999998));
#5649=CARTESIAN_POINT('',(-23.782241939336416,19.422647158163667,1.999999999999998));
#5650=CARTESIAN_POINT('',(-24.058661512064752,20.749356030277756,1.999999999999998));
#5651=CARTESIAN_POINT('',(-24.40347742437536,21.813699480073478,1.999999999999998));
#5652=CARTESIAN_POINT('',(-24.423827746333544,21.876514829087629,1.999999999999998));
#5653=CARTESIAN_POINT('',(-24.444534723894638,21.938509660327302,1.999999999999998));
#5654=CARTESIAN_POINT('',(-24.465749805436651,21.999736630666817,1.999999999999998));
#5655=B_SPLINE_CURVE_WITH_KNOTS('',3,(#5648,#5649,#5650,#5651,#5652,#5653,#5654),.UNSPECIFIED.,.F.,.U.,(4,3,4),(-0.332274113576286,-0.01851727940615,0.0),.UNSPECIFIED.);
#5656=EDGE_CURVE('',#5638,#5647,#5655,.T.);
#5657=ORIENTED_EDGE('',*,*,#5656,.T.);
#5658=CARTESIAN_POINT('',(-24.465749805436651,21.999736630666821,0.0));
#5659=VERTEX_POINT('',#5658);
#5660=CARTESIAN_POINT('',(-24.465749805436651,21.999736630666821,0.0));
#5661=DIRECTION('',(0.0,0.0,1.0));
#5662=VECTOR('',#5661,2.0);
#5663=LINE('',#5660,#5662);
#5664=EDGE_CURVE('',#5659,#5647,#5663,.T.);
#5665=ORIENTED_EDGE('',*,*,#5664,.F.);
#5666=CARTESIAN_POINT('',(-24.465749805436651,21.999736630666821,-2.0));
#5667=VERTEX_POINT('',#5666);
#5668=CARTESIAN_POINT('',(-24.465749805436651,21.999736630666821,0.0));
#5669=DIRECTION('',(0.0,0.0,-1.0));
#5670=VECTOR('',#5669,2.0);
#5671=LINE('',#5668,#5670);
#5672=EDGE_CURVE('',#5659,#5667,#5671,.T.);
#5673=ORIENTED_EDGE('',*,*,#5672,.T.);
#5674=CARTESIAN_POINT('',(-23.054271126212839,17.748273664352567,-2.000000000000002));
#5675=VERTEX_POINT('',#5674);
#5676=CARTESIAN_POINT('',(-24.465749805436651,21.999736630666817,-2.000000000000001));
#5677=CARTESIAN_POINT('',(-24.106281404313311,20.962306673587122,-2.000000000000001));
#5678=CARTESIAN_POINT('',(-23.858690055630774,19.677629042314667,-2.000000000000001));
#5679=CARTESIAN_POINT('',(-23.178865260695098,18.041361298443817,-2.000000000000001));
#5680=CARTESIAN_POINT('',(-23.138743407386791,17.944792160510406,-2.000000000000001));
#5681=CARTESIAN_POINT('',(-23.097234457933673,17.847091724832925,-2.000000000000001));
#5682=CARTESIAN_POINT('',(-23.054271126212839,17.748273664352563,-2.000000000000001));
#5683=B_SPLINE_CURVE_WITH_KNOTS('',3,(#5676,#5677,#5678,#5679,#5680,#5681,#5682),.UNSPECIFIED.,.F.,.U.,(4,3,4),(-0.70286736211187,-0.092558530897911,-0.056539365987861),.UNSPECIFIED.);
#5684=EDGE_CURVE('',#5667,#5675,#5683,.T.);
#5685=ORIENTED_EDGE('',*,*,#5684,.T.);
#5686=CARTESIAN_POINT('',(-21.405440394782556,14.67392772242145,-2.000000000000003));
#5687=VERTEX_POINT('',#5686);
#5688=CARTESIAN_POINT('',(-21.405440394782556,14.67392772242145,-2.000000000000003));
#5689=CARTESIAN_POINT('',(-22.014869973486853,15.630857575631698,-2.000000000000003));
#5690=CARTESIAN_POINT('',(-22.580755973562617,16.659162389254146,-2.000000000000002));
#5691=CARTESIAN_POINT('',(-23.054271126212839,17.748273664352563,-2.000000000000002));
#5692=B_SPLINE_CURVE_WITH_KNOTS('',3,(#5688,#5689,#5690,#5691),.UNSPECIFIED.,.F.,.U.,(4,4),(-0.532007566048693,-0.332543866795387),.UNSPECIFIED.);
#5693=EDGE_CURVE('',#5687,#5675,#5692,.T.);
#5694=ORIENTED_EDGE('',*,*,#5693,.F.);
#5695=CARTESIAN_POINT('',(-21.405440394782552,14.67392772242145,-5.0));
#5696=CARTESIAN_POINT('',(-21.405440394782552,14.673927722421451,-3.999999999999999));
#5697=CARTESIAN_POINT('',(-21.405440394782556,14.673927722421446,-2.999999999999998));
#5698=CARTESIAN_POINT('',(-21.405440394782556,14.67392772242145,-1.999999999999997));
#5699=B_SPLINE_CURVE_WITH_KNOTS('',3,(#5695,#5696,#5697,#5698),.UNSPECIFIED.,.F.,.U.,(4,4),(-1.0,-0.7),.UNSPECIFIED.);
#5700=EDGE_CURVE('',#5344,#5687,#5699,.T.);
#5701=ORIENTED_EDGE('',*,*,#5700,.F.);
#5702=ORIENTED_EDGE('',*,*,#5352,.T.);
#5703=CARTESIAN_POINT('',(0.0,0.0,0.0));
#5704=VERTEX_POINT('',#5703);
#5705=CARTESIAN_POINT('',(0.0,0.0,0.0));
#5706=DIRECTION('',(0.0,0.0,-1.0));
#5707=VECTOR('',#5706,5.0);
#5708=LINE('',#5705,#5707);
#5709=EDGE_CURVE('',#5704,#5336,#5708,.T.);
#5710=ORIENTED_EDGE('',*,*,#5709,.F.);
#5711=CARTESIAN_POINT('',(0.0,0.0,5.0));
#5712=VERTEX_POINT('',#5711);
#5713=CARTESIAN_POINT('',(0.0,0.0,0.0));
#5714=DIRECTION('',(0.0,0.0,1.0));
#5715=VECTOR('',#5714,5.0);
#5716=LINE('',#5713,#5715);
#5717=EDGE_CURVE('',#5704,#5712,#5716,.T.);
#5718=ORIENTED_EDGE('',*,*,#5717,.T.);
#5719=CARTESIAN_POINT('',(2.415814E-015,7.940304E-016,5.0));
#5720=CARTESIAN_POINT('',(-1.036145626514869,0.003817457406972,5.0));
#5721=CARTESIAN_POINT('',(-9.397703920509075,1.872156544214362,5.0));
#5722=CARTESIAN_POINT('',(-16.712074211062365,8.095164134307469,5.0));
#5723=CARTESIAN_POINT('',(-20.682493961466058,13.538753046812049,5.0));
#5724=CARTESIAN_POINT('',(-21.405440394782545,14.673927722421443,5.0));
#5725=B_SPLINE_CURVE_WITH_KNOTS('',4,(#5719,#5720,#5721,#5722,#5723,#5724),.UNSPECIFIED.,.F.,.U.,(5,1,5),(0.319120038940993,0.849744685499084,1.0),.UNSPECIFIED.);
#5726=EDGE_CURVE('',#5712,#5573,#5725,.T.);
#5727=ORIENTED_EDGE('',*,*,#5726,.T.);
#5728=EDGE_LOOP('',(#5636,#5645,#5657,#5665,#5673,#5685,#5694,#5701,#5702,#5710,#5718,#5727));
#5729=FACE_OUTER_BOUND('',#5728,.T.);
#5730=ADVANCED_FACE('',(#5729),#5635,.T.);
#5731=CARTESIAN_POINT('',(-17.334083837546235,15.748273664352563,-2.817225E-015));
#5732=DIRECTION('',(0.0,-1.480297E-015,1.0));
#5733=DIRECTION('',(0.307420101637742,0.951573896819916,1.408612E-015));
#5734=AXIS2_PLACEMENT_3D('',#5731,#5732,#5733);
#5735=CYLINDRICAL_SURFACE('',#5734,2.0);
#5736=CARTESIAN_POINT('',(-16.71924363427075,17.651421457992392,1.999999999999998));
#5737=VERTEX_POINT('',#5736);
#5738=CARTESIAN_POINT('',(-17.334083837546235,17.74827366435256,1.999999999999998));
#5739=VERTEX_POINT('',#5738);
#5740=CARTESIAN_POINT('',(-17.334083837546235,15.748273664352562,1.999999999999995));
#5741=DIRECTION('',(4.330357E-016,1.340399E-015,-1.0));
#5742=DIRECTION('',(0.307420101637742,0.951573896819916,1.408612E-015));
#5743=AXIS2_PLACEMENT_3D('',#5740,#5741,#5742);
#5744=CIRCLE('',#5743,2.0);
#5745=EDGE_CURVE('',#5737,#5739,#5744,.F.);
#5746=ORIENTED_EDGE('',*,*,#5745,.T.);
#5747=CARTESIAN_POINT('',(-17.334083837546235,17.748273664352556,5.0));
#5748=VERTEX_POINT('',#5747);
#5749=CARTESIAN_POINT('',(-17.334083837546235,17.74827366435256,1.999999999999998));
#5750=DIRECTION('',(0.0,0.0,1.0));
#5751=VECTOR('',#5750,3.000000000000002);
#5752=LINE('',#5749,#5751);
#5753=EDGE_CURVE('',#5739,#5748,#5752,.T.);
#5754=ORIENTED_EDGE('',*,*,#5753,.T.);
#5755=CARTESIAN_POINT('',(-16.71924363427075,17.651421457992395,5.0));
#5756=VERTEX_POINT('',#5755);
#5757=CARTESIAN_POINT('',(-17.334083837546235,15.748273664352556,4.999999999999994));
#5758=DIRECTION('',(4.330357E-016,1.340399E-015,-1.0));
#5759=DIRECTION('',(0.307420101637742,0.951573896819916,1.408612E-015));
#5760=AXIS2_PLACEMENT_3D('',#5757,#5758,#5759);
#5761=CIRCLE('',#5760,2.0);
#5762=EDGE_CURVE('',#5748,#5756,#5761,.T.);
#5763=ORIENTED_EDGE('',*,*,#5762,.T.);
#5764=CARTESIAN_POINT('',(-16.71924363427075,17.651421457992395,1.999999999999998));
#5765=DIRECTION('',(0.0,0.0,1.0));
#5766=VECTOR('',#5765,3.000000000000002);
#5767=LINE('',#5764,#5766);
#5768=EDGE_CURVE('',#5737,#5756,#5767,.T.);
#5769=ORIENTED_EDGE('',*,*,#5768,.F.);
#5770=EDGE_LOOP('',(#5746,#5754,#5763,#5769));
#5771=FACE_OUTER_BOUND('',#5770,.T.);
#5772=ADVANCED_FACE('',(#5771),#5735,.T.);
#5773=CARTESIAN_POINT('',(0.0,17.748273664352556,4.999999999999998));
#5774=DIRECTION('',(0.0,-1.0,0.0));
#5775=DIRECTION('',(0.0,0.0,-1.0));
#5776=AXIS2_PLACEMENT_3D('',#5773,#5774,#5775);
#5777=PLANE('',#5776);
#5778=ORIENTED_EDGE('',*,*,#5596,.F.);
#5779=CARTESIAN_POINT('',(-17.334083837546238,17.748273664352556,5.0));
#5780=DIRECTION('',(-1.0,0.0,0.0));
#5781=VECTOR('',#5780,2.384412338521258);
#5782=LINE('',#5779,#5781);
#5783=EDGE_CURVE('',#5748,#5575,#5782,.T.);
#5784=ORIENTED_EDGE('',*,*,#5783,.F.);
#5785=ORIENTED_EDGE('',*,*,#5753,.F.);
#5786=CARTESIAN_POINT('',(-17.334083837546235,17.74827366435256,1.999999999999998));
#5787=DIRECTION('',(-1.0,0.0,0.0));
#5788=VECTOR('',#5787,2.384412338521265);
#5789=LINE('',#5786,#5788);
#5790=EDGE_CURVE('',#5739,#5590,#5789,.T.);
#5791=ORIENTED_EDGE('',*,*,#5790,.T.);
#5792=EDGE_LOOP('',(#5778,#5784,#5785,#5791));
#5793=FACE_OUTER_BOUND('',#5792,.T.);
#5794=ADVANCED_FACE('',(#5793),#5777,.F.);
#5795=CARTESIAN_POINT('',(-16.719243634270743,17.651421457992392,-5.0));
#5796=CARTESIAN_POINT('',(-18.112169905267386,20.855706925503878,-5.0));
#5797=CARTESIAN_POINT('',(-18.703574257387871,23.663262289902534,-5.0));
#5798=CARTESIAN_POINT('',(-16.719243634270743,17.651421457992392,5.0));
#5799=CARTESIAN_POINT('',(-18.112169905267386,20.855706925503878,5.0));
#5800=CARTESIAN_POINT('',(-18.703574257387871,23.663262289902534,5.0));
#5801=B_SPLINE_SURFACE_WITH_KNOTS('',2,1,((#5795,#5798),(#5796,#5799),(#5797,#5800)),.UNSPECIFIED.,.F.,.F.,.F.,(3,3),(2,2),(0.0,1.0),(-0.5,0.5),.UNSPECIFIED.);
#5802=CARTESIAN_POINT('',(-16.761202047941023,17.74827366435256,1.999999999999998));
#5803=VERTEX_POINT('',#5802);
#5804=CARTESIAN_POINT('',(-16.719243634270743,17.651421457992392,1.999999999999998));
#5805=CARTESIAN_POINT('',(-16.733268340718531,17.683683871296292,1.999999999999998));
#5806=CARTESIAN_POINT('',(-16.747254692093673,17.715968076783085,1.999999999999998));
#5807=CARTESIAN_POINT('',(-16.761202047941023,17.748273664352563,1.999999999999998));
#5808=B_SPLINE_CURVE_WITH_KNOTS('',3,(#5804,#5805,#5806,#5807),.UNSPECIFIED.,.F.,.U.,(4,4),(-0.196975817250282,-0.18642196428269),.UNSPECIFIED.);
#5809=EDGE_CURVE('',#5737,#5803,#5808,.T.);
#5810=ORIENTED_EDGE('',*,*,#5809,.F.);
#5811=CARTESIAN_POINT('',(-16.71924363427075,17.651421457992395,0.0));
#5812=VERTEX_POINT('',#5811);
#5813=CARTESIAN_POINT('',(-16.71924363427075,17.651421457992395,0.0));
#5814=DIRECTION('',(0.0,0.0,1.0));
#5815=VECTOR('',#5814,1.999999999999998);
#5816=LINE('',#5813,#5815);
#5817=EDGE_CURVE('',#5812,#5737,#5816,.T.);
#5818=ORIENTED_EDGE('',*,*,#5817,.F.);
#5819=CARTESIAN_POINT('',(-16.71924363427075,17.651421457992392,-2.000000000000002));
#5820=VERTEX_POINT('',#5819);
#5821=CARTESIAN_POINT('',(-16.71924363427075,17.651421457992395,0.0));
#5822=DIRECTION('',(0.0,0.0,-1.0));
#5823=VECTOR('',#5822,2.000000000000002);
#5824=LINE('',#5821,#5823);
#5825=EDGE_CURVE('',#5812,#5820,#5824,.T.);
#5826=ORIENTED_EDGE('',*,*,#5825,.T.);
#5827=CARTESIAN_POINT('',(-16.761202047941023,17.748273664352567,-2.000000000000002));
#5828=VERTEX_POINT('',#5827);
#5829=CARTESIAN_POINT('',(-16.761202047941023,17.748273664352563,-2.000000000000002));
#5830=CARTESIAN_POINT('',(-16.747254692093669,17.715968076783085,-2.000000000000002));
#5831=CARTESIAN_POINT('',(-16.733268340718531,17.683683871296296,-2.000000000000002));
#5832=CARTESIAN_POINT('',(-16.719243634270743,17.651421457992392,-2.000000000000002));
#5833=B_SPLINE_CURVE_WITH_KNOTS('',3,(#5829,#5830,#5831,#5832),.UNSPECIFIED.,.F.,.U.,(4,4),(-0.01055367297591,0.0),.UNSPECIFIED.);
#5834=EDGE_CURVE('',#5828,#5820,#5833,.T.);
#5835=ORIENTED_EDGE('',*,*,#5834,.F.);
#5836=CARTESIAN_POINT('',(-18.703574257387871,23.663262289902534,-2.0));
#5837=VERTEX_POINT('',#5836);
#5838=CARTESIAN_POINT('',(-16.761202047941023,17.748273664352567,-2.000000000000002));
#5839=CARTESIAN_POINT('',(-17.186018677781089,18.732255932136688,-2.000000000000001));
#5840=CARTESIAN_POINT('',(-17.575981072426138,19.739140328000111,-2.000000000000001));
#5841=CARTESIAN_POINT('',(-18.22606628773363,21.708675442802413,-2.0));
#5842=CARTESIAN_POINT('',(-18.496880792787934,22.682032876823289,-2.0));
#5843=CARTESIAN_POINT('',(-18.703574257387871,23.663262289902534,-2.0));
#5844=B_SPLINE_CURVE_WITH_KNOTS('',3,(#5838,#5839,#5840,#5841,#5842,#5843),.UNSPECIFIED.,.F.,.U.,(4,2,4),(-0.622267866540649,-0.300828857402369,0.0),.UNSPECIFIED.);
#5845=EDGE_CURVE('',#5828,#5837,#5844,.T.);
#5846=ORIENTED_EDGE('',*,*,#5845,.T.);
#5847=CARTESIAN_POINT('',(-18.703574257387871,23.663262289902534,0.0));
#5848=VERTEX_POINT('',#5847);
#5849=CARTESIAN_POINT('',(-18.703574257387871,23.663262289902534,0.0));
#5850=DIRECTION('',(0.0,0.0,-1.0));
#5851=VECTOR('',#5850,2.0);
#5852=LINE('',#5849,#5851);
#5853=EDGE_CURVE('',#5848,#5837,#5852,.T.);
#5854=ORIENTED_EDGE('',*,*,#5853,.F.);
#5855=CARTESIAN_POINT('',(-18.703574257387871,23.663262289902534,2.0));
#5856=VERTEX_POINT('',#5855);
#5857=CARTESIAN_POINT('',(-18.703574257387871,23.663262289902534,0.0));
#5858=DIRECTION('',(0.0,0.0,1.0));
#5859=VECTOR('',#5858,2.0);
#5860=LINE('',#5857,#5859);
#5861=EDGE_CURVE('',#5848,#5856,#5860,.T.);
#5862=ORIENTED_EDGE('',*,*,#5861,.T.);
#5863=CARTESIAN_POINT('',(-18.703574257387871,23.663262289902537,2.0));
#5864=CARTESIAN_POINT('',(-18.496880792787934,22.682032876823293,2.0));
#5865=CARTESIAN_POINT('',(-18.22606628773363,21.708675442802413,2.0));
#5866=CARTESIAN_POINT('',(-17.575981072426138,19.739140328000111,1.999999999999999));
#5867=CARTESIAN_POINT('',(-17.186018677781085,18.732255932136678,1.999999999999999));
#5868=CARTESIAN_POINT('',(-16.761202047941023,17.74827366435256,1.999999999999998));
#5869=B_SPLINE_CURVE_WITH_KNOTS('',3,(#5863,#5864,#5865,#5866,#5867,#5868),.UNSPECIFIED.,.F.,.U.,(4,2,4),(-0.632713366829404,-0.331936277992027,-0.010552584146233),.UNSPECIFIED.);
#5870=EDGE_CURVE('',#5856,#5803,#5869,.T.);
#5871=ORIENTED_EDGE('',*,*,#5870,.T.);
#5872=EDGE_LOOP('',(#5810,#5818,#5826,#5835,#5846,#5854,#5862,#5871));
#5873=FACE_OUTER_BOUND('',#5872,.T.);
#5874=ADVANCED_FACE('',(#5873),#5801,.T.);
#5875=CARTESIAN_POINT('',(-19.7184961760675,17.748273664352563,-2.000000000000001));
#5876=CARTESIAN_POINT('',(-20.125711069080353,17.748273664352563,-2.000000000000001));
#5877=CARTESIAN_POINT('',(-20.935532102987644,17.492191263837334,-2.000000000000002));
#5878=CARTESIAN_POINT('',(-21.851753370052457,16.306356284402316,-2.0));
#5879=CARTESIAN_POINT('',(-21.733557645634257,15.189139329578472,-1.999999999999998));
#5880=CARTESIAN_POINT('',(-21.405440394782556,14.67392772242145,-1.999999999999997));
#5881=CARTESIAN_POINT('',(-19.7184961760675,17.74827366435256,-3.000000000000002));
#5882=CARTESIAN_POINT('',(-20.125711069080353,17.74827366435256,-3.000000000000002));
#5883=CARTESIAN_POINT('',(-20.935532102987644,17.492191263837334,-3.000000000000003));
#5884=CARTESIAN_POINT('',(-21.851753370052457,16.306356284402312,-3.000000000000002));
#5885=CARTESIAN_POINT('',(-21.733557645634257,15.18913932957847,-2.999999999999998));
#5886=CARTESIAN_POINT('',(-21.405440394782556,14.673927722421446,-2.999999999999998));
#5887=CARTESIAN_POINT('',(-19.7184961760675,17.74827366435256,-4.000000000000003));
#5888=CARTESIAN_POINT('',(-20.125711069080346,17.74827366435256,-4.000000000000002));
#5889=CARTESIAN_POINT('',(-20.935532102987644,17.492191263837341,-4.000000000000006));
#5890=CARTESIAN_POINT('',(-21.85175337005245,16.306356284402316,-4.0));
#5891=CARTESIAN_POINT('',(-21.733557645634253,15.189139329578474,-4.000000000000002));
#5892=CARTESIAN_POINT('',(-21.405440394782552,14.673927722421451,-3.999999999999999));
#5893=CARTESIAN_POINT('',(-19.7184961760675,17.74827366435256,-5.000000000000004));
#5894=CARTESIAN_POINT('',(-20.125711069080346,17.74827366435256,-5.000000000000004));
#5895=CARTESIAN_POINT('',(-20.935532102987644,17.492191263837338,-5.000000000000005));
#5896=CARTESIAN_POINT('',(-21.85175337005245,16.306356284402312,-5.000000000000001));
#5897=CARTESIAN_POINT('',(-21.733557645634253,15.189139329578472,-5.000000000000001));
#5898=CARTESIAN_POINT('',(-21.405440394782552,14.67392772242145,-5.0));
#5899=B_SPLINE_SURFACE_WITH_KNOTS('',3,3,((#5875,#5881,#5887,#5893),(#5876,#5882,#5888,#5894),(#5877,#5883,#5889,#5895),(#5878,#5884,#5890,#5896),(#5879,#5885,#5891,#5897),(#5880,#5886,#5892,#5898)),.UNSPECIFIED.,.F.,.F.,.F.,(4,1,1,4),(4,4),(0.0,0.285714285714286,0.571428571428571,1.0),(0.7,1.0),.UNSPECIFIED.);
#5900=ORIENTED_EDGE('',*,*,#5367,.T.);
#5901=ORIENTED_EDGE('',*,*,#5700,.T.);
#5902=CARTESIAN_POINT('',(-19.7184961760675,17.748273664352563,-2.000000000000002));
#5903=VERTEX_POINT('',#5902);
#5904=CARTESIAN_POINT('',(-19.7184961760675,17.748273664352563,-2.000000000000002));
#5905=CARTESIAN_POINT('',(-20.125711069080353,17.748273664352563,-2.000000000000002));
#5906=CARTESIAN_POINT('',(-20.530621586033995,17.620232464094951,-2.000000000000003));
#5907=CARTESIAN_POINT('',(-20.863965596948649,17.386806866903996,-2.000000000000003));
#5908=CARTESIAN_POINT('',(-21.197309607863303,17.153381269713044,-2.000000000000003));
#5909=CARTESIAN_POINT('',(-21.459087112738967,16.814571275588751,-2.000000000000002));
#5910=CARTESIAN_POINT('',(-21.597242299757454,16.432530566342365,-2.000000000000001));
#5911=CARTESIAN_POINT('',(-21.804475080285179,15.859469502472777,-2.0));
#5912=CARTESIAN_POINT('',(-21.733557645634257,15.189139329578472,-1.999999999999999));
#5913=CARTESIAN_POINT('',(-21.405440394782556,14.67392772242145,-1.999999999999998));
#5914=B_SPLINE_CURVE_WITH_KNOTS('',3,(#5904,#5905,#5906,#5907,#5908,#5909,#5910,#5911,#5912,#5913),.UNSPECIFIED.,.F.,.U.,(4,3,3,4),(0.0,0.122502748857591,0.245005497715183,0.42875962100157),.UNSPECIFIED.);
#5915=EDGE_CURVE('',#5687,#5903,#5914,.F.);
#5916=ORIENTED_EDGE('',*,*,#5915,.T.);
#5917=CARTESIAN_POINT('',(-19.7184961760675,17.748273664352563,-2.000000000000001));
#5918=CARTESIAN_POINT('',(-19.7184961760675,17.74827366435256,-3.000000000000002));
#5919=CARTESIAN_POINT('',(-19.7184961760675,17.74827366435256,-4.000000000000003));
#5920=CARTESIAN_POINT('',(-19.7184961760675,17.74827366435256,-5.000000000000004));
#5921=B_SPLINE_CURVE_WITH_KNOTS('',3,(#5917,#5918,#5919,#5920),.UNSPECIFIED.,.F.,.U.,(4,4),(0.7,1.0),.UNSPECIFIED.);
#5922=EDGE_CURVE('',#5903,#5355,#5921,.T.);
#5923=ORIENTED_EDGE('',*,*,#5922,.T.);
#5924=EDGE_LOOP('',(#5900,#5901,#5916,#5923));
#5925=FACE_OUTER_BOUND('',#5924,.T.);
#5926=ADVANCED_FACE('',(#5925),#5899,.F.);
#5927=CARTESIAN_POINT('',(0.0,17.748273664352567,-2.000000000000002));
#5928=DIRECTION('',(0.0,-1.0,0.0));
#5929=DIRECTION('',(0.0,0.0,-1.0));
#5930=AXIS2_PLACEMENT_3D('',#5927,#5928,#5929);
#5931=PLANE('',#5930);
#5932=ORIENTED_EDGE('',*,*,#5922,.F.);
#5933=CARTESIAN_POINT('',(-17.334083837546249,17.748273664352567,-2.000000000000002));
#5934=VERTEX_POINT('',#5933);
#5935=CARTESIAN_POINT('',(-17.334083837546249,17.748273664352567,-2.000000000000002));
#5936=DIRECTION('',(-1.0,0.0,0.0));
#5937=VECTOR('',#5936,2.384412338521251);
#5938=LINE('',#5935,#5937);
#5939=EDGE_CURVE('',#5934,#5903,#5938,.T.);
#5940=ORIENTED_EDGE('',*,*,#5939,.F.);
#5941=CARTESIAN_POINT('',(-17.334083837546249,17.74827366435256,-5.0));
#5942=DIRECTION('',(0.0,0.0,1.0));
#5943=VECTOR('',#5942,2.999999999999999);
#5944=LINE('',#5941,#5943);
#5945=EDGE_CURVE('',#5370,#5934,#5944,.T.);
#5946=ORIENTED_EDGE('',*,*,#5945,.F.);
#5947=ORIENTED_EDGE('',*,*,#5375,.F.);
#5948=EDGE_LOOP('',(#5932,#5940,#5946,#5947));
#5949=FACE_OUTER_BOUND('',#5948,.T.);
#5950=ADVANCED_FACE('',(#5949),#5931,.F.);
#5951=CARTESIAN_POINT('',(-17.334083837546249,15.748273664352567,2.817225E-015));
#5952=DIRECTION('',(0.0,1.480297E-015,1.0));
#5953=DIRECTION('',(0.307420101637749,0.951573896819914,-1.408612E-015));
#5954=AXIS2_PLACEMENT_3D('',#5951,#5952,#5953);
#5955=CYLINDRICAL_SURFACE('',#5954,2.0);
#5956=ORIENTED_EDGE('',*,*,#5384,.T.);
#5957=ORIENTED_EDGE('',*,*,#5945,.T.);
#5958=CARTESIAN_POINT('',(-17.334083837546249,15.748273664352565,-1.999999999999985));
#5959=DIRECTION('',(4.330357E-016,1.340399E-015,1.0));
#5960=DIRECTION('',(0.307420101637749,0.951573896819914,-1.408612E-015));
#5961=AXIS2_PLACEMENT_3D('',#5958,#5959,#5960);
#5962=CIRCLE('',#5961,2.0);
#5963=EDGE_CURVE('',#5820,#5934,#5962,.T.);
#5964=ORIENTED_EDGE('',*,*,#5963,.F.);
#5965=CARTESIAN_POINT('',(-16.71924363427075,17.651421457992395,-2.000000000000002));
#5966=DIRECTION('',(0.0,0.0,-1.0));
#5967=VECTOR('',#5966,2.999999999999998);
#5968=LINE('',#5965,#5967);
#5969=EDGE_CURVE('',#5820,#5378,#5968,.T.);
#5970=ORIENTED_EDGE('',*,*,#5969,.T.);
#5971=EDGE_LOOP('',(#5956,#5957,#5964,#5970));
#5972=FACE_OUTER_BOUND('',#5971,.T.);
#5973=ADVANCED_FACE('',(#5972),#5955,.T.);
#5974=CARTESIAN_POINT('',(0.0,25.74827366435256,-1.999999999999999));
#5975=DIRECTION('',(0.0,0.0,1.0));
#5976=DIRECTION('',(1.0,0.0,0.0));
#5977=AXIS2_PLACEMENT_3D('',#5974,#5975,#5976);
#5978=PLANE('',#5977);
#5979=ORIENTED_EDGE('',*,*,#5845,.F.);
#5980=ORIENTED_EDGE('',*,*,#5834,.T.);
#5981=ORIENTED_EDGE('',*,*,#5963,.T.);
#5982=ORIENTED_EDGE('',*,*,#5939,.T.);
#5983=ORIENTED_EDGE('',*,*,#5915,.F.);
#5984=ORIENTED_EDGE('',*,*,#5693,.T.);
#5985=ORIENTED_EDGE('',*,*,#5684,.F.);
#5986=CARTESIAN_POINT('',(-21.560634952422927,22.74827366435256,-1.999999999999999));
#5987=DIRECTION('',(0.0,0.0,1.0));
#5988=DIRECTION('',(1.0,0.0,0.0));
#5989=AXIS2_PLACEMENT_3D('',#5986,#5987,#5988);
#5990=CIRCLE('',#5989,2.999999999999999);
#5991=EDGE_CURVE('',#5837,#5667,#5990,.T.);
#5992=ORIENTED_EDGE('',*,*,#5991,.F.);
#5993=EDGE_LOOP('',(#5979,#5980,#5981,#5982,#5983,#5984,#5985,#5992));
#5994=FACE_OUTER_BOUND('',#5993,.T.);
#5995=CARTESIAN_POINT('',(-19.560634952422927,22.74827366435256,-1.999999999999999));
#5996=VERTEX_POINT('',#5995);
#5997=CARTESIAN_POINT('',(-21.560634952422927,22.74827366435256,-1.999999999999999));
#5998=DIRECTION('',(0.0,0.0,-1.0));
#5999=DIRECTION('',(-1.0,0.0,0.0));
#6000=AXIS2_PLACEMENT_3D('',#5997,#5998,#5999);
#6001=CIRCLE('',#6000,1.999999999999999);
#6002=EDGE_CURVE('',#5996,#5996,#6001,.T.);
#6003=ORIENTED_EDGE('',*,*,#6002,.F.);
#6004=EDGE_LOOP('',(#6003));
#6005=FACE_BOUND('',#6004,.T.);
#6006=ADVANCED_FACE('',(#5994,#6005),#5978,.F.);
#6007=CARTESIAN_POINT('',(0.0,17.74827366435256,1.999999999999998));
#6008=DIRECTION('',(0.0,0.0,-1.0));
#6009=DIRECTION('',(-1.0,0.0,0.0));
#6010=AXIS2_PLACEMENT_3D('',#6007,#6008,#6009);
#6011=PLANE('',#6010);
#6012=ORIENTED_EDGE('',*,*,#5870,.F.);
#6013=CARTESIAN_POINT('',(-21.560634952422927,22.74827366435256,1.999999999999998));
#6014=DIRECTION('',(0.0,0.0,-1.0));
#6015=DIRECTION('',(1.0,0.0,0.0));
#6016=AXIS2_PLACEMENT_3D('',#6013,#6014,#6015);
#6017=CIRCLE('',#6016,2.999999999999999);
#6018=EDGE_CURVE('',#5647,#5856,#6017,.T.);
#6019=ORIENTED_EDGE('',*,*,#6018,.F.);
#6020=ORIENTED_EDGE('',*,*,#5656,.F.);
#6021=ORIENTED_EDGE('',*,*,#5644,.T.);
#6022=ORIENTED_EDGE('',*,*,#5611,.F.);
#6023=ORIENTED_EDGE('',*,*,#5790,.F.);
#6024=ORIENTED_EDGE('',*,*,#5745,.F.);
#6025=ORIENTED_EDGE('',*,*,#5809,.T.);
#6026=EDGE_LOOP('',(#6012,#6019,#6020,#6021,#6022,#6023,#6024,#6025));
#6027=FACE_OUTER_BOUND('',#6026,.T.);
#6028=CARTESIAN_POINT('',(-19.560634952422927,22.74827366435256,1.999999999999998));
#6029=VERTEX_POINT('',#6028);
#6030=CARTESIAN_POINT('',(-21.560634952422927,22.74827366435256,1.999999999999998));
#6031=DIRECTION('',(0.0,0.0,1.0));
#6032=DIRECTION('',(-1.0,0.0,0.0));
#6033=AXIS2_PLACEMENT_3D('',#6030,#6031,#6032);
#6034=CIRCLE('',#6033,1.999999999999999);
#6035=EDGE_CURVE('',#6029,#6029,#6034,.T.);
#6036=ORIENTED_EDGE('',*,*,#6035,.F.);
#6037=EDGE_LOOP('',(#6036));
#6038=FACE_BOUND('',#6037,.T.);
#6039=ADVANCED_FACE('',(#6027,#6038),#6011,.F.);
#6040=CARTESIAN_POINT('',(-21.560634952422927,22.74827366435256,0.0));
#6041=DIRECTION('',(0.0,0.0,1.0));
#6042=DIRECTION('',(1.0,0.0,0.0));
#6043=AXIS2_PLACEMENT_3D('',#6040,#6041,#6042);
#6044=CYLINDRICAL_SURFACE('',#6043,2.999999999999999);
#6045=ORIENTED_EDGE('',*,*,#5991,.T.);
#6046=ORIENTED_EDGE('',*,*,#5672,.F.);
#6047=ORIENTED_EDGE('',*,*,#5664,.T.);
#6048=ORIENTED_EDGE('',*,*,#6018,.T.);
#6049=ORIENTED_EDGE('',*,*,#5861,.F.);
#6050=ORIENTED_EDGE('',*,*,#5853,.T.);
#6051=EDGE_LOOP('',(#6045,#6046,#6047,#6048,#6049,#6050));
#6052=FACE_OUTER_BOUND('',#6051,.T.);
#6053=ADVANCED_FACE('',(#6052),#6044,.T.);
#6054=CARTESIAN_POINT('',(31.891061495513618,19.650503901562434,5.0));
#6055=DIRECTION('',(0.0,0.0,1.0));
#6056=DIRECTION('',(0.999390827019096,-0.034899496702501,0.0));
#6057=AXIS2_PLACEMENT_3D('',#6054,#6055,#6056);
#6058=PLANE('',#6057);
#6059=ORIENTED_EDGE('',*,*,#5511,.F.);
#6060=CARTESIAN_POINT('',(63.6071382541218,40.036627007648676,5.0));
#6061=VERTEX_POINT('',#6060);
#6062=CARTESIAN_POINT('',(63.60713825412185,40.036627007648697,5.0));
#6063=CARTESIAN_POINT('',(63.857577421829887,28.466602896173377,5.0));
#6064=CARTESIAN_POINT('',(62.211420325683108,6.789986460061575,5.0));
#6065=CARTESIAN_POINT('',(50.91004341220259,-1.167190319766886,5.0));
#6066=CARTESIAN_POINT('',(43.263326030492486,-1.169972212322781,5.0));
#6067=CARTESIAN_POINT('',(40.296192975002825,-1.086431253269035,5.0));
#6068=B_SPLINE_CURVE_WITH_KNOTS('',4,(#6062,#6063,#6064,#6065,#6066,#6067),.UNSPECIFIED.,.F.,.U.,(5,1,5),(0.0,0.569368364663871,1.0),.UNSPECIFIED.);
#6069=EDGE_CURVE('',#6061,#5500,#6068,.T.);
#6070=ORIENTED_EDGE('',*,*,#6069,.F.);
#6071=CARTESIAN_POINT('',(66.810406777347154,64.347335396718449,5.0));
#6072=VERTEX_POINT('',#6071);
#6073=CARTESIAN_POINT('',(66.810406777347168,64.347335396718464,5.0));
#6074=CARTESIAN_POINT('',(65.622532454330951,63.116574001487081,5.0));
#6075=CARTESIAN_POINT('',(61.057243320139492,56.328116193671242,5.0));
#6076=CARTESIAN_POINT('',(63.840177254130751,47.065742314894322,5.0));
#6077=CARTESIAN_POINT('',(63.649133250539371,43.038536156432905,5.0));
#6078=CARTESIAN_POINT('',(63.607138254121821,40.036627007648676,5.0));
#6079=B_SPLINE_CURVE_WITH_KNOTS('',4,(#6073,#6074,#6075,#6076,#6077,#6078),.UNSPECIFIED.,.F.,.U.,(5,1,5),(0.0,0.50606448234942,1.0),.UNSPECIFIED.);
#6080=EDGE_CURVE('',#6072,#6061,#6079,.T.);
#6081=ORIENTED_EDGE('',*,*,#6080,.F.);
#6082=CARTESIAN_POINT('',(49.761683949327455,38.584248534428234,5.0));
#6083=VERTEX_POINT('',#6082);
#6084=CARTESIAN_POINT('',(49.76168394932742,38.584248534428198,5.0));
#6085=CARTESIAN_POINT('',(47.571128954919701,38.055241748547473,5.0));
#6086=CARTESIAN_POINT('',(52.573121462656154,41.914008809702601,5.0));
#6087=CARTESIAN_POINT('',(57.412186065468859,48.311490812168358,5.0));
#6088=CARTESIAN_POINT('',(59.500692004503257,52.906341457328097,5.0));
#6089=CARTESIAN_POINT('',(61.426687444151042,60.292641160529541,5.0));
#6090=CARTESIAN_POINT('',(63.316624888465412,63.039955872614669,5.0));
#6091=CARTESIAN_POINT('',(64.593243761312777,64.829079960589354,5.0));
#6092=CARTESIAN_POINT('',(66.425548262169713,65.776796374627963,5.0));
#6093=CARTESIAN_POINT('',(66.945255723835743,65.379631775647269,5.0));
#6094=CARTESIAN_POINT('',(66.921371512739881,64.464743498044712,5.0));
#6095=CARTESIAN_POINT('',(66.81040677734714,64.347335396718435,5.0));
#6096=B_SPLINE_CURVE_WITH_KNOTS('',4,(#6084,#6085,#6086,#6087,#6088,#6089,#6090,#6091,#6092,#6093,#6094,#6095),.UNSPECIFIED.,.F.,.U.,(5,1,1,1,1,1,1,1,5),(0.0,0.333246118416331,0.47855650836656,0.629490556387731,0.728891054982599,0.801456116306216,0.874021177629833,0.918878591005706,1.0),.UNSPECIFIED.);
#6097=EDGE_CURVE('',#6083,#6072,#6096,.T.);
#6098=ORIENTED_EDGE('',*,*,#6097,.F.);
#6099=CARTESIAN_POINT('',(58.050499155506628,41.251880580432015,5.0));
#6100=VERTEX_POINT('',#6099);
#6101=CARTESIAN_POINT('',(58.050499155506628,41.251880580432015,5.0));
#6102=DIRECTION('',(-0.951915745148147,-0.306359942125349,0.0));
#6103=VECTOR('',#6102,8.707509302610788);
#6104=LINE('',#6101,#6103);
#6105=EDGE_CURVE('',#6100,#6083,#6104,.T.);
#6106=ORIENTED_EDGE('',*,*,#6105,.F.);
#6107=CARTESIAN_POINT('',(40.458692908836809,4.275961848307416,5.0));
#6108=CARTESIAN_POINT('',(43.452483977691983,4.249319603845438,5.0));
#6109=CARTESIAN_POINT('',(51.452029324873166,6.358074706362865,5.0));
#6110=CARTESIAN_POINT('',(56.90531435224905,12.218242021010466,5.0));
#6111=CARTESIAN_POINT('',(61.132015984636361,36.149541109977299,5.0));
#6112=CARTESIAN_POINT('',(60.712370884850358,37.766402170445318,5.0));
#6113=CARTESIAN_POINT('',(60.100050321493654,41.820893157248733,5.0));
#6114=CARTESIAN_POINT('',(58.050499155506628,41.251880580432044,5.0));
#6115=B_SPLINE_CURVE_WITH_KNOTS('',4,(#6107,#6108,#6109,#6110,#6111,#6112,#6113,#6114),.UNSPECIFIED.,.F.,.U.,(5,1,1,1,5),(0.0,0.380134159505013,0.584691567951196,0.746903192421781,1.0),.UNSPECIFIED.);
#6116=EDGE_CURVE('',#5459,#6100,#6115,.T.);
#6117=ORIENTED_EDGE('',*,*,#6116,.F.);
#6118=ORIENTED_EDGE('',*,*,#5464,.F.);
#6119=CARTESIAN_POINT('',(9.092360629304267,-100.01436879819983,5.0));
#6120=DIRECTION('',(0.0,0.0,-1.0));
#6121=DIRECTION('',(0.001566813703201,0.999998772546656,0.0));
#6122=AXIS2_PLACEMENT_3D('',#6119,#6120,#6121);
#6123=CIRCLE('',#6122,105.36475228840645);
#6124=EDGE_CURVE('',#5522,#5451,#6123,.T.);
#6125=ORIENTED_EDGE('',*,*,#6124,.F.);
#6126=ORIENTED_EDGE('',*,*,#5542,.F.);
#6127=CARTESIAN_POINT('',(1.707714653318085,25.208499669162737,5.0));
#6128=DIRECTION('',(0.0,0.0,1.0));
#6129=DIRECTION('',(0.925216207901943,0.379440336068201,0.0));
#6130=AXIS2_PLACEMENT_3D('',#6127,#6128,#6129);
#6131=CIRCLE('',#6130,19.916380766150386);
#6132=EDGE_CURVE('',#5756,#5531,#6131,.T.);
#6133=ORIENTED_EDGE('',*,*,#6132,.F.);
#6134=ORIENTED_EDGE('',*,*,#5762,.F.);
#6135=ORIENTED_EDGE('',*,*,#5783,.T.);
#6136=ORIENTED_EDGE('',*,*,#5587,.F.);
#6137=ORIENTED_EDGE('',*,*,#5726,.F.);
#6138=CARTESIAN_POINT('',(9.249041999624367,-0.014491543534187,5.0));
#6139=DIRECTION('',(-0.999998772546656,0.001566813703201,0.0));
#6140=VECTOR('',#6139,9.249053352405829);
#6141=LINE('',#6138,#6140);
#6142=EDGE_CURVE('',#5427,#5712,#6141,.T.);
#6143=ORIENTED_EDGE('',*,*,#6142,.F.);
#6144=ORIENTED_EDGE('',*,*,#5433,.F.);
#6145=EDGE_LOOP('',(#6059,#6070,#6081,#6098,#6106,#6117,#6118,#6125,#6126,#6133,#6134,#6135,#6136,#6137,#6143,#6144));
#6146=FACE_OUTER_BOUND('',#6145,.T.);
#6147=ADVANCED_FACE('',(#6146),#6058,.T.);
#6148=CARTESIAN_POINT('',(-21.560634952422927,22.74827366435256,0.0));
#6149=DIRECTION('',(0.0,0.0,1.0));
#6150=DIRECTION('',(-1.0,0.0,0.0));
#6151=AXIS2_PLACEMENT_3D('',#6148,#6149,#6150);
#6152=CYLINDRICAL_SURFACE('',#6151,1.999999999999999);
#6153=ORIENTED_EDGE('',*,*,#6002,.T.);
#6154=EDGE_LOOP('',(#6153));
#6155=FACE_OUTER_BOUND('',#6154,.T.);
#6156=ORIENTED_EDGE('',*,*,#6035,.T.);
#6157=EDGE_LOOP('',(#6156));
#6158=FACE_BOUND('',#6157,.T.);
#6159=ADVANCED_FACE('',(#6155,#6158),#6152,.F.);
#6160=CARTESIAN_POINT('',(66.81040677734714,64.347335396718435,-5.0));
#6161=CARTESIAN_POINT('',(66.921371512739881,64.464743498044712,-5.0));
#6162=CARTESIAN_POINT('',(66.945255723835743,65.379631775647269,-5.0));
#6163=CARTESIAN_POINT('',(66.425548262169713,65.776796374627963,-5.0));
#6164=CARTESIAN_POINT('',(64.593243761312777,64.829079960589354,-5.0));
#6165=CARTESIAN_POINT('',(63.316624888465412,63.039955872614669,-5.0));
#6166=CARTESIAN_POINT('',(61.426687444151042,60.292641160529541,-5.0));
#6167=CARTESIAN_POINT('',(59.500692004503257,52.906341457328097,-5.0));
#6168=CARTESIAN_POINT('',(57.412186065468859,48.311490812168358,-5.0));
#6169=CARTESIAN_POINT('',(52.573121462656154,41.914008809702601,-5.0));
#6170=CARTESIAN_POINT('',(47.571128954919701,38.055241748547473,-5.0));
#6171=CARTESIAN_POINT('',(49.76168394932742,38.584248534428198,-5.0));
#6172=CARTESIAN_POINT('',(66.81040677734714,64.347335396718435,5.0));
#6173=CARTESIAN_POINT('',(66.921371512739881,64.464743498044712,5.0));
#6174=CARTESIAN_POINT('',(66.945255723835743,65.379631775647269,5.0));
#6175=CARTESIAN_POINT('',(66.425548262169713,65.776796374627963,5.0));
#6176=CARTESIAN_POINT('',(64.593243761312777,64.829079960589354,5.0));
#6177=CARTESIAN_POINT('',(63.316624888465412,63.039955872614669,5.0));
#6178=CARTESIAN_POINT('',(61.426687444151042,60.292641160529541,5.0));
#6179=CARTESIAN_POINT('',(59.500692004503257,52.906341457328097,5.0));
#6180=CARTESIAN_POINT('',(57.412186065468859,48.311490812168358,5.0));
#6181=CARTESIAN_POINT('',(52.573121462656154,41.914008809702601,5.0));
#6182=CARTESIAN_POINT('',(47.571128954919701,38.055241748547473,5.0));
#6183=CARTESIAN_POINT('',(49.76168394932742,38.584248534428198,5.0));
#6184=B_SPLINE_SURFACE_WITH_KNOTS('',4,1,((#6160,#6172),(#6161,#6173),(#6162,#6174),(#6163,#6175),(#6164,#6176),(#6165,#6177),(#6166,#6178),(#6167,#6179),(#6168,#6180),(#6169,#6181),(#6170,#6182),(#6171,#6183)),.UNSPECIFIED.,.F.,.F.,.F.,(5,1,1,1,1,1,1,1,5),(2,2),(0.0,0.081121408994294,0.125978822370167,0.198543883693784,0.271108945017401,0.370509443612269,0.52144349163344,0.666753881583669,1.0),(-0.5,0.5),.UNSPECIFIED.);
#6185=ORIENTED_EDGE('',*,*,#6097,.T.);
#6186=CARTESIAN_POINT('',(66.810406777347154,64.347335396718449,0.0));
#6187=VERTEX_POINT('',#6186);
#6188=CARTESIAN_POINT('',(66.810406777347154,64.347335396718449,0.0));
#6189=DIRECTION('',(0.0,0.0,1.0));
#6190=VECTOR('',#6189,5.0);
#6191=LINE('',#6188,#6190);
#6192=EDGE_CURVE('',#6187,#6072,#6191,.T.);
#6193=ORIENTED_EDGE('',*,*,#6192,.F.);
#6194=CARTESIAN_POINT('',(66.810406777347154,64.347335396718449,0.0));
#6195=DIRECTION('',(0.0,0.0,-1.0));
#6196=VECTOR('',#6195,5.0);
#6197=LINE('',#6194,#6196);
#6198=EDGE_CURVE('',#6187,#5280,#6197,.T.);
#6199=ORIENTED_EDGE('',*,*,#6198,.T.);
#6200=ORIENTED_EDGE('',*,*,#5294,.T.);
#6201=CARTESIAN_POINT('',(49.761683949327455,38.584248534428234,0.0));
#6202=VERTEX_POINT('',#6201);
#6203=CARTESIAN_POINT('',(49.761683949327455,38.584248534428234,0.0));
#6204=DIRECTION('',(0.0,0.0,-1.0));
#6205=VECTOR('',#6204,5.0);
#6206=LINE('',#6203,#6205);
#6207=EDGE_CURVE('',#6202,#5272,#6206,.T.);
#6208=ORIENTED_EDGE('',*,*,#6207,.F.);
#6209=CARTESIAN_POINT('',(49.761683949327455,38.584248534428234,0.0));
#6210=DIRECTION('',(0.0,0.0,1.0));
#6211=VECTOR('',#6210,5.0);
#6212=LINE('',#6209,#6211);
#6213=EDGE_CURVE('',#6202,#6083,#6212,.T.);
#6214=ORIENTED_EDGE('',*,*,#6213,.T.);
#6215=EDGE_LOOP('',(#6185,#6193,#6199,#6200,#6208,#6214));
#6216=FACE_OUTER_BOUND('',#6215,.T.);
#6217=ADVANCED_FACE('',(#6216),#6184,.T.);
#6218=CARTESIAN_POINT('',(63.607138254121821,40.036627007648676,-5.0));
#6219=CARTESIAN_POINT('',(63.649133250539371,43.038536156432905,-5.0));
#6220=CARTESIAN_POINT('',(63.840177254130751,47.065742314894322,-5.0));
#6221=CARTESIAN_POINT('',(61.057243320139492,56.328116193671242,-5.0));
#6222=CARTESIAN_POINT('',(65.622532454330951,63.116574001487081,-5.0));
#6223=CARTESIAN_POINT('',(66.810406777347168,64.347335396718464,-5.0));
#6224=CARTESIAN_POINT('',(63.607138254121821,40.036627007648676,5.0));
#6225=CARTESIAN_POINT('',(63.649133250539371,43.038536156432905,5.0));
#6226=CARTESIAN_POINT('',(63.840177254130751,47.065742314894322,5.0));
#6227=CARTESIAN_POINT('',(61.057243320139492,56.328116193671242,5.0));
#6228=CARTESIAN_POINT('',(65.622532454330951,63.116574001487081,5.0));
#6229=CARTESIAN_POINT('',(66.810406777347168,64.347335396718464,5.0));
#6230=B_SPLINE_SURFACE_WITH_KNOTS('',4,1,((#6218,#6224),(#6219,#6225),(#6220,#6226),(#6221,#6227),(#6222,#6228),(#6223,#6229)),.UNSPECIFIED.,.F.,.F.,.F.,(5,1,5),(2,2),(0.0,0.49393551765058,1.0),(-0.5,0.5),.UNSPECIFIED.);
#6231=ORIENTED_EDGE('',*,*,#6080,.T.);
#6232=CARTESIAN_POINT('',(63.6071382541218,40.036627007648676,0.0));
#6233=VERTEX_POINT('',#6232);
#6234=CARTESIAN_POINT('',(63.6071382541218,40.036627007648676,0.0));
#6235=DIRECTION('',(0.0,0.0,1.0));
#6236=VECTOR('',#6235,5.0);
#6237=LINE('',#6234,#6236);
#6238=EDGE_CURVE('',#6233,#6061,#6237,.T.);
#6239=ORIENTED_EDGE('',*,*,#6238,.F.);
#6240=CARTESIAN_POINT('',(63.6071382541218,40.036627007648676,0.0));
#6241=DIRECTION('',(0.0,0.0,-1.0));
#6242=VECTOR('',#6241,5.0);
#6243=LINE('',#6240,#6242);
#6244=EDGE_CURVE('',#6233,#5297,#6243,.T.);
#6245=ORIENTED_EDGE('',*,*,#6244,.T.);
#6246=ORIENTED_EDGE('',*,*,#5305,.T.);
#6247=ORIENTED_EDGE('',*,*,#6198,.F.);
#6248=ORIENTED_EDGE('',*,*,#6192,.T.);
#6249=EDGE_LOOP('',(#6231,#6239,#6245,#6246,#6247,#6248));
#6250=FACE_OUTER_BOUND('',#6249,.T.);
#6251=ADVANCED_FACE('',(#6250),#6230,.T.);
#6252=CARTESIAN_POINT('',(40.296192975002825,-1.086431253269035,-5.0));
#6253=CARTESIAN_POINT('',(43.263326030492486,-1.169972212322781,-5.0));
#6254=CARTESIAN_POINT('',(50.91004341220259,-1.167190319766886,-5.0));
#6255=CARTESIAN_POINT('',(62.211420325683108,6.789986460061575,-5.0));
#6256=CARTESIAN_POINT('',(63.857577421829887,28.466602896173377,-5.0));
#6257=CARTESIAN_POINT('',(63.60713825412185,40.036627007648697,-5.0));
#6258=CARTESIAN_POINT('',(40.296192975002825,-1.086431253269035,5.0));
#6259=CARTESIAN_POINT('',(43.263326030492486,-1.169972212322781,5.0));
#6260=CARTESIAN_POINT('',(50.91004341220259,-1.167190319766886,5.0));
#6261=CARTESIAN_POINT('',(62.211420325683108,6.789986460061575,5.0));
#6262=CARTESIAN_POINT('',(63.857577421829887,28.466602896173377,5.0));
#6263=CARTESIAN_POINT('',(63.60713825412185,40.036627007648697,5.0));
#6264=B_SPLINE_SURFACE_WITH_KNOTS('',4,1,((#6252,#6258),(#6253,#6259),(#6254,#6260),(#6255,#6261),(#6256,#6262),(#6257,#6263)),.UNSPECIFIED.,.F.,.F.,.F.,(5,1,5),(2,2),(0.0,0.430631635336129,1.0),(-0.5,0.5),.UNSPECIFIED.);
#6265=ORIENTED_EDGE('',*,*,#6069,.T.);
#6266=ORIENTED_EDGE('',*,*,#5505,.F.);
#6267=ORIENTED_EDGE('',*,*,#5497,.T.);
#6268=ORIENTED_EDGE('',*,*,#5316,.T.);
#6269=ORIENTED_EDGE('',*,*,#6244,.F.);
#6270=ORIENTED_EDGE('',*,*,#6238,.T.);
#6271=EDGE_LOOP('',(#6265,#6266,#6267,#6268,#6269,#6270));
#6272=FACE_OUTER_BOUND('',#6271,.T.);
#6273=ADVANCED_FACE('',(#6272),#6264,.T.);
#6274=CARTESIAN_POINT('',(40.315303432670845,-0.063166647401128,0.0));
#6275=DIRECTION('',(-0.001566813703201,-0.999998772546656,0.0));
#6276=DIRECTION('',(0.0,0.0,-1.0));
#6277=AXIS2_PLACEMENT_3D('',#6274,#6275,#6276);
#6278=PLANE('',#6277);
#6279=ORIENTED_EDGE('',*,*,#5439,.F.);
#6280=ORIENTED_EDGE('',*,*,#6142,.T.);
#6281=ORIENTED_EDGE('',*,*,#5717,.F.);
#6282=ORIENTED_EDGE('',*,*,#5709,.T.);
#6283=ORIENTED_EDGE('',*,*,#5341,.T.);
#6284=EDGE_LOOP('',(#6279,#6280,#6281,#6282,#6283));
#6285=FACE_OUTER_BOUND('',#6284,.T.);
#6286=ADVANCED_FACE('',(#6285),#6278,.T.);
#6287=CARTESIAN_POINT('',(1.707714653318085,25.208499669162737,0.0));
#6288=DIRECTION('',(0.0,0.0,1.0));
#6289=DIRECTION('',(0.925216207901943,0.379440336068201,0.0));
#6290=AXIS2_PLACEMENT_3D('',#6287,#6288,#6289);
#6291=CYLINDRICAL_SURFACE('',#6290,19.916380766150386);
#6292=ORIENTED_EDGE('',*,*,#6132,.T.);
#6293=ORIENTED_EDGE('',*,*,#5536,.F.);
#6294=ORIENTED_EDGE('',*,*,#5393,.T.);
#6295=ORIENTED_EDGE('',*,*,#5969,.F.);
#6296=ORIENTED_EDGE('',*,*,#5825,.F.);
#6297=ORIENTED_EDGE('',*,*,#5817,.T.);
#6298=ORIENTED_EDGE('',*,*,#5768,.T.);
#6299=EDGE_LOOP('',(#6292,#6293,#6294,#6295,#6296,#6297,#6298));
#6300=FACE_OUTER_BOUND('',#6299,.T.);
#6301=ADVANCED_FACE('',(#6300),#6291,.F.);
#6302=CARTESIAN_POINT('',(9.092360629304267,-100.01436879819983,1.121794645324636));
#6303=DIRECTION('',(0.0,0.0,-1.0));
#6304=DIRECTION('',(0.001566813703201,0.999998772546656,0.0));
#6305=AXIS2_PLACEMENT_3D('',#6302,#6303,#6304);
#6306=CYLINDRICAL_SURFACE('',#6305,105.36475228840645);
#6307=ORIENTED_EDGE('',*,*,#5456,.F.);
#6308=ORIENTED_EDGE('',*,*,#5408,.T.);
#6309=ORIENTED_EDGE('',*,*,#5527,.T.);
#6310=ORIENTED_EDGE('',*,*,#6124,.T.);
#6311=EDGE_LOOP('',(#6307,#6308,#6309,#6310));
#6312=FACE_OUTER_BOUND('',#6311,.T.);
#6313=ADVANCED_FACE('',(#6312),#6306,.T.);
#6314=CARTESIAN_POINT('',(58.050499155506628,41.251880580432044,-5.0));
#6315=CARTESIAN_POINT('',(60.100050321493654,41.820893157248733,-5.0));
#6316=CARTESIAN_POINT('',(60.712370884850358,37.766402170445318,-5.0));
#6317=CARTESIAN_POINT('',(61.132015984636361,36.149541109977299,-5.0));
#6318=CARTESIAN_POINT('',(56.90531435224905,12.218242021010466,-5.0));
#6319=CARTESIAN_POINT('',(51.452029324873166,6.358074706362865,-5.0));
#6320=CARTESIAN_POINT('',(43.452483977691983,4.249319603845438,-5.0));
#6321=CARTESIAN_POINT('',(40.458692908836809,4.275961848307416,-5.0));
#6322=CARTESIAN_POINT('',(58.050499155506628,41.251880580432044,5.0));
#6323=CARTESIAN_POINT('',(60.100050321493654,41.820893157248733,5.0));
#6324=CARTESIAN_POINT('',(60.712370884850358,37.766402170445318,5.0));
#6325=CARTESIAN_POINT('',(61.132015984636361,36.149541109977299,5.0));
#6326=CARTESIAN_POINT('',(56.90531435224905,12.218242021010466,5.0));
#6327=CARTESIAN_POINT('',(51.452029324873166,6.358074706362865,5.0));
#6328=CARTESIAN_POINT('',(43.452483977691983,4.249319603845438,5.0));
#6329=CARTESIAN_POINT('',(40.458692908836809,4.275961848307416,5.0));
#6330=B_SPLINE_SURFACE_WITH_KNOTS('',4,1,((#6314,#6322),(#6315,#6323),(#6316,#6324),(#6317,#6325),(#6318,#6326),(#6319,#6327),(#6320,#6328),(#6321,#6329)),.UNSPECIFIED.,.F.,.F.,.F.,(5,1,1,1,5),(2,2),(0.0,0.253096807578219,0.415308432048804,0.619865840494987,1.0),(-0.5,0.5),.UNSPECIFIED.);
#6331=ORIENTED_EDGE('',*,*,#6116,.T.);
#6332=CARTESIAN_POINT('',(58.050499155506628,41.251880580432015,0.0));
#6333=VERTEX_POINT('',#6332);
#6334=CARTESIAN_POINT('',(58.050499155506628,41.251880580432015,0.0));
#6335=DIRECTION('',(0.0,0.0,1.0));
#6336=VECTOR('',#6335,5.0);
#6337=LINE('',#6334,#6336);
#6338=EDGE_CURVE('',#6333,#6100,#6337,.T.);
#6339=ORIENTED_EDGE('',*,*,#6338,.F.);
#6340=CARTESIAN_POINT('',(58.050499155506628,41.251880580432015,0.0));
#6341=DIRECTION('',(0.0,0.0,-1.0));
#6342=VECTOR('',#6341,5.0);
#6343=LINE('',#6340,#6342);
#6344=EDGE_CURVE('',#6333,#5259,#6343,.T.);
#6345=ORIENTED_EDGE('',*,*,#6344,.T.);
#6346=ORIENTED_EDGE('',*,*,#5269,.T.);
#6347=ORIENTED_EDGE('',*,*,#5478,.F.);
#6348=ORIENTED_EDGE('',*,*,#5472,.T.);
#6349=EDGE_LOOP('',(#6331,#6339,#6345,#6346,#6347,#6348));
#6350=FACE_OUTER_BOUND('',#6349,.T.);
#6351=ADVANCED_FACE('',(#6350),#6330,.T.);
#6352=CARTESIAN_POINT('',(58.050499155506628,41.251880580432015,0.0));
#6353=DIRECTION('',(0.30635994212535,-0.951915745148147,0.0));
#6354=DIRECTION('',(0.0,0.0,-1.0));
#6355=AXIS2_PLACEMENT_3D('',#6352,#6353,#6354);
#6356=PLANE('',#6355);
#6357=ORIENTED_EDGE('',*,*,#6105,.T.);
#6358=ORIENTED_EDGE('',*,*,#6213,.F.);
#6359=ORIENTED_EDGE('',*,*,#6207,.T.);
#6360=ORIENTED_EDGE('',*,*,#5277,.T.);
#6361=ORIENTED_EDGE('',*,*,#6344,.F.);
#6362=ORIENTED_EDGE('',*,*,#6338,.T.);
#6363=EDGE_LOOP('',(#6357,#6358,#6359,#6360,#6361,#6362));
#6364=FACE_OUTER_BOUND('',#6363,.T.);
#6365=ADVANCED_FACE('',(#6364),#6356,.T.);
#6366=CLOSED_SHELL('',(#5412,#5444,#5483,#5515,#5546,#5622,#5730,#5772,#5794,#5874,#5926,#5950,#5973,#6006,#6039,#6053,#6147,#6159,#6217,#6251,#6273,#6286,#6301,#6313,#6351,#6365));
#6367=MANIFOLD_SOLID_BREP('Solid2',#6366);
#6368=STYLED_ITEM('',(#4968),#6367);
#6369=ADVANCED_BREP_SHAPE_REPRESENTATION('ABSR',(#6367),#5211);
#6370=SHAPE_REPRESENTATION_RELATIONSHIP('SRR','None',#6369,#5216);
#6371=AXIS2_PLACEMENT_3D('',#6372,#6373,#6374);
#6372=CARTESIAN_POINT('',(-8.954283998372883,-21.937545624946651,-2.589545E-016));
#6373=DIRECTION('',(6.123234E-017,1.000918E-031,1.0));
#6374=DIRECTION('',(0.861636628314719,-0.507525684814516,-5.276003E-017));
#6375=NEXT_ASSEMBLY_USAGE_OCCURRENCE('capo2:1','capo2:1','capo2:1',#12,#5187,'capo2:1');
#6376=PRODUCT_DEFINITION_SHAPE('capo2:1','capo2:1',#6375);
#6377=ITEM_DEFINED_TRANSFORMATION('capo2:1','capo2:1',#5212,#6371);
#6381=(REPRESENTATION_RELATIONSHIP('capo2:1','capo2:1',#5216,#41)REPRESENTATION_RELATIONSHIP_WITH_TRANSFORMATION(#6377)SHAPE_REPRESENTATION_RELATIONSHIP());
#6382=CONTEXT_DEPENDENT_SHAPE_REPRESENTATION(#6381,#6376);
#6383=APPLICATION_CONTEXT('automotive design');
#6384=APPLICATION_PROTOCOL_DEFINITION('International Standard','automotive_design',2001,#6383);
#6385=PRODUCT_CONTEXT('',#6383,'mechanical');
#6386=PRODUCT('fix','fix',$,(#6385));
#6387=PRODUCT_RELATED_PRODUCT_CATEGORY('part',$,(#6386));
#6388=PRODUCT_DEFINITION_FORMATION('',$,#6386);
#6389=PRODUCT_DEFINITION_CONTEXT('part definition',#6383,'design');
#6390=PRODUCT_DEFINITION('',$,#6388,#6389);
#6396=(NAMED_UNIT(*)PLANE_ANGLE_UNIT()SI_UNIT($,.RADIAN.));
#6397=DIMENSIONAL_EXPONENTS(0.0,0.0,0.0,0.0,0.0,0.0,0.0);
#6398=PLANE_ANGLE_MEASURE_WITH_UNIT(PLANE_ANGLE_MEASURE(0.0174532925),#6396);
#6402=(CONVERSION_BASED_UNIT('DEGREE',#6398)NAMED_UNIT(#6397)PLANE_ANGLE_UNIT());
#6406=(NAMED_UNIT(*)SI_UNIT($,.STERADIAN.)SOLID_ANGLE_UNIT());
#6410=(LENGTH_UNIT()NAMED_UNIT(*)SI_UNIT(.MILLI.,.METRE.));
#6412=UNCERTAINTY_MEASURE_WITH_UNIT(LENGTH_MEASURE(0.01),#6410,'DISTANCE_ACCURACY_VALUE','');
#6414=(GEOMETRIC_REPRESENTATION_CONTEXT(3)GLOBAL_UNCERTAINTY_ASSIGNED_CONTEXT((#6412))GLOBAL_UNIT_ASSIGNED_CONTEXT((#6402,#6406,#6410))REPRESENTATION_CONTEXT('None','None'));
#6415=AXIS2_PLACEMENT_3D('',#6416,#6417,#6418);
#6416=CARTESIAN_POINT('',(0.0,0.0,0.0));
#6417=DIRECTION('',(0.0,0.0,1.0));
#6418=DIRECTION('',(1.0,0.0,0.0));
#6419=SHAPE_REPRESENTATION('',(#6415),#6414);
#6420=PRODUCT_DEFINITION_SHAPE('','',#6390);
#6421=SHAPE_DEFINITION_REPRESENTATION(#6420,#6419);
#6427=(NAMED_UNIT(*)PLANE_ANGLE_UNIT()SI_UNIT($,.RADIAN.));
#6428=DIMENSIONAL_EXPONENTS(0.0,0.0,0.0,0.0,0.0,0.0,0.0);
#6429=PLANE_ANGLE_MEASURE_WITH_UNIT(PLANE_ANGLE_MEASURE(0.0174532925),#6427);
#6433=(CONVERSION_BASED_UNIT('DEGREE',#6429)NAMED_UNIT(#6428)PLANE_ANGLE_UNIT());
#6437=(NAMED_UNIT(*)SI_UNIT($,.STERADIAN.)SOLID_ANGLE_UNIT());
#6441=(LENGTH_UNIT()NAMED_UNIT(*)SI_UNIT(.MILLI.,.METRE.));
#6443=UNCERTAINTY_MEASURE_WITH_UNIT(LENGTH_MEASURE(0.000001),#6441,'DISTANCE_ACCURACY_VALUE','');
#6445=(GEOMETRIC_REPRESENTATION_CONTEXT(3)GLOBAL_UNCERTAINTY_ASSIGNED_CONTEXT((#6443))GLOBAL_UNIT_ASSIGNED_CONTEXT((#6433,#6437,#6441))REPRESENTATION_CONTEXT('','3D'));
#6446=CARTESIAN_POINT('',(0.0,0.0,0.0));
#6447=DIRECTION('',(0.0,0.0,1.0));
#6448=DIRECTION('',(-1.0,0.0,0.0));
#6449=AXIS2_PLACEMENT_3D('',#6446,#6447,#6448);
#6450=CYLINDRICAL_SURFACE('',#6449,2.0);
#6451=CARTESIAN_POINT('',(2.0,2.449294E-016,10.0));
#6452=VERTEX_POINT('',#6451);
#6453=CARTESIAN_POINT('',(0.0,0.0,10.0));
#6454=DIRECTION('',(0.0,0.0,-1.0));
#6455=DIRECTION('',(-1.0,0.0,0.0));
#6456=AXIS2_PLACEMENT_3D('',#6453,#6454,#6455);
#6457=CIRCLE('',#6456,2.0);
#6458=EDGE_CURVE('',#6452,#6452,#6457,.T.);
#6459=ORIENTED_EDGE('',*,*,#6458,.T.);
#6460=EDGE_LOOP('',(#6459));
#6461=FACE_OUTER_BOUND('',#6460,.T.);
#6462=CARTESIAN_POINT('',(2.0,2.449294E-016,0.0));
#6463=VERTEX_POINT('',#6462);
#6464=CARTESIAN_POINT('',(0.0,0.0,0.0));
#6465=DIRECTION('',(0.0,0.0,-1.0));
#6466=DIRECTION('',(-1.0,0.0,0.0));
#6467=AXIS2_PLACEMENT_3D('',#6464,#6465,#6466);
#6468=CIRCLE('',#6467,2.0);
#6469=EDGE_CURVE('',#6463,#6463,#6468,.T.);
#6470=ORIENTED_EDGE('',*,*,#6469,.F.);
#6471=EDGE_LOOP('',(#6470));
#6472=FACE_BOUND('',#6471,.T.);
#6473=ADVANCED_FACE('',(#6461,#6472),#6450,.T.);
#6474=CARTESIAN_POINT('',(0.0,0.0,10.0));
#6475=DIRECTION('',(0.0,0.0,-1.0));
#6476=DIRECTION('',(-1.0,0.0,0.0));
#6477=AXIS2_PLACEMENT_3D('',#6474,#6475,#6476);
#6478=PLANE('',#6477);
#6479=ORIENTED_EDGE('',*,*,#6458,.F.);
#6480=EDGE_LOOP('',(#6479));
#6481=FACE_OUTER_BOUND('',#6480,.T.);
#6482=ADVANCED_FACE('',(#6481),#6478,.F.);
#6483=CARTESIAN_POINT('',(0.0,0.0,0.0));
#6484=DIRECTION('',(0.0,0.0,-1.0));
#6485=DIRECTION('',(-1.0,0.0,0.0));
#6486=AXIS2_PLACEMENT_3D('',#6483,#6484,#6485);
#6487=PLANE('',#6486);
#6488=ORIENTED_EDGE('',*,*,#6469,.T.);
#6489=EDGE_LOOP('',(#6488));
#6490=FACE_OUTER_BOUND('',#6489,.T.);
#6491=ADVANCED_FACE('',(#6490),#6487,.T.);
#6492=CLOSED_SHELL('',(#6473,#6482,#6491));
#6493=MANIFOLD_SOLID_BREP('Solid1',#6492);
#6494=STYLED_ITEM('',(#4968),#6493);
#6495=ADVANCED_BREP_SHAPE_REPRESENTATION('ABSR',(#6493),#6414);
#6496=SHAPE_REPRESENTATION_RELATIONSHIP('SRR','None',#6495,#6419);
#6497=AXIS2_PLACEMENT_3D('',#6498,#6499,#6500);
#6498=CARTESIAN_POINT('',(-15.986383633254508,8.605776214450833,5.0));
#6499=DIRECTION('',(0.0,-1.224647E-016,-1.0));
#6500=DIRECTION('',(1.0,0.0,0.0));
#6501=NEXT_ASSEMBLY_USAGE_OCCURRENCE('fix:1','fix:1','fix:1',#12,#6390,'fix:1');
#6502=PRODUCT_DEFINITION_SHAPE('fix:1','fix:1',#6501);
#6503=ITEM_DEFINED_TRANSFORMATION('fix:1','fix:1',#6415,#6497);
#6507=(REPRESENTATION_RELATIONSHIP('fix:1','fix:1',#6419,#41)REPRESENTATION_RELATIONSHIP_WITH_TRANSFORMATION(#6503)SHAPE_REPRESENTATION_RELATIONSHIP());
#6508=CONTEXT_DEPENDENT_SHAPE_REPRESENTATION(#6507,#6502);
#6509=APPLICATION_CONTEXT('automotive design');
#6510=APPLICATION_PROTOCOL_DEFINITION('International Standard','automotive_design',2001,#6509);
#6511=PRODUCT_CONTEXT('',#6509,'mechanical');
#6512=PRODUCT('ruber1','ruber1',$,(#6511));
#6513=PRODUCT_RELATED_PRODUCT_CATEGORY('part',$,(#6512));
#6514=PRODUCT_DEFINITION_FORMATION('',$,#6512);
#6515=PRODUCT_DEFINITION_CONTEXT('part definition',#6509,'design');
#6516=PRODUCT_DEFINITION('',$,#6514,#6515);
#6522=(NAMED_UNIT(*)PLANE_ANGLE_UNIT()SI_UNIT($,.RADIAN.));
#6523=DIMENSIONAL_EXPONENTS(0.0,0.0,0.0,0.0,0.0,0.0,0.0);
#6524=PLANE_ANGLE_MEASURE_WITH_UNIT(PLANE_ANGLE_MEASURE(0.0174532925),#6522);
#6528=(CONVERSION_BASED_UNIT('DEGREE',#6524)NAMED_UNIT(#6523)PLANE_ANGLE_UNIT());
#6532=(NAMED_UNIT(*)SI_UNIT($,.STERADIAN.)SOLID_ANGLE_UNIT());
#6536=(LENGTH_UNIT()NAMED_UNIT(*)SI_UNIT(.MILLI.,.METRE.));
#6538=UNCERTAINTY_MEASURE_WITH_UNIT(LENGTH_MEASURE(0.01),#6536,'DISTANCE_ACCURACY_VALUE','');
#6540=(GEOMETRIC_REPRESENTATION_CONTEXT(3)GLOBAL_UNCERTAINTY_ASSIGNED_CONTEXT((#6538))GLOBAL_UNIT_ASSIGNED_CONTEXT((#6528,#6532,#6536))REPRESENTATION_CONTEXT('None','None'));
#6541=AXIS2_PLACEMENT_3D('',#6542,#6543,#6544);
#6542=CARTESIAN_POINT('',(0.0,0.0,0.0));
#6543=DIRECTION('',(0.0,0.0,1.0));
#6544=DIRECTION('',(1.0,0.0,0.0));
#6545=SHAPE_REPRESENTATION('',(#6541),#6540);
#6546=PRODUCT_DEFINITION_SHAPE('','',#6516);
#6547=SHAPE_DEFINITION_REPRESENTATION(#6546,#6545);
#6553=(NAMED_UNIT(*)PLANE_ANGLE_UNIT()SI_UNIT($,.RADIAN.));
#6554=DIMENSIONAL_EXPONENTS(0.0,0.0,0.0,0.0,0.0,0.0,0.0);
#6555=PLANE_ANGLE_MEASURE_WITH_UNIT(PLANE_ANGLE_MEASURE(0.0174532925),#6553);
#6559=(CONVERSION_BASED_UNIT('DEGREE',#6555)NAMED_UNIT(#6554)PLANE_ANGLE_UNIT());
#6563=(NAMED_UNIT(*)SI_UNIT($,.STERADIAN.)SOLID_ANGLE_UNIT());
#6567=(LENGTH_UNIT()NAMED_UNIT(*)SI_UNIT(.MILLI.,.METRE.));
#6569=UNCERTAINTY_MEASURE_WITH_UNIT(LENGTH_MEASURE(0.000001),#6567,'DISTANCE_ACCURACY_VALUE','');
#6571=(GEOMETRIC_REPRESENTATION_CONTEXT(3)GLOBAL_UNCERTAINTY_ASSIGNED_CONTEXT((#6569))GLOBAL_UNIT_ASSIGNED_CONTEXT((#6559,#6563,#6567))REPRESENTATION_CONTEXT('','3D'));
#6572=CARTESIAN_POINT('',(0.0,0.0,0.0));
#6573=DIRECTION('',(-1.0,0.0,0.0));
#6574=DIRECTION('',(0.0,0.0,1.0));
#6575=AXIS2_PLACEMENT_3D('',#6572,#6573,#6574);
#6576=PLANE('',#6575);
#6577=CARTESIAN_POINT('',(0.0,0.0,9.5));
#6578=VERTEX_POINT('',#6577);
#6579=CARTESIAN_POINT('',(-2.143132E-015,7.000000000000001,9.5));
#6580=VERTEX_POINT('',#6579);
#6581=CARTESIAN_POINT('',(0.0,0.0,9.5));
#6582=DIRECTION('',(0.0,1.0,0.0));
#6583=VECTOR('',#6582,7.000000000000001);
#6584=LINE('',#6581,#6583);
#6585=EDGE_CURVE('',#6578,#6580,#6584,.T.);
#6586=ORIENTED_EDGE('',*,*,#6585,.T.);
#6587=CARTESIAN_POINT('',(-2.143132E-015,7.000000000000001,0.0));
#6588=VERTEX_POINT('',#6587);
#6589=CARTESIAN_POINT('',(-2.143132E-015,7.000000000000001,0.0));
#6590=DIRECTION('',(0.0,0.0,1.0));
#6591=VECTOR('',#6590,9.5);
#6592=LINE('',#6589,#6591);
#6593=EDGE_CURVE('',#6588,#6580,#6592,.T.);
#6594=ORIENTED_EDGE('',*,*,#6593,.F.);
#6595=CARTESIAN_POINT('',(0.0,0.0,0.0));
#6596=VERTEX_POINT('',#6595);
#6597=CARTESIAN_POINT('',(-2.143132E-015,7.000000000000001,0.0));
#6598=DIRECTION('',(0.0,-1.0,0.0));
#6599=VECTOR('',#6598,7.000000000000001);
#6600=LINE('',#6597,#6599);
#6601=EDGE_CURVE('',#6588,#6596,#6600,.T.);
#6602=ORIENTED_EDGE('',*,*,#6601,.T.);
#6603=CARTESIAN_POINT('',(0.0,0.0,0.0));
#6604=DIRECTION('',(0.0,0.0,1.0));
#6605=VECTOR('',#6604,9.5);
#6606=LINE('',#6603,#6605);
#6607=EDGE_CURVE('',#6596,#6578,#6606,.T.);
#6608=ORIENTED_EDGE('',*,*,#6607,.T.);
#6609=EDGE_LOOP('',(#6586,#6594,#6602,#6608));
#6610=FACE_OUTER_BOUND('',#6609,.T.);
#6611=ADVANCED_FACE('',(#6610),#6576,.T.);
#6612=CARTESIAN_POINT('',(24.999999999999993,3.000000000000001,0.0));
#6613=CARTESIAN_POINT('',(10.497424742074703,2.632777641722996,0.0));
#6614=CARTESIAN_POINT('',(4.830315E-015,7.000000000000002,0.0));
#6615=CARTESIAN_POINT('',(24.999999999999993,3.000000000000001,9.5));
#6616=CARTESIAN_POINT('',(10.497424742074703,2.632777641722996,9.5));
#6617=CARTESIAN_POINT('',(4.830315E-015,7.000000000000002,9.5));
#6618=B_SPLINE_SURFACE_WITH_KNOTS('',2,1,((#6612,#6615),(#6613,#6616),(#6614,#6617)),.UNSPECIFIED.,.F.,.F.,.F.,(3,3),(2,2),(0.0,1.0),(0.0,0.95),.UNSPECIFIED.);
#6619=CARTESIAN_POINT('',(25.0,3.0,9.5));
#6620=VERTEX_POINT('',#6619);
#6621=CARTESIAN_POINT('',(4.830315E-015,7.000000000000002,9.5));
#6622=CARTESIAN_POINT('',(10.497424742074703,2.632777641722996,9.5));
#6623=CARTESIAN_POINT('',(24.999999999999993,3.000000000000001,9.5));
#6624=QUASI_UNIFORM_CURVE('',2,(#6621,#6622,#6623),.UNSPECIFIED.,.F.,.U.);
#6625=EDGE_CURVE('',#6580,#6620,#6624,.T.);
#6626=ORIENTED_EDGE('',*,*,#6625,.T.);
#6627=CARTESIAN_POINT('',(25.0,3.0,0.0));
#6628=VERTEX_POINT('',#6627);
#6629=CARTESIAN_POINT('',(25.0,3.0,0.0));
#6630=DIRECTION('',(0.0,0.0,1.0));
#6631=VECTOR('',#6630,9.5);
#6632=LINE('',#6629,#6631);
#6633=EDGE_CURVE('',#6628,#6620,#6632,.T.);
#6634=ORIENTED_EDGE('',*,*,#6633,.F.);
#6635=CARTESIAN_POINT('',(24.999999999999993,3.000000000000001,0.0));
#6636=CARTESIAN_POINT('',(10.497424742074703,2.632777641722996,0.0));
#6637=CARTESIAN_POINT('',(4.830315E-015,7.000000000000002,0.0));
#6638=QUASI_UNIFORM_CURVE('',2,(#6635,#6636,#6637),.UNSPECIFIED.,.F.,.U.);
#6639=EDGE_CURVE('',#6628,#6588,#6638,.T.);
#6640=ORIENTED_EDGE('',*,*,#6639,.T.);
#6641=ORIENTED_EDGE('',*,*,#6593,.T.);
#6642=EDGE_LOOP('',(#6626,#6634,#6640,#6641));
#6643=FACE_OUTER_BOUND('',#6642,.T.);
#6644=ADVANCED_FACE('',(#6643),#6618,.T.);
#6645=CARTESIAN_POINT('',(25.0,3.0,0.0));
#6646=DIRECTION('',(1.0,0.0,0.0));
#6647=DIRECTION('',(0.0,0.0,-1.0));
#6648=AXIS2_PLACEMENT_3D('',#6645,#6646,#6647);
#6649=PLANE('',#6648);
#6650=CARTESIAN_POINT('',(25.0,0.0,9.5));
#6651=VERTEX_POINT('',#6650);
#6652=CARTESIAN_POINT('',(25.0,3.0,9.5));
#6653=DIRECTION('',(0.0,-1.0,0.0));
#6654=VECTOR('',#6653,3.0);
#6655=LINE('',#6652,#6654);
#6656=EDGE_CURVE('',#6620,#6651,#6655,.T.);
#6657=ORIENTED_EDGE('',*,*,#6656,.T.);
#6658=CARTESIAN_POINT('',(25.0,0.0,0.0));
#6659=VERTEX_POINT('',#6658);
#6660=CARTESIAN_POINT('',(25.0,0.0,0.0));
#6661=DIRECTION('',(0.0,0.0,1.0));
#6662=VECTOR('',#6661,9.5);
#6663=LINE('',#6660,#6662);
#6664=EDGE_CURVE('',#6659,#6651,#6663,.T.);
#6665=ORIENTED_EDGE('',*,*,#6664,.F.);
#6666=CARTESIAN_POINT('',(25.0,0.0,0.0));
#6667=DIRECTION('',(0.0,1.0,0.0));
#6668=VECTOR('',#6667,3.0);
#6669=LINE('',#6666,#6668);
#6670=EDGE_CURVE('',#6659,#6628,#6669,.T.);
#6671=ORIENTED_EDGE('',*,*,#6670,.T.);
#6672=ORIENTED_EDGE('',*,*,#6633,.T.);
#6673=EDGE_LOOP('',(#6657,#6665,#6671,#6672));
#6674=FACE_OUTER_BOUND('',#6673,.T.);
#6675=ADVANCED_FACE('',(#6674),#6649,.T.);
#6676=CARTESIAN_POINT('',(25.0,0.0,0.0));
#6677=DIRECTION('',(0.0,-1.0,0.0));
#6678=DIRECTION('',(0.0,0.0,-1.0));
#6679=AXIS2_PLACEMENT_3D('',#6676,#6677,#6678);
#6680=PLANE('',#6679);
#6681=CARTESIAN_POINT('',(25.0,0.0,9.5));
#6682=DIRECTION('',(-1.0,0.0,0.0));
#6683=VECTOR('',#6682,25.0);
#6684=LINE('',#6681,#6683);
#6685=EDGE_CURVE('',#6651,#6578,#6684,.T.);
#6686=ORIENTED_EDGE('',*,*,#6685,.T.);
#6687=ORIENTED_EDGE('',*,*,#6607,.F.);
#6688=CARTESIAN_POINT('',(0.0,0.0,0.0));
#6689=DIRECTION('',(1.0,0.0,0.0));
#6690=VECTOR('',#6689,25.0);
#6691=LINE('',#6688,#6690);
#6692=EDGE_CURVE('',#6596,#6659,#6691,.T.);
#6693=ORIENTED_EDGE('',*,*,#6692,.T.);
#6694=ORIENTED_EDGE('',*,*,#6664,.T.);
#6695=EDGE_LOOP('',(#6686,#6687,#6693,#6694));
#6696=FACE_OUTER_BOUND('',#6695,.T.);
#6697=ADVANCED_FACE('',(#6696),#6680,.T.);
#6698=CARTESIAN_POINT('',(11.420366816102437,2.287581232003626,0.0));
#6699=DIRECTION('',(0.0,0.0,1.0));
#6700=DIRECTION('',(1.0,0.0,0.0));
#6701=AXIS2_PLACEMENT_3D('',#6698,#6699,#6700);
#6702=PLANE('',#6701);
#6703=ORIENTED_EDGE('',*,*,#6692,.F.);
#6704=ORIENTED_EDGE('',*,*,#6601,.F.);
#6705=ORIENTED_EDGE('',*,*,#6639,.F.);
#6706=ORIENTED_EDGE('',*,*,#6670,.F.);
#6707=EDGE_LOOP('',(#6703,#6704,#6705,#6706));
#6708=FACE_OUTER_BOUND('',#6707,.T.);
#6709=ADVANCED_FACE('',(#6708),#6702,.F.);
#6710=CARTESIAN_POINT('',(11.420366816102433,2.287581232003626,9.5));
#6711=DIRECTION('',(0.0,0.0,1.0));
#6712=DIRECTION('',(1.0,0.0,0.0));
#6713=AXIS2_PLACEMENT_3D('',#6710,#6711,#6712);
#6714=PLANE('',#6713);
#6715=ORIENTED_EDGE('',*,*,#6585,.F.);
#6716=ORIENTED_EDGE('',*,*,#6685,.F.);
#6717=ORIENTED_EDGE('',*,*,#6656,.F.);
#6718=ORIENTED_EDGE('',*,*,#6625,.F.);
#6719=EDGE_LOOP('',(#6715,#6716,#6717,#6718));
#6720=FACE_OUTER_BOUND('',#6719,.T.);
#6721=ADVANCED_FACE('',(#6720),#6714,.T.);
#6722=CLOSED_SHELL('',(#6611,#6644,#6675,#6697,#6709,#6721));
#6723=MANIFOLD_SOLID_BREP('Solid1',#6722);
#6724=STYLED_ITEM('',(#4968),#6723);
#6725=ADVANCED_BREP_SHAPE_REPRESENTATION('ABSR',(#6723),#6540);
#6726=SHAPE_REPRESENTATION_RELATIONSHIP('SRR','None',#6725,#6545);
#6727=AXIS2_PLACEMENT_3D('',#6728,#6729,#6730);
#6728=CARTESIAN_POINT('',(0.413627141310406,-21.103387765435642,-4.750000000000001));
#6729=DIRECTION('',(6.123234E-017,5.458549E-031,1.0));
#6730=DIRECTION('',(0.842556487419179,-0.538607988715221,-5.159171E-017));
#6731=NEXT_ASSEMBLY_USAGE_OCCURRENCE('ruber1:1','ruber1:1','ruber1:1',#12,#6516,'ruber1:1');
#6732=PRODUCT_DEFINITION_SHAPE('ruber1:1','ruber1:1',#6731);
#6733=ITEM_DEFINED_TRANSFORMATION('ruber1:1','ruber1:1',#6541,#6727);
#6737=(REPRESENTATION_RELATIONSHIP('ruber1:1','ruber1:1',#6545,#41)REPRESENTATION_RELATIONSHIP_WITH_TRANSFORMATION(#6733)SHAPE_REPRESENTATION_RELATIONSHIP());
#6738=CONTEXT_DEPENDENT_SHAPE_REPRESENTATION(#6737,#6732);
#6739=APPLICATION_CONTEXT('automotive design');
#6740=APPLICATION_PROTOCOL_DEFINITION('International Standard','automotive_design',2001,#6739);
#6741=PRODUCT_CONTEXT('',#6739,'mechanical');
#6742=PRODUCT('ruber2','ruber2',$,(#6741));
#6743=PRODUCT_RELATED_PRODUCT_CATEGORY('part',$,(#6742));
#6744=PRODUCT_DEFINITION_FORMATION('',$,#6742);
#6745=PRODUCT_DEFINITION_CONTEXT('part definition',#6739,'design');
#6746=PRODUCT_DEFINITION('',$,#6744,#6745);
#6752=(NAMED_UNIT(*)PLANE_ANGLE_UNIT()SI_UNIT($,.RADIAN.));
#6753=DIMENSIONAL_EXPONENTS(0.0,0.0,0.0,0.0,0.0,0.0,0.0);
#6754=PLANE_ANGLE_MEASURE_WITH_UNIT(PLANE_ANGLE_MEASURE(0.0174532925),#6752);
#6758=(CONVERSION_BASED_UNIT('DEGREE',#6754)NAMED_UNIT(#6753)PLANE_ANGLE_UNIT());
#6762=(NAMED_UNIT(*)SI_UNIT($,.STERADIAN.)SOLID_ANGLE_UNIT());
#6766=(LENGTH_UNIT()NAMED_UNIT(*)SI_UNIT(.MILLI.,.METRE.));
#6768=UNCERTAINTY_MEASURE_WITH_UNIT(LENGTH_MEASURE(0.01),#6766,'DISTANCE_ACCURACY_VALUE','');
#6770=(GEOMETRIC_REPRESENTATION_CONTEXT(3)GLOBAL_UNCERTAINTY_ASSIGNED_CONTEXT((#6768))GLOBAL_UNIT_ASSIGNED_CONTEXT((#6758,#6762,#6766))REPRESENTATION_CONTEXT('None','None'));
#6771=AXIS2_PLACEMENT_3D('',#6772,#6773,#6774);
#6772=CARTESIAN_POINT('',(0.0,0.0,0.0));
#6773=DIRECTION('',(0.0,0.0,1.0));
#6774=DIRECTION('',(1.0,0.0,0.0));
#6775=SHAPE_REPRESENTATION('',(#6771),#6770);
#6776=PRODUCT_DEFINITION_SHAPE('','',#6746);
#6777=SHAPE_DEFINITION_REPRESENTATION(#6776,#6775);
#6783=(NAMED_UNIT(*)PLANE_ANGLE_UNIT()SI_UNIT($,.RADIAN.));
#6784=DIMENSIONAL_EXPONENTS(0.0,0.0,0.0,0.0,0.0,0.0,0.0);
#6785=PLANE_ANGLE_MEASURE_WITH_UNIT(PLANE_ANGLE_MEASURE(0.0174532925),#6783);
#6789=(CONVERSION_BASED_UNIT('DEGREE',#6785)NAMED_UNIT(#6784)PLANE_ANGLE_UNIT());
#6793=(NAMED_UNIT(*)SI_UNIT($,.STERADIAN.)SOLID_ANGLE_UNIT());
#6797=(LENGTH_UNIT()NAMED_UNIT(*)SI_UNIT(.MILLI.,.METRE.));
#6799=UNCERTAINTY_MEASURE_WITH_UNIT(LENGTH_MEASURE(0.000001),#6797,'DISTANCE_ACCURACY_VALUE','');
#6801=(GEOMETRIC_REPRESENTATION_CONTEXT(3)GLOBAL_UNCERTAINTY_ASSIGNED_CONTEXT((#6799))GLOBAL_UNIT_ASSIGNED_CONTEXT((#6789,#6793,#6797))REPRESENTATION_CONTEXT('','3D'));
#6802=CARTESIAN_POINT('',(0.0,0.0,0.0));
#6803=DIRECTION('',(-1.0,0.0,0.0));
#6804=DIRECTION('',(0.0,0.0,1.0));
#6805=AXIS2_PLACEMENT_3D('',#6802,#6803,#6804);
#6806=PLANE('',#6805);
#6807=CARTESIAN_POINT('',(0.0,0.0,50.0));
#6808=VERTEX_POINT('',#6807);
#6809=CARTESIAN_POINT('',(-1.110223E-015,3.0,50.0));
#6810=VERTEX_POINT('',#6809);
#6811=CARTESIAN_POINT('',(0.0,0.0,50.0));
#6812=DIRECTION('',(0.0,1.0,0.0));
#6813=VECTOR('',#6812,3.0);
#6814=LINE('',#6811,#6813);
#6815=EDGE_CURVE('',#6808,#6810,#6814,.T.);
#6816=ORIENTED_EDGE('',*,*,#6815,.T.);
#6817=CARTESIAN_POINT('',(-1.110223E-015,3.0,0.0));
#6818=VERTEX_POINT('',#6817);
#6819=CARTESIAN_POINT('',(-1.110223E-015,3.0,0.0));
#6820=DIRECTION('',(0.0,0.0,1.0));
#6821=VECTOR('',#6820,50.0);
#6822=LINE('',#6819,#6821);
#6823=EDGE_CURVE('',#6818,#6810,#6822,.T.);
#6824=ORIENTED_EDGE('',*,*,#6823,.F.);
#6825=CARTESIAN_POINT('',(0.0,0.0,0.0));
#6826=VERTEX_POINT('',#6825);
#6827=CARTESIAN_POINT('',(-1.110223E-015,3.0,0.0));
#6828=DIRECTION('',(0.0,-1.0,0.0));
#6829=VECTOR('',#6828,3.0);
#6830=LINE('',#6827,#6829);
#6831=EDGE_CURVE('',#6818,#6826,#6830,.T.);
#6832=ORIENTED_EDGE('',*,*,#6831,.T.);
#6833=CARTESIAN_POINT('',(0.0,0.0,0.0));
#6834=DIRECTION('',(0.0,0.0,1.0));
#6835=VECTOR('',#6834,50.0);
#6836=LINE('',#6833,#6835);
#6837=EDGE_CURVE('',#6826,#6808,#6836,.T.);
#6838=ORIENTED_EDGE('',*,*,#6837,.T.);
#6839=EDGE_LOOP('',(#6816,#6824,#6832,#6838));
#6840=FACE_OUTER_BOUND('',#6839,.T.);
#6841=ADVANCED_FACE('',(#6840),#6806,.T.);
#6842=CARTESIAN_POINT('',(-1.110223E-015,3.0,0.0));
#6843=DIRECTION('',(0.0,1.0,0.0));
#6844=DIRECTION('',(0.0,0.0,1.0));
#6845=AXIS2_PLACEMENT_3D('',#6842,#6843,#6844);
#6846=PLANE('',#6845);
#6847=CARTESIAN_POINT('',(0.25,2.999999999999998,50.0));
#6848=VERTEX_POINT('',#6847);
#6849=CARTESIAN_POINT('',(-1.110223E-015,3.0,50.0));
#6850=DIRECTION('',(1.0,0.0,0.0));
#6851=VECTOR('',#6850,0.250000000000001);
#6852=LINE('',#6849,#6851);
#6853=EDGE_CURVE('',#6810,#6848,#6852,.T.);
#6854=ORIENTED_EDGE('',*,*,#6853,.T.);
#6855=CARTESIAN_POINT('',(0.25,2.999999999999998,0.0));
#6856=VERTEX_POINT('',#6855);
#6857=CARTESIAN_POINT('',(0.25,2.999999999999998,0.0));
#6858=DIRECTION('',(0.0,0.0,1.0));
#6859=VECTOR('',#6858,50.0);
#6860=LINE('',#6857,#6859);
#6861=EDGE_CURVE('',#6856,#6848,#6860,.T.);
#6862=ORIENTED_EDGE('',*,*,#6861,.F.);
#6863=CARTESIAN_POINT('',(0.25,2.999999999999998,0.0));
#6864=DIRECTION('',(-1.0,0.0,0.0));
#6865=VECTOR('',#6864,0.250000000000001);
#6866=LINE('',#6863,#6865);
#6867=EDGE_CURVE('',#6856,#6818,#6866,.T.);
#6868=ORIENTED_EDGE('',*,*,#6867,.T.);
#6869=ORIENTED_EDGE('',*,*,#6823,.T.);
#6870=EDGE_LOOP('',(#6854,#6862,#6868,#6869));
#6871=FACE_OUTER_BOUND('',#6870,.T.);
#6872=ADVANCED_FACE('',(#6871),#6846,.T.);
#6873=CARTESIAN_POINT('',(0.25,2.999999999999998,0.0));
#6874=DIRECTION('',(1.0,0.0,0.0));
#6875=DIRECTION('',(0.0,0.0,-1.0));
#6876=AXIS2_PLACEMENT_3D('',#6873,#6874,#6875);
#6877=PLANE('',#6876);
#6878=CARTESIAN_POINT('',(0.25,2.699999999999998,50.0));
#6879=VERTEX_POINT('',#6878);
#6880=CARTESIAN_POINT('',(0.25,2.999999999999998,50.0));
#6881=DIRECTION('',(0.0,-1.0,0.0));
#6882=VECTOR('',#6881,0.300000000000001);
#6883=LINE('',#6880,#6882);
#6884=EDGE_CURVE('',#6848,#6879,#6883,.T.);
#6885=ORIENTED_EDGE('',*,*,#6884,.T.);
#6886=CARTESIAN_POINT('',(0.25,2.699999999999998,0.0));
#6887=VERTEX_POINT('',#6886);
#6888=CARTESIAN_POINT('',(0.25,2.699999999999998,0.0));
#6889=DIRECTION('',(0.0,0.0,1.0));
#6890=VECTOR('',#6889,50.0);
#6891=LINE('',#6888,#6890);
#6892=EDGE_CURVE('',#6887,#6879,#6891,.T.);
#6893=ORIENTED_EDGE('',*,*,#6892,.F.);
#6894=CARTESIAN_POINT('',(0.25,2.699999999999998,0.0));
#6895=DIRECTION('',(0.0,1.0,0.0));
#6896=VECTOR('',#6895,0.300000000000001);
#6897=LINE('',#6894,#6896);
#6898=EDGE_CURVE('',#6887,#6856,#6897,.T.);
#6899=ORIENTED_EDGE('',*,*,#6898,.T.);
#6900=ORIENTED_EDGE('',*,*,#6861,.T.);
#6901=EDGE_LOOP('',(#6885,#6893,#6899,#6900));
#6902=FACE_OUTER_BOUND('',#6901,.T.);
#6903=ADVANCED_FACE('',(#6902),#6877,.T.);
#6904=CARTESIAN_POINT('',(0.25,2.699999999999998,0.0));
#6905=DIRECTION('',(0.0,1.0,0.0));
#6906=DIRECTION('',(0.0,0.0,1.0));
#6907=AXIS2_PLACEMENT_3D('',#6904,#6905,#6906);
#6908=PLANE('',#6907);
#6909=CARTESIAN_POINT('',(0.75,2.699999999999998,50.0));
#6910=VERTEX_POINT('',#6909);
#6911=CARTESIAN_POINT('',(0.25,2.699999999999998,50.0));
#6912=DIRECTION('',(1.0,0.0,0.0));
#6913=VECTOR('',#6912,0.5);
#6914=LINE('',#6911,#6913);
#6915=EDGE_CURVE('',#6879,#6910,#6914,.T.);
#6916=ORIENTED_EDGE('',*,*,#6915,.T.);
#6917=CARTESIAN_POINT('',(0.75,2.699999999999998,0.0));
#6918=VERTEX_POINT('',#6917);
#6919=CARTESIAN_POINT('',(0.75,2.699999999999998,0.0));
#6920=DIRECTION('',(0.0,0.0,1.0));
#6921=VECTOR('',#6920,50.0);
#6922=LINE('',#6919,#6921);
#6923=EDGE_CURVE('',#6918,#6910,#6922,.T.);
#6924=ORIENTED_EDGE('',*,*,#6923,.F.);
#6925=CARTESIAN_POINT('',(0.75,2.699999999999998,0.0));
#6926=DIRECTION('',(-1.0,0.0,0.0));
#6927=VECTOR('',#6926,0.5);
#6928=LINE('',#6925,#6927);
#6929=EDGE_CURVE('',#6918,#6887,#6928,.T.);
#6930=ORIENTED_EDGE('',*,*,#6929,.T.);
#6931=ORIENTED_EDGE('',*,*,#6892,.T.);
#6932=EDGE_LOOP('',(#6916,#6924,#6930,#6931));
#6933=FACE_OUTER_BOUND('',#6932,.T.);
#6934=ADVANCED_FACE('',(#6933),#6908,.T.);
#6935=CARTESIAN_POINT('',(0.75,2.699999999999998,0.0));
#6936=DIRECTION('',(-1.0,0.0,0.0));
#6937=DIRECTION('',(0.0,0.0,1.0));
#6938=AXIS2_PLACEMENT_3D('',#6935,#6936,#6937);
#6939=PLANE('',#6938);
#6940=CARTESIAN_POINT('',(0.75,2.999999999999996,50.0));
#6941=VERTEX_POINT('',#6940);
#6942=CARTESIAN_POINT('',(0.75,2.699999999999998,50.0));
#6943=DIRECTION('',(0.0,1.0,0.0));
#6944=VECTOR('',#6943,0.299999999999998);
#6945=LINE('',#6942,#6944);
#6946=EDGE_CURVE('',#6910,#6941,#6945,.T.);
#6947=ORIENTED_EDGE('',*,*,#6946,.T.);
#6948=CARTESIAN_POINT('',(0.75,2.999999999999996,0.0));
#6949=VERTEX_POINT('',#6948);
#6950=CARTESIAN_POINT('',(0.75,2.999999999999996,0.0));
#6951=DIRECTION('',(0.0,0.0,1.0));
#6952=VECTOR('',#6951,50.0);
#6953=LINE('',#6950,#6952);
#6954=EDGE_CURVE('',#6949,#6941,#6953,.T.);
#6955=ORIENTED_EDGE('',*,*,#6954,.F.);
#6956=CARTESIAN_POINT('',(0.75,2.999999999999996,0.0));
#6957=DIRECTION('',(0.0,-1.0,0.0));
#6958=VECTOR('',#6957,0.299999999999998);
#6959=LINE('',#6956,#6958);
#6960=EDGE_CURVE('',#6949,#6918,#6959,.T.);
#6961=ORIENTED_EDGE('',*,*,#6960,.T.);
#6962=ORIENTED_EDGE('',*,*,#6923,.T.);
#6963=EDGE_LOOP('',(#6947,#6955,#6961,#6962));
#6964=FACE_OUTER_BOUND('',#6963,.T.);
#6965=ADVANCED_FACE('',(#6964),#6939,.T.);
#6966=CARTESIAN_POINT('',(0.999999999999999,3.0,0.0));
#6967=DIRECTION('',(0.0,1.0,0.0));
#6968=DIRECTION('',(0.0,0.0,1.0));
#6969=AXIS2_PLACEMENT_3D('',#6966,#6967,#6968);
#6970=PLANE('',#6969);
#6971=CARTESIAN_POINT('',(1.25,2.999999999999998,50.0));
#6972=VERTEX_POINT('',#6971);
#6973=CARTESIAN_POINT('',(0.75,3.000000000000003,50.0));
#6974=DIRECTION('',(1.0,0.0,0.0));
#6975=VECTOR('',#6974,0.5);
#6976=LINE('',#6973,#6975);
#6977=EDGE_CURVE('',#6941,#6972,#6976,.T.);
#6978=ORIENTED_EDGE('',*,*,#6977,.T.);
#6979=CARTESIAN_POINT('',(1.25,2.999999999999998,0.0));
#6980=VERTEX_POINT('',#6979);
#6981=CARTESIAN_POINT('',(1.25,2.999999999999998,0.0));
#6982=DIRECTION('',(0.0,0.0,1.0));
#6983=VECTOR('',#6982,50.0);
#6984=LINE('',#6981,#6983);
#6985=EDGE_CURVE('',#6980,#6972,#6984,.T.);
#6986=ORIENTED_EDGE('',*,*,#6985,.F.);
#6987=CARTESIAN_POINT('',(1.25,2.999999999999998,0.0));
#6988=DIRECTION('',(-1.0,0.0,0.0));
#6989=VECTOR('',#6988,0.5);
#6990=LINE('',#6987,#6989);
#6991=EDGE_CURVE('',#6980,#6949,#6990,.T.);
#6992=ORIENTED_EDGE('',*,*,#6991,.T.);
#6993=ORIENTED_EDGE('',*,*,#6954,.T.);
#6994=EDGE_LOOP('',(#6978,#6986,#6992,#6993));
#6995=FACE_OUTER_BOUND('',#6994,.T.);
#6996=ADVANCED_FACE('',(#6995),#6970,.T.);
#6997=CARTESIAN_POINT('',(1.25,2.999999999999998,0.0));
#6998=DIRECTION('',(1.0,0.0,0.0));
#6999=DIRECTION('',(0.0,0.0,-1.0));
#7000=AXIS2_PLACEMENT_3D('',#6997,#6998,#6999);
#7001=PLANE('',#7000);
#7002=CARTESIAN_POINT('',(1.25,2.699999999999998,50.0));
#7003=VERTEX_POINT('',#7002);
#7004=CARTESIAN_POINT('',(1.25,2.999999999999998,50.0));
#7005=DIRECTION('',(0.0,-1.0,0.0));
#7006=VECTOR('',#7005,0.300000000000001);
#7007=LINE('',#7004,#7006);
#7008=EDGE_CURVE('',#6972,#7003,#7007,.T.);
#7009=ORIENTED_EDGE('',*,*,#7008,.T.);
#7010=CARTESIAN_POINT('',(1.25,2.699999999999998,0.0));
#7011=VERTEX_POINT('',#7010);
#7012=CARTESIAN_POINT('',(1.25,2.699999999999998,0.0));
#7013=DIRECTION('',(0.0,0.0,1.0));
#7014=VECTOR('',#7013,50.0);
#7015=LINE('',#7012,#7014);
#7016=EDGE_CURVE('',#7011,#7003,#7015,.T.);
#7017=ORIENTED_EDGE('',*,*,#7016,.F.);
#7018=CARTESIAN_POINT('',(1.25,2.699999999999998,0.0));
#7019=DIRECTION('',(0.0,1.0,0.0));
#7020=VECTOR('',#7019,0.300000000000001);
#7021=LINE('',#7018,#7020);
#7022=EDGE_CURVE('',#7011,#6980,#7021,.T.);
#7023=ORIENTED_EDGE('',*,*,#7022,.T.);
#7024=ORIENTED_EDGE('',*,*,#6985,.T.);
#7025=EDGE_LOOP('',(#7009,#7017,#7023,#7024));
#7026=FACE_OUTER_BOUND('',#7025,.T.);
#7027=ADVANCED_FACE('',(#7026),#7001,.T.);
#7028=CARTESIAN_POINT('',(1.25,2.699999999999998,0.0));
#7029=DIRECTION('',(0.0,1.0,0.0));
#7030=DIRECTION('',(0.0,0.0,1.0));
#7031=AXIS2_PLACEMENT_3D('',#7028,#7029,#7030);
#7032=PLANE('',#7031);
#7033=CARTESIAN_POINT('',(1.75,2.699999999999998,50.0));
#7034=VERTEX_POINT('',#7033);
#7035=CARTESIAN_POINT('',(1.25,2.699999999999998,50.0));
#7036=DIRECTION('',(1.0,0.0,0.0));
#7037=VECTOR('',#7036,0.5);
#7038=LINE('',#7035,#7037);
#7039=EDGE_CURVE('',#7003,#7034,#7038,.T.);
#7040=ORIENTED_EDGE('',*,*,#7039,.T.);
#7041=CARTESIAN_POINT('',(1.75,2.699999999999998,0.0));
#7042=VERTEX_POINT('',#7041);
#7043=CARTESIAN_POINT('',(1.75,2.699999999999998,0.0));
#7044=DIRECTION('',(0.0,0.0,1.0));
#7045=VECTOR('',#7044,50.0);
#7046=LINE('',#7043,#7045);
#7047=EDGE_CURVE('',#7042,#7034,#7046,.T.);
#7048=ORIENTED_EDGE('',*,*,#7047,.F.);
#7049=CARTESIAN_POINT('',(1.75,2.699999999999998,0.0));
#7050=DIRECTION('',(-1.0,0.0,0.0));
#7051=VECTOR('',#7050,0.5);
#7052=LINE('',#7049,#7051);
#7053=EDGE_CURVE('',#7042,#7011,#7052,.T.);
#7054=ORIENTED_EDGE('',*,*,#7053,.T.);
#7055=ORIENTED_EDGE('',*,*,#7016,.T.);
#7056=EDGE_LOOP('',(#7040,#7048,#7054,#7055));
#7057=FACE_OUTER_BOUND('',#7056,.T.);
#7058=ADVANCED_FACE('',(#7057),#7032,.T.);
#7059=CARTESIAN_POINT('',(1.75,2.699999999999998,0.0));
#7060=DIRECTION('',(-1.0,0.0,0.0));
#7061=DIRECTION('',(0.0,0.0,1.0));
#7062=AXIS2_PLACEMENT_3D('',#7059,#7060,#7061);
#7063=PLANE('',#7062);
#7064=CARTESIAN_POINT('',(1.75,2.999999999999996,50.0));
#7065=VERTEX_POINT('',#7064);
#7066=CARTESIAN_POINT('',(1.75,2.699999999999998,50.0));
#7067=DIRECTION('',(0.0,1.0,0.0));
#7068=VECTOR('',#7067,0.299999999999998);
#7069=LINE('',#7066,#7068);
#7070=EDGE_CURVE('',#7034,#7065,#7069,.T.);
#7071=ORIENTED_EDGE('',*,*,#7070,.T.);
#7072=CARTESIAN_POINT('',(1.75,2.999999999999996,0.0));
#7073=VERTEX_POINT('',#7072);
#7074=CARTESIAN_POINT('',(1.75,2.999999999999996,0.0));
#7075=DIRECTION('',(0.0,0.0,1.0));
#7076=VECTOR('',#7075,50.0);
#7077=LINE('',#7074,#7076);
#7078=EDGE_CURVE('',#7073,#7065,#7077,.T.);
#7079=ORIENTED_EDGE('',*,*,#7078,.F.);
#7080=CARTESIAN_POINT('',(1.75,2.999999999999996,0.0));
#7081=DIRECTION('',(0.0,-1.0,0.0));
#7082=VECTOR('',#7081,0.299999999999998);
#7083=LINE('',#7080,#7082);
#7084=EDGE_CURVE('',#7073,#7042,#7083,.T.);
#7085=ORIENTED_EDGE('',*,*,#7084,.T.);
#7086=ORIENTED_EDGE('',*,*,#7047,.T.);
#7087=EDGE_LOOP('',(#7071,#7079,#7085,#7086));
#7088=FACE_OUTER_BOUND('',#7087,.T.);
#7089=ADVANCED_FACE('',(#7088),#7063,.T.);
#7090=CARTESIAN_POINT('',(1.999999999999999,3.0,0.0));
#7091=DIRECTION('',(0.0,1.0,0.0));
#7092=DIRECTION('',(0.0,0.0,1.0));
#7093=AXIS2_PLACEMENT_3D('',#7090,#7091,#7092);
#7094=PLANE('',#7093);
#7095=CARTESIAN_POINT('',(2.25,2.999999999999998,50.0));
#7096=VERTEX_POINT('',#7095);
#7097=CARTESIAN_POINT('',(1.75,3.000000000000003,50.0));
#7098=DIRECTION('',(1.0,0.0,0.0));
#7099=VECTOR('',#7098,0.5);
#7100=LINE('',#7097,#7099);
#7101=EDGE_CURVE('',#7065,#7096,#7100,.T.);
#7102=ORIENTED_EDGE('',*,*,#7101,.T.);
#7103=CARTESIAN_POINT('',(2.25,2.999999999999998,0.0));
#7104=VERTEX_POINT('',#7103);
#7105=CARTESIAN_POINT('',(2.25,2.999999999999998,0.0));
#7106=DIRECTION('',(0.0,0.0,1.0));
#7107=VECTOR('',#7106,50.0);
#7108=LINE('',#7105,#7107);
#7109=EDGE_CURVE('',#7104,#7096,#7108,.T.);
#7110=ORIENTED_EDGE('',*,*,#7109,.F.);
#7111=CARTESIAN_POINT('',(2.25,2.999999999999998,0.0));
#7112=DIRECTION('',(-1.0,0.0,0.0));
#7113=VECTOR('',#7112,0.5);
#7114=LINE('',#7111,#7113);
#7115=EDGE_CURVE('',#7104,#7073,#7114,.T.);
#7116=ORIENTED_EDGE('',*,*,#7115,.T.);
#7117=ORIENTED_EDGE('',*,*,#7078,.T.);
#7118=EDGE_LOOP('',(#7102,#7110,#7116,#7117));
#7119=FACE_OUTER_BOUND('',#7118,.T.);
#7120=ADVANCED_FACE('',(#7119),#7094,.T.);
#7121=CARTESIAN_POINT('',(2.25,2.999999999999998,0.0));
#7122=DIRECTION('',(1.0,0.0,0.0));
#7123=DIRECTION('',(0.0,0.0,-1.0));
#7124=AXIS2_PLACEMENT_3D('',#7121,#7122,#7123);
#7125=PLANE('',#7124);
#7126=CARTESIAN_POINT('',(2.25,2.699999999999998,50.0));
#7127=VERTEX_POINT('',#7126);
#7128=CARTESIAN_POINT('',(2.25,2.999999999999998,50.0));
#7129=DIRECTION('',(0.0,-1.0,0.0));
#7130=VECTOR('',#7129,0.300000000000001);
#7131=LINE('',#7128,#7130);
#7132=EDGE_CURVE('',#7096,#7127,#7131,.T.);
#7133=ORIENTED_EDGE('',*,*,#7132,.T.);
#7134=CARTESIAN_POINT('',(2.25,2.699999999999998,0.0));
#7135=VERTEX_POINT('',#7134);
#7136=CARTESIAN_POINT('',(2.25,2.699999999999998,0.0));
#7137=DIRECTION('',(0.0,0.0,1.0));
#7138=VECTOR('',#7137,50.0);
#7139=LINE('',#7136,#7138);
#7140=EDGE_CURVE('',#7135,#7127,#7139,.T.);
#7141=ORIENTED_EDGE('',*,*,#7140,.F.);
#7142=CARTESIAN_POINT('',(2.25,2.699999999999998,0.0));
#7143=DIRECTION('',(0.0,1.0,0.0));
#7144=VECTOR('',#7143,0.300000000000001);
#7145=LINE('',#7142,#7144);
#7146=EDGE_CURVE('',#7135,#7104,#7145,.T.);
#7147=ORIENTED_EDGE('',*,*,#7146,.T.);
#7148=ORIENTED_EDGE('',*,*,#7109,.T.);
#7149=EDGE_LOOP('',(#7133,#7141,#7147,#7148));
#7150=FACE_OUTER_BOUND('',#7149,.T.);
#7151=ADVANCED_FACE('',(#7150),#7125,.T.);
#7152=CARTESIAN_POINT('',(2.25,2.699999999999998,0.0));
#7153=DIRECTION('',(0.0,1.0,0.0));
#7154=DIRECTION('',(0.0,0.0,1.0));
#7155=AXIS2_PLACEMENT_3D('',#7152,#7153,#7154);
#7156=PLANE('',#7155);
#7157=CARTESIAN_POINT('',(2.75,2.699999999999998,50.0));
#7158=VERTEX_POINT('',#7157);
#7159=CARTESIAN_POINT('',(2.25,2.699999999999998,50.0));
#7160=DIRECTION('',(1.0,0.0,0.0));
#7161=VECTOR('',#7160,0.5);
#7162=LINE('',#7159,#7161);
#7163=EDGE_CURVE('',#7127,#7158,#7162,.T.);
#7164=ORIENTED_EDGE('',*,*,#7163,.T.);
#7165=CARTESIAN_POINT('',(2.75,2.699999999999998,0.0));
#7166=VERTEX_POINT('',#7165);
#7167=CARTESIAN_POINT('',(2.75,2.699999999999998,0.0));
#7168=DIRECTION('',(0.0,0.0,1.0));
#7169=VECTOR('',#7168,50.0);
#7170=LINE('',#7167,#7169);
#7171=EDGE_CURVE('',#7166,#7158,#7170,.T.);
#7172=ORIENTED_EDGE('',*,*,#7171,.F.);
#7173=CARTESIAN_POINT('',(2.75,2.699999999999998,0.0));
#7174=DIRECTION('',(-1.0,0.0,0.0));
#7175=VECTOR('',#7174,0.5);
#7176=LINE('',#7173,#7175);
#7177=EDGE_CURVE('',#7166,#7135,#7176,.T.);
#7178=ORIENTED_EDGE('',*,*,#7177,.T.);
#7179=ORIENTED_EDGE('',*,*,#7140,.T.);
#7180=EDGE_LOOP('',(#7164,#7172,#7178,#7179));
#7181=FACE_OUTER_BOUND('',#7180,.T.);
#7182=ADVANCED_FACE('',(#7181),#7156,.T.);
#7183=CARTESIAN_POINT('',(2.75,2.699999999999998,0.0));
#7184=DIRECTION('',(-1.0,0.0,0.0));
#7185=DIRECTION('',(0.0,0.0,1.0));
#7186=AXIS2_PLACEMENT_3D('',#7183,#7184,#7185);
#7187=PLANE('',#7186);
#7188=CARTESIAN_POINT('',(2.75,2.999999999999996,50.0));
#7189=VERTEX_POINT('',#7188);
#7190=CARTESIAN_POINT('',(2.75,2.699999999999998,50.0));
#7191=DIRECTION('',(0.0,1.0,0.0));
#7192=VECTOR('',#7191,0.299999999999998);
#7193=LINE('',#7190,#7192);
#7194=EDGE_CURVE('',#7158,#7189,#7193,.T.);
#7195=ORIENTED_EDGE('',*,*,#7194,.T.);
#7196=CARTESIAN_POINT('',(2.75,2.999999999999996,0.0));
#7197=VERTEX_POINT('',#7196);
#7198=CARTESIAN_POINT('',(2.75,2.999999999999996,0.0));
#7199=DIRECTION('',(0.0,0.0,1.0));
#7200=VECTOR('',#7199,50.0);
#7201=LINE('',#7198,#7200);
#7202=EDGE_CURVE('',#7197,#7189,#7201,.T.);
#7203=ORIENTED_EDGE('',*,*,#7202,.F.);
#7204=CARTESIAN_POINT('',(2.75,2.999999999999996,0.0));
#7205=DIRECTION('',(0.0,-1.0,0.0));
#7206=VECTOR('',#7205,0.299999999999998);
#7207=LINE('',#7204,#7206);
#7208=EDGE_CURVE('',#7197,#7166,#7207,.T.);
#7209=ORIENTED_EDGE('',*,*,#7208,.T.);
#7210=ORIENTED_EDGE('',*,*,#7171,.T.);
#7211=EDGE_LOOP('',(#7195,#7203,#7209,#7210));
#7212=FACE_OUTER_BOUND('',#7211,.T.);
#7213=ADVANCED_FACE('',(#7212),#7187,.T.);
#7214=CARTESIAN_POINT('',(2.999999999999999,3.0,0.0));
#7215=DIRECTION('',(0.0,1.0,0.0));
#7216=DIRECTION('',(0.0,0.0,1.0));
#7217=AXIS2_PLACEMENT_3D('',#7214,#7215,#7216);
#7218=PLANE('',#7217);
#7219=CARTESIAN_POINT('',(3.250000000000001,2.999999999999998,50.0));
#7220=VERTEX_POINT('',#7219);
#7221=CARTESIAN_POINT('',(2.75,3.000000000000003,50.0));
#7222=DIRECTION('',(1.0,0.0,0.0));
#7223=VECTOR('',#7222,0.5);
#7224=LINE('',#7221,#7223);
#7225=EDGE_CURVE('',#7189,#7220,#7224,.T.);
#7226=ORIENTED_EDGE('',*,*,#7225,.T.);
#7227=CARTESIAN_POINT('',(3.250000000000001,2.999999999999998,0.0));
#7228=VERTEX_POINT('',#7227);
#7229=CARTESIAN_POINT('',(3.250000000000001,2.999999999999998,0.0));
#7230=DIRECTION('',(0.0,0.0,1.0));
#7231=VECTOR('',#7230,50.0);
#7232=LINE('',#7229,#7231);
#7233=EDGE_CURVE('',#7228,#7220,#7232,.T.);
#7234=ORIENTED_EDGE('',*,*,#7233,.F.);
#7235=CARTESIAN_POINT('',(3.250000000000001,2.999999999999998,0.0));
#7236=DIRECTION('',(-1.0,0.0,0.0));
#7237=VECTOR('',#7236,0.5);
#7238=LINE('',#7235,#7237);
#7239=EDGE_CURVE('',#7228,#7197,#7238,.T.);
#7240=ORIENTED_EDGE('',*,*,#7239,.T.);
#7241=ORIENTED_EDGE('',*,*,#7202,.T.);
#7242=EDGE_LOOP('',(#7226,#7234,#7240,#7241));
#7243=FACE_OUTER_BOUND('',#7242,.T.);
#7244=ADVANCED_FACE('',(#7243),#7218,.T.);
#7245=CARTESIAN_POINT('',(3.250000000000001,2.999999999999998,0.0));
#7246=DIRECTION('',(1.0,0.0,0.0));
#7247=DIRECTION('',(0.0,0.0,-1.0));
#7248=AXIS2_PLACEMENT_3D('',#7245,#7246,#7247);
#7249=PLANE('',#7248);
#7250=CARTESIAN_POINT('',(3.250000000000001,2.699999999999998,50.0));
#7251=VERTEX_POINT('',#7250);
#7252=CARTESIAN_POINT('',(3.250000000000001,2.999999999999998,50.0));
#7253=DIRECTION('',(0.0,-1.0,0.0));
#7254=VECTOR('',#7253,0.300000000000001);
#7255=LINE('',#7252,#7254);
#7256=EDGE_CURVE('',#7220,#7251,#7255,.T.);
#7257=ORIENTED_EDGE('',*,*,#7256,.T.);
#7258=CARTESIAN_POINT('',(3.250000000000001,2.699999999999998,0.0));
#7259=VERTEX_POINT('',#7258);
#7260=CARTESIAN_POINT('',(3.250000000000001,2.699999999999998,0.0));
#7261=DIRECTION('',(0.0,0.0,1.0));
#7262=VECTOR('',#7261,50.0);
#7263=LINE('',#7260,#7262);
#7264=EDGE_CURVE('',#7259,#7251,#7263,.T.);
#7265=ORIENTED_EDGE('',*,*,#7264,.F.);
#7266=CARTESIAN_POINT('',(3.250000000000001,2.699999999999998,0.0));
#7267=DIRECTION('',(0.0,1.0,0.0));
#7268=VECTOR('',#7267,0.300000000000001);
#7269=LINE('',#7266,#7268);
#7270=EDGE_CURVE('',#7259,#7228,#7269,.T.);
#7271=ORIENTED_EDGE('',*,*,#7270,.T.);
#7272=ORIENTED_EDGE('',*,*,#7233,.T.);
#7273=EDGE_LOOP('',(#7257,#7265,#7271,#7272));
#7274=FACE_OUTER_BOUND('',#7273,.T.);
#7275=ADVANCED_FACE('',(#7274),#7249,.T.);
#7276=CARTESIAN_POINT('',(3.250000000000001,2.699999999999998,0.0));
#7277=DIRECTION('',(0.0,1.0,0.0));
#7278=DIRECTION('',(0.0,0.0,1.0));
#7279=AXIS2_PLACEMENT_3D('',#7276,#7277,#7278);
#7280=PLANE('',#7279);
#7281=CARTESIAN_POINT('',(3.75,2.699999999999998,50.0));
#7282=VERTEX_POINT('',#7281);
#7283=CARTESIAN_POINT('',(3.25,2.699999999999998,50.0));
#7284=DIRECTION('',(1.0,0.0,0.0));
#7285=VECTOR('',#7284,0.5);
#7286=LINE('',#7283,#7285);
#7287=EDGE_CURVE('',#7251,#7282,#7286,.T.);
#7288=ORIENTED_EDGE('',*,*,#7287,.T.);
#7289=CARTESIAN_POINT('',(3.75,2.699999999999998,0.0));
#7290=VERTEX_POINT('',#7289);
#7291=CARTESIAN_POINT('',(3.75,2.699999999999998,0.0));
#7292=DIRECTION('',(0.0,0.0,1.0));
#7293=VECTOR('',#7292,50.0);
#7294=LINE('',#7291,#7293);
#7295=EDGE_CURVE('',#7290,#7282,#7294,.T.);
#7296=ORIENTED_EDGE('',*,*,#7295,.F.);
#7297=CARTESIAN_POINT('',(3.75,2.699999999999998,0.0));
#7298=DIRECTION('',(-1.0,0.0,0.0));
#7299=VECTOR('',#7298,0.5);
#7300=LINE('',#7297,#7299);
#7301=EDGE_CURVE('',#7290,#7259,#7300,.T.);
#7302=ORIENTED_EDGE('',*,*,#7301,.T.);
#7303=ORIENTED_EDGE('',*,*,#7264,.T.);
#7304=EDGE_LOOP('',(#7288,#7296,#7302,#7303));
#7305=FACE_OUTER_BOUND('',#7304,.T.);
#7306=ADVANCED_FACE('',(#7305),#7280,.T.);
#7307=CARTESIAN_POINT('',(3.75,2.699999999999998,0.0));
#7308=DIRECTION('',(-1.0,0.0,0.0));
#7309=DIRECTION('',(0.0,0.0,1.0));
#7310=AXIS2_PLACEMENT_3D('',#7307,#7308,#7309);
#7311=PLANE('',#7310);
#7312=CARTESIAN_POINT('',(3.75,2.999999999999996,50.0));
#7313=VERTEX_POINT('',#7312);
#7314=CARTESIAN_POINT('',(3.75,2.699999999999998,50.0));
#7315=DIRECTION('',(0.0,1.0,0.0));
#7316=VECTOR('',#7315,0.299999999999998);
#7317=LINE('',#7314,#7316);
#7318=EDGE_CURVE('',#7282,#7313,#7317,.T.);
#7319=ORIENTED_EDGE('',*,*,#7318,.T.);
#7320=CARTESIAN_POINT('',(3.75,2.999999999999996,0.0));
#7321=VERTEX_POINT('',#7320);
#7322=CARTESIAN_POINT('',(3.75,2.999999999999996,0.0));
#7323=DIRECTION('',(0.0,0.0,1.0));
#7324=VECTOR('',#7323,50.0);
#7325=LINE('',#7322,#7324);
#7326=EDGE_CURVE('',#7321,#7313,#7325,.T.);
#7327=ORIENTED_EDGE('',*,*,#7326,.F.);
#7328=CARTESIAN_POINT('',(3.75,2.999999999999996,0.0));
#7329=DIRECTION('',(0.0,-1.0,0.0));
#7330=VECTOR('',#7329,0.299999999999998);
#7331=LINE('',#7328,#7330);
#7332=EDGE_CURVE('',#7321,#7290,#7331,.T.);
#7333=ORIENTED_EDGE('',*,*,#7332,.T.);
#7334=ORIENTED_EDGE('',*,*,#7295,.T.);
#7335=EDGE_LOOP('',(#7319,#7327,#7333,#7334));
#7336=FACE_OUTER_BOUND('',#7335,.T.);
#7337=ADVANCED_FACE('',(#7336),#7311,.T.);
#7338=CARTESIAN_POINT('',(3.999999999999999,3.0,0.0));
#7339=DIRECTION('',(0.0,1.0,0.0));
#7340=DIRECTION('',(0.0,0.0,1.0));
#7341=AXIS2_PLACEMENT_3D('',#7338,#7339,#7340);
#7342=PLANE('',#7341);
#7343=CARTESIAN_POINT('',(4.25,2.999999999999998,50.0));
#7344=VERTEX_POINT('',#7343);
#7345=CARTESIAN_POINT('',(3.75,3.000000000000003,50.0));
#7346=DIRECTION('',(1.0,0.0,0.0));
#7347=VECTOR('',#7346,0.5);
#7348=LINE('',#7345,#7347);
#7349=EDGE_CURVE('',#7313,#7344,#7348,.T.);
#7350=ORIENTED_EDGE('',*,*,#7349,.T.);
#7351=CARTESIAN_POINT('',(4.25,2.999999999999998,0.0));
#7352=VERTEX_POINT('',#7351);
#7353=CARTESIAN_POINT('',(4.25,2.999999999999998,0.0));
#7354=DIRECTION('',(0.0,0.0,1.0));
#7355=VECTOR('',#7354,50.0);
#7356=LINE('',#7353,#7355);
#7357=EDGE_CURVE('',#7352,#7344,#7356,.T.);
#7358=ORIENTED_EDGE('',*,*,#7357,.F.);
#7359=CARTESIAN_POINT('',(4.25,2.999999999999998,0.0));
#7360=DIRECTION('',(-1.0,0.0,0.0));
#7361=VECTOR('',#7360,0.5);
#7362=LINE('',#7359,#7361);
#7363=EDGE_CURVE('',#7352,#7321,#7362,.T.);
#7364=ORIENTED_EDGE('',*,*,#7363,.T.);
#7365=ORIENTED_EDGE('',*,*,#7326,.T.);
#7366=EDGE_LOOP('',(#7350,#7358,#7364,#7365));
#7367=FACE_OUTER_BOUND('',#7366,.T.);
#7368=ADVANCED_FACE('',(#7367),#7342,.T.);
#7369=CARTESIAN_POINT('',(4.25,2.999999999999998,0.0));
#7370=DIRECTION('',(1.0,0.0,0.0));
#7371=DIRECTION('',(0.0,0.0,-1.0));
#7372=AXIS2_PLACEMENT_3D('',#7369,#7370,#7371);
#7373=PLANE('',#7372);
#7374=CARTESIAN_POINT('',(4.25,2.699999999999998,50.0));
#7375=VERTEX_POINT('',#7374);
#7376=CARTESIAN_POINT('',(4.25,2.999999999999998,50.0));
#7377=DIRECTION('',(0.0,-1.0,0.0));
#7378=VECTOR('',#7377,0.300000000000001);
#7379=LINE('',#7376,#7378);
#7380=EDGE_CURVE('',#7344,#7375,#7379,.T.);
#7381=ORIENTED_EDGE('',*,*,#7380,.T.);
#7382=CARTESIAN_POINT('',(4.25,2.699999999999998,0.0));
#7383=VERTEX_POINT('',#7382);
#7384=CARTESIAN_POINT('',(4.25,2.699999999999998,0.0));
#7385=DIRECTION('',(0.0,0.0,1.0));
#7386=VECTOR('',#7385,50.0);
#7387=LINE('',#7384,#7386);
#7388=EDGE_CURVE('',#7383,#7375,#7387,.T.);
#7389=ORIENTED_EDGE('',*,*,#7388,.F.);
#7390=CARTESIAN_POINT('',(4.25,2.699999999999998,0.0));
#7391=DIRECTION('',(0.0,1.0,0.0));
#7392=VECTOR('',#7391,0.300000000000001);
#7393=LINE('',#7390,#7392);
#7394=EDGE_CURVE('',#7383,#7352,#7393,.T.);
#7395=ORIENTED_EDGE('',*,*,#7394,.T.);
#7396=ORIENTED_EDGE('',*,*,#7357,.T.);
#7397=EDGE_LOOP('',(#7381,#7389,#7395,#7396));
#7398=FACE_OUTER_BOUND('',#7397,.T.);
#7399=ADVANCED_FACE('',(#7398),#7373,.T.);
#7400=CARTESIAN_POINT('',(4.25,2.699999999999998,0.0));
#7401=DIRECTION('',(0.0,1.0,0.0));
#7402=DIRECTION('',(0.0,0.0,1.0));
#7403=AXIS2_PLACEMENT_3D('',#7400,#7401,#7402);
#7404=PLANE('',#7403);
#7405=CARTESIAN_POINT('',(4.75,2.699999999999998,50.0));
#7406=VERTEX_POINT('',#7405);
#7407=CARTESIAN_POINT('',(4.25,2.699999999999998,50.0));
#7408=DIRECTION('',(1.0,0.0,0.0));
#7409=VECTOR('',#7408,0.5);
#7410=LINE('',#7407,#7409);
#7411=EDGE_CURVE('',#7375,#7406,#7410,.T.);
#7412=ORIENTED_EDGE('',*,*,#7411,.T.);
#7413=CARTESIAN_POINT('',(4.75,2.699999999999998,0.0));
#7414=VERTEX_POINT('',#7413);
#7415=CARTESIAN_POINT('',(4.75,2.699999999999998,0.0));
#7416=DIRECTION('',(0.0,0.0,1.0));
#7417=VECTOR('',#7416,50.0);
#7418=LINE('',#7415,#7417);
#7419=EDGE_CURVE('',#7414,#7406,#7418,.T.);
#7420=ORIENTED_EDGE('',*,*,#7419,.F.);
#7421=CARTESIAN_POINT('',(4.75,2.699999999999998,0.0));
#7422=DIRECTION('',(-1.0,0.0,0.0));
#7423=VECTOR('',#7422,0.5);
#7424=LINE('',#7421,#7423);
#7425=EDGE_CURVE('',#7414,#7383,#7424,.T.);
#7426=ORIENTED_EDGE('',*,*,#7425,.T.);
#7427=ORIENTED_EDGE('',*,*,#7388,.T.);
#7428=EDGE_LOOP('',(#7412,#7420,#7426,#7427));
#7429=FACE_OUTER_BOUND('',#7428,.T.);
#7430=ADVANCED_FACE('',(#7429),#7404,.T.);
#7431=CARTESIAN_POINT('',(4.75,2.699999999999998,0.0));
#7432=DIRECTION('',(-1.0,0.0,0.0));
#7433=DIRECTION('',(0.0,0.0,1.0));
#7434=AXIS2_PLACEMENT_3D('',#7431,#7432,#7433);
#7435=PLANE('',#7434);
#7436=CARTESIAN_POINT('',(4.75,2.999999999999996,50.0));
#7437=VERTEX_POINT('',#7436);
#7438=CARTESIAN_POINT('',(4.750000000000001,2.699999999999998,50.0));
#7439=DIRECTION('',(0.0,1.0,0.0));
#7440=VECTOR('',#7439,0.299999999999998);
#7441=LINE('',#7438,#7440);
#7442=EDGE_CURVE('',#7406,#7437,#7441,.T.);
#7443=ORIENTED_EDGE('',*,*,#7442,.T.);
#7444=CARTESIAN_POINT('',(4.75,2.999999999999996,0.0));
#7445=VERTEX_POINT('',#7444);
#7446=CARTESIAN_POINT('',(4.75,2.999999999999996,0.0));
#7447=DIRECTION('',(0.0,0.0,1.0));
#7448=VECTOR('',#7447,50.0);
#7449=LINE('',#7446,#7448);
#7450=EDGE_CURVE('',#7445,#7437,#7449,.T.);
#7451=ORIENTED_EDGE('',*,*,#7450,.F.);
#7452=CARTESIAN_POINT('',(4.75,2.999999999999996,0.0));
#7453=DIRECTION('',(0.0,-1.0,0.0));
#7454=VECTOR('',#7453,0.299999999999998);
#7455=LINE('',#7452,#7454);
#7456=EDGE_CURVE('',#7445,#7414,#7455,.T.);
#7457=ORIENTED_EDGE('',*,*,#7456,.T.);
#7458=ORIENTED_EDGE('',*,*,#7419,.T.);
#7459=EDGE_LOOP('',(#7443,#7451,#7457,#7458));
#7460=FACE_OUTER_BOUND('',#7459,.T.);
#7461=ADVANCED_FACE('',(#7460),#7435,.T.);
#7462=CARTESIAN_POINT('',(4.999999999999999,3.0,0.0));
#7463=DIRECTION('',(0.0,1.0,0.0));
#7464=DIRECTION('',(0.0,0.0,1.0));
#7465=AXIS2_PLACEMENT_3D('',#7462,#7463,#7464);
#7466=PLANE('',#7465);
#7467=CARTESIAN_POINT('',(5.25,2.999999999999998,50.0));
#7468=VERTEX_POINT('',#7467);
#7469=CARTESIAN_POINT('',(4.75,3.000000000000003,50.0));
#7470=DIRECTION('',(1.0,0.0,0.0));
#7471=VECTOR('',#7470,0.5);
#7472=LINE('',#7469,#7471);
#7473=EDGE_CURVE('',#7437,#7468,#7472,.T.);
#7474=ORIENTED_EDGE('',*,*,#7473,.T.);
#7475=CARTESIAN_POINT('',(5.25,2.999999999999998,0.0));
#7476=VERTEX_POINT('',#7475);
#7477=CARTESIAN_POINT('',(5.25,2.999999999999998,0.0));
#7478=DIRECTION('',(0.0,0.0,1.0));
#7479=VECTOR('',#7478,50.0);
#7480=LINE('',#7477,#7479);
#7481=EDGE_CURVE('',#7476,#7468,#7480,.T.);
#7482=ORIENTED_EDGE('',*,*,#7481,.F.);
#7483=CARTESIAN_POINT('',(5.25,2.999999999999998,0.0));
#7484=DIRECTION('',(-1.0,0.0,0.0));
#7485=VECTOR('',#7484,0.5);
#7486=LINE('',#7483,#7485);
#7487=EDGE_CURVE('',#7476,#7445,#7486,.T.);
#7488=ORIENTED_EDGE('',*,*,#7487,.T.);
#7489=ORIENTED_EDGE('',*,*,#7450,.T.);
#7490=EDGE_LOOP('',(#7474,#7482,#7488,#7489));
#7491=FACE_OUTER_BOUND('',#7490,.T.);
#7492=ADVANCED_FACE('',(#7491),#7466,.T.);
#7493=CARTESIAN_POINT('',(5.25,2.999999999999998,0.0));
#7494=DIRECTION('',(1.0,0.0,0.0));
#7495=DIRECTION('',(0.0,0.0,-1.0));
#7496=AXIS2_PLACEMENT_3D('',#7493,#7494,#7495);
#7497=PLANE('',#7496);
#7498=CARTESIAN_POINT('',(5.25,2.699999999999998,50.0));
#7499=VERTEX_POINT('',#7498);
#7500=CARTESIAN_POINT('',(5.25,2.999999999999998,50.0));
#7501=DIRECTION('',(0.0,-1.0,0.0));
#7502=VECTOR('',#7501,0.300000000000001);
#7503=LINE('',#7500,#7502);
#7504=EDGE_CURVE('',#7468,#7499,#7503,.T.);
#7505=ORIENTED_EDGE('',*,*,#7504,.T.);
#7506=CARTESIAN_POINT('',(5.25,2.699999999999998,0.0));
#7507=VERTEX_POINT('',#7506);
#7508=CARTESIAN_POINT('',(5.25,2.699999999999998,0.0));
#7509=DIRECTION('',(0.0,0.0,1.0));
#7510=VECTOR('',#7509,50.0);
#7511=LINE('',#7508,#7510);
#7512=EDGE_CURVE('',#7507,#7499,#7511,.T.);
#7513=ORIENTED_EDGE('',*,*,#7512,.F.);
#7514=CARTESIAN_POINT('',(5.25,2.699999999999998,0.0));
#7515=DIRECTION('',(0.0,1.0,0.0));
#7516=VECTOR('',#7515,0.300000000000001);
#7517=LINE('',#7514,#7516);
#7518=EDGE_CURVE('',#7507,#7476,#7517,.T.);
#7519=ORIENTED_EDGE('',*,*,#7518,.T.);
#7520=ORIENTED_EDGE('',*,*,#7481,.T.);
#7521=EDGE_LOOP('',(#7505,#7513,#7519,#7520));
#7522=FACE_OUTER_BOUND('',#7521,.T.);
#7523=ADVANCED_FACE('',(#7522),#7497,.T.);
#7524=CARTESIAN_POINT('',(5.25,2.699999999999998,0.0));
#7525=DIRECTION('',(0.0,1.0,0.0));
#7526=DIRECTION('',(0.0,0.0,1.0));
#7527=AXIS2_PLACEMENT_3D('',#7524,#7525,#7526);
#7528=PLANE('',#7527);
#7529=CARTESIAN_POINT('',(5.75,2.699999999999998,50.0));
#7530=VERTEX_POINT('',#7529);
#7531=CARTESIAN_POINT('',(5.250000000000001,2.699999999999998,50.0));
#7532=DIRECTION('',(1.0,0.0,0.0));
#7533=VECTOR('',#7532,0.499999999999999);
#7534=LINE('',#7531,#7533);
#7535=EDGE_CURVE('',#7499,#7530,#7534,.T.);
#7536=ORIENTED_EDGE('',*,*,#7535,.T.);
#7537=CARTESIAN_POINT('',(5.75,2.699999999999998,0.0));
#7538=VERTEX_POINT('',#7537);
#7539=CARTESIAN_POINT('',(5.75,2.699999999999998,0.0));
#7540=DIRECTION('',(0.0,0.0,1.0));
#7541=VECTOR('',#7540,50.0);
#7542=LINE('',#7539,#7541);
#7543=EDGE_CURVE('',#7538,#7530,#7542,.T.);
#7544=ORIENTED_EDGE('',*,*,#7543,.F.);
#7545=CARTESIAN_POINT('',(5.75,2.699999999999998,0.0));
#7546=DIRECTION('',(-1.0,0.0,0.0));
#7547=VECTOR('',#7546,0.499999999999999);
#7548=LINE('',#7545,#7547);
#7549=EDGE_CURVE('',#7538,#7507,#7548,.T.);
#7550=ORIENTED_EDGE('',*,*,#7549,.T.);
#7551=ORIENTED_EDGE('',*,*,#7512,.T.);
#7552=EDGE_LOOP('',(#7536,#7544,#7550,#7551));
#7553=FACE_OUTER_BOUND('',#7552,.T.);
#7554=ADVANCED_FACE('',(#7553),#7528,.T.);
#7555=CARTESIAN_POINT('',(5.75,2.699999999999998,0.0));
#7556=DIRECTION('',(-1.0,0.0,0.0));
#7557=DIRECTION('',(0.0,0.0,1.0));
#7558=AXIS2_PLACEMENT_3D('',#7555,#7556,#7557);
#7559=PLANE('',#7558);
#7560=CARTESIAN_POINT('',(5.75,2.999999999999996,50.0));
#7561=VERTEX_POINT('',#7560);
#7562=CARTESIAN_POINT('',(5.75,2.699999999999998,50.0));
#7563=DIRECTION('',(0.0,1.0,0.0));
#7564=VECTOR('',#7563,0.299999999999998);
#7565=LINE('',#7562,#7564);
#7566=EDGE_CURVE('',#7530,#7561,#7565,.T.);
#7567=ORIENTED_EDGE('',*,*,#7566,.T.);
#7568=CARTESIAN_POINT('',(5.75,2.999999999999996,0.0));
#7569=VERTEX_POINT('',#7568);
#7570=CARTESIAN_POINT('',(5.75,2.999999999999996,0.0));
#7571=DIRECTION('',(0.0,0.0,1.0));
#7572=VECTOR('',#7571,50.0);
#7573=LINE('',#7570,#7572);
#7574=EDGE_CURVE('',#7569,#7561,#7573,.T.);
#7575=ORIENTED_EDGE('',*,*,#7574,.F.);
#7576=CARTESIAN_POINT('',(5.75,2.999999999999996,0.0));
#7577=DIRECTION('',(0.0,-1.0,0.0));
#7578=VECTOR('',#7577,0.299999999999998);
#7579=LINE('',#7576,#7578);
#7580=EDGE_CURVE('',#7569,#7538,#7579,.T.);
#7581=ORIENTED_EDGE('',*,*,#7580,.T.);
#7582=ORIENTED_EDGE('',*,*,#7543,.T.);
#7583=EDGE_LOOP('',(#7567,#7575,#7581,#7582));
#7584=FACE_OUTER_BOUND('',#7583,.T.);
#7585=ADVANCED_FACE('',(#7584),#7559,.T.);
#7586=CARTESIAN_POINT('',(6.0,3.0,0.0));
#7587=DIRECTION('',(0.0,1.0,0.0));
#7588=DIRECTION('',(0.0,0.0,1.0));
#7589=AXIS2_PLACEMENT_3D('',#7586,#7587,#7588);
#7590=PLANE('',#7589);
#7591=CARTESIAN_POINT('',(6.250000000000001,2.999999999999998,50.0));
#7592=VERTEX_POINT('',#7591);
#7593=CARTESIAN_POINT('',(5.749999999999999,3.000000000000003,50.0));
#7594=DIRECTION('',(1.0,0.0,0.0));
#7595=VECTOR('',#7594,0.500000000000002);
#7596=LINE('',#7593,#7595);
#7597=EDGE_CURVE('',#7561,#7592,#7596,.T.);
#7598=ORIENTED_EDGE('',*,*,#7597,.T.);
#7599=CARTESIAN_POINT('',(6.250000000000001,2.999999999999998,0.0));
#7600=VERTEX_POINT('',#7599);
#7601=CARTESIAN_POINT('',(6.250000000000001,2.999999999999998,0.0));
#7602=DIRECTION('',(0.0,0.0,1.0));
#7603=VECTOR('',#7602,50.0);
#7604=LINE('',#7601,#7603);
#7605=EDGE_CURVE('',#7600,#7592,#7604,.T.);
#7606=ORIENTED_EDGE('',*,*,#7605,.F.);
#7607=CARTESIAN_POINT('',(6.250000000000001,2.999999999999998,0.0));
#7608=DIRECTION('',(-1.0,0.0,0.0));
#7609=VECTOR('',#7608,0.500000000000002);
#7610=LINE('',#7607,#7609);
#7611=EDGE_CURVE('',#7600,#7569,#7610,.T.);
#7612=ORIENTED_EDGE('',*,*,#7611,.T.);
#7613=ORIENTED_EDGE('',*,*,#7574,.T.);
#7614=EDGE_LOOP('',(#7598,#7606,#7612,#7613));
#7615=FACE_OUTER_BOUND('',#7614,.T.);
#7616=ADVANCED_FACE('',(#7615),#7590,.T.);
#7617=CARTESIAN_POINT('',(6.250000000000001,2.999999999999998,0.0));
#7618=DIRECTION('',(1.0,0.0,0.0));
#7619=DIRECTION('',(0.0,0.0,-1.0));
#7620=AXIS2_PLACEMENT_3D('',#7617,#7618,#7619);
#7621=PLANE('',#7620);
#7622=CARTESIAN_POINT('',(6.250000000000001,2.699999999999998,50.0));
#7623=VERTEX_POINT('',#7622);
#7624=CARTESIAN_POINT('',(6.250000000000001,2.999999999999998,50.0));
#7625=DIRECTION('',(0.0,-1.0,0.0));
#7626=VECTOR('',#7625,0.300000000000001);
#7627=LINE('',#7624,#7626);
#7628=EDGE_CURVE('',#7592,#7623,#7627,.T.);
#7629=ORIENTED_EDGE('',*,*,#7628,.T.);
#7630=CARTESIAN_POINT('',(6.250000000000001,2.699999999999998,0.0));
#7631=VERTEX_POINT('',#7630);
#7632=CARTESIAN_POINT('',(6.250000000000001,2.699999999999998,0.0));
#7633=DIRECTION('',(0.0,0.0,1.0));
#7634=VECTOR('',#7633,50.0);
#7635=LINE('',#7632,#7634);
#7636=EDGE_CURVE('',#7631,#7623,#7635,.T.);
#7637=ORIENTED_EDGE('',*,*,#7636,.F.);
#7638=CARTESIAN_POINT('',(6.250000000000001,2.699999999999998,0.0));
#7639=DIRECTION('',(0.0,1.0,0.0));
#7640=VECTOR('',#7639,0.300000000000001);
#7641=LINE('',#7638,#7640);
#7642=EDGE_CURVE('',#7631,#7600,#7641,.T.);
#7643=ORIENTED_EDGE('',*,*,#7642,.T.);
#7644=ORIENTED_EDGE('',*,*,#7605,.T.);
#7645=EDGE_LOOP('',(#7629,#7637,#7643,#7644));
#7646=FACE_OUTER_BOUND('',#7645,.T.);
#7647=ADVANCED_FACE('',(#7646),#7621,.T.);
#7648=CARTESIAN_POINT('',(6.250000000000001,2.699999999999998,0.0));
#7649=DIRECTION('',(0.0,1.0,0.0));
#7650=DIRECTION('',(0.0,0.0,1.0));
#7651=AXIS2_PLACEMENT_3D('',#7648,#7649,#7650);
#7652=PLANE('',#7651);
#7653=CARTESIAN_POINT('',(6.75,2.699999999999998,50.0));
#7654=VERTEX_POINT('',#7653);
#7655=CARTESIAN_POINT('',(6.250000000000001,2.699999999999998,50.0));
#7656=DIRECTION('',(1.0,0.0,0.0));
#7657=VECTOR('',#7656,0.499999999999999);
#7658=LINE('',#7655,#7657);
#7659=EDGE_CURVE('',#7623,#7654,#7658,.T.);
#7660=ORIENTED_EDGE('',*,*,#7659,.T.);
#7661=CARTESIAN_POINT('',(6.75,2.699999999999998,0.0));
#7662=VERTEX_POINT('',#7661);
#7663=CARTESIAN_POINT('',(6.75,2.699999999999998,0.0));
#7664=DIRECTION('',(0.0,0.0,1.0));
#7665=VECTOR('',#7664,50.0);
#7666=LINE('',#7663,#7665);
#7667=EDGE_CURVE('',#7662,#7654,#7666,.T.);
#7668=ORIENTED_EDGE('',*,*,#7667,.F.);
#7669=CARTESIAN_POINT('',(6.75,2.699999999999998,0.0));
#7670=DIRECTION('',(-1.0,0.0,0.0));
#7671=VECTOR('',#7670,0.499999999999999);
#7672=LINE('',#7669,#7671);
#7673=EDGE_CURVE('',#7662,#7631,#7672,.T.);
#7674=ORIENTED_EDGE('',*,*,#7673,.T.);
#7675=ORIENTED_EDGE('',*,*,#7636,.T.);
#7676=EDGE_LOOP('',(#7660,#7668,#7674,#7675));
#7677=FACE_OUTER_BOUND('',#7676,.T.);
#7678=ADVANCED_FACE('',(#7677),#7652,.T.);
#7679=CARTESIAN_POINT('',(6.75,2.699999999999998,0.0));
#7680=DIRECTION('',(-1.0,0.0,0.0));
#7681=DIRECTION('',(0.0,0.0,1.0));
#7682=AXIS2_PLACEMENT_3D('',#7679,#7680,#7681);
#7683=PLANE('',#7682);
#7684=CARTESIAN_POINT('',(6.75,2.999999999999996,50.0));
#7685=VERTEX_POINT('',#7684);
#7686=CARTESIAN_POINT('',(6.75,2.699999999999998,50.0));
#7687=DIRECTION('',(0.0,1.0,0.0));
#7688=VECTOR('',#7687,0.299999999999998);
#7689=LINE('',#7686,#7688);
#7690=EDGE_CURVE('',#7654,#7685,#7689,.T.);
#7691=ORIENTED_EDGE('',*,*,#7690,.T.);
#7692=CARTESIAN_POINT('',(6.75,2.999999999999996,0.0));
#7693=VERTEX_POINT('',#7692);
#7694=CARTESIAN_POINT('',(6.75,2.999999999999996,0.0));
#7695=DIRECTION('',(0.0,0.0,1.0));
#7696=VECTOR('',#7695,50.0);
#7697=LINE('',#7694,#7696);
#7698=EDGE_CURVE('',#7693,#7685,#7697,.T.);
#7699=ORIENTED_EDGE('',*,*,#7698,.F.);
#7700=CARTESIAN_POINT('',(6.75,2.999999999999996,0.0));
#7701=DIRECTION('',(0.0,-1.0,0.0));
#7702=VECTOR('',#7701,0.299999999999998);
#7703=LINE('',#7700,#7702);
#7704=EDGE_CURVE('',#7693,#7662,#7703,.T.);
#7705=ORIENTED_EDGE('',*,*,#7704,.T.);
#7706=ORIENTED_EDGE('',*,*,#7667,.T.);
#7707=EDGE_LOOP('',(#7691,#7699,#7705,#7706));
#7708=FACE_OUTER_BOUND('',#7707,.T.);
#7709=ADVANCED_FACE('',(#7708),#7683,.T.);
#7710=CARTESIAN_POINT('',(7.0,3.0,0.0));
#7711=DIRECTION('',(0.0,1.0,0.0));
#7712=DIRECTION('',(0.0,0.0,1.0));
#7713=AXIS2_PLACEMENT_3D('',#7710,#7711,#7712);
#7714=PLANE('',#7713);
#7715=CARTESIAN_POINT('',(7.250000000000001,2.999999999999998,50.0));
#7716=VERTEX_POINT('',#7715);
#7717=CARTESIAN_POINT('',(6.75,3.000000000000003,50.0));
#7718=DIRECTION('',(1.0,0.0,0.0));
#7719=VECTOR('',#7718,0.500000000000001);
#7720=LINE('',#7717,#7719);
#7721=EDGE_CURVE('',#7685,#7716,#7720,.T.);
#7722=ORIENTED_EDGE('',*,*,#7721,.T.);
#7723=CARTESIAN_POINT('',(7.250000000000001,2.999999999999998,0.0));
#7724=VERTEX_POINT('',#7723);
#7725=CARTESIAN_POINT('',(7.250000000000001,2.999999999999998,0.0));
#7726=DIRECTION('',(0.0,0.0,1.0));
#7727=VECTOR('',#7726,50.0);
#7728=LINE('',#7725,#7727);
#7729=EDGE_CURVE('',#7724,#7716,#7728,.T.);
#7730=ORIENTED_EDGE('',*,*,#7729,.F.);
#7731=CARTESIAN_POINT('',(7.250000000000001,2.999999999999998,0.0));
#7732=DIRECTION('',(-1.0,0.0,0.0));
#7733=VECTOR('',#7732,0.500000000000001);
#7734=LINE('',#7731,#7733);
#7735=EDGE_CURVE('',#7724,#7693,#7734,.T.);
#7736=ORIENTED_EDGE('',*,*,#7735,.T.);
#7737=ORIENTED_EDGE('',*,*,#7698,.T.);
#7738=EDGE_LOOP('',(#7722,#7730,#7736,#7737));
#7739=FACE_OUTER_BOUND('',#7738,.T.);
#7740=ADVANCED_FACE('',(#7739),#7714,.T.);
#7741=CARTESIAN_POINT('',(7.250000000000001,2.999999999999998,0.0));
#7742=DIRECTION('',(1.0,0.0,0.0));
#7743=DIRECTION('',(0.0,0.0,-1.0));
#7744=AXIS2_PLACEMENT_3D('',#7741,#7742,#7743);
#7745=PLANE('',#7744);
#7746=CARTESIAN_POINT('',(7.250000000000001,2.699999999999998,50.0));
#7747=VERTEX_POINT('',#7746);
#7748=CARTESIAN_POINT('',(7.250000000000001,2.999999999999998,50.0));
#7749=DIRECTION('',(0.0,-1.0,0.0));
#7750=VECTOR('',#7749,0.300000000000001);
#7751=LINE('',#7748,#7750);
#7752=EDGE_CURVE('',#7716,#7747,#7751,.T.);
#7753=ORIENTED_EDGE('',*,*,#7752,.T.);
#7754=CARTESIAN_POINT('',(7.250000000000001,2.699999999999998,0.0));
#7755=VERTEX_POINT('',#7754);
#7756=CARTESIAN_POINT('',(7.250000000000001,2.699999999999998,0.0));
#7757=DIRECTION('',(0.0,0.0,1.0));
#7758=VECTOR('',#7757,50.0);
#7759=LINE('',#7756,#7758);
#7760=EDGE_CURVE('',#7755,#7747,#7759,.T.);
#7761=ORIENTED_EDGE('',*,*,#7760,.F.);
#7762=CARTESIAN_POINT('',(7.250000000000001,2.699999999999998,0.0));
#7763=DIRECTION('',(0.0,1.0,0.0));
#7764=VECTOR('',#7763,0.300000000000001);
#7765=LINE('',#7762,#7764);
#7766=EDGE_CURVE('',#7755,#7724,#7765,.T.);
#7767=ORIENTED_EDGE('',*,*,#7766,.T.);
#7768=ORIENTED_EDGE('',*,*,#7729,.T.);
#7769=EDGE_LOOP('',(#7753,#7761,#7767,#7768));
#7770=FACE_OUTER_BOUND('',#7769,.T.);
#7771=ADVANCED_FACE('',(#7770),#7745,.T.);
#7772=CARTESIAN_POINT('',(7.250000000000001,2.699999999999998,0.0));
#7773=DIRECTION('',(0.0,1.0,0.0));
#7774=DIRECTION('',(0.0,0.0,1.0));
#7775=AXIS2_PLACEMENT_3D('',#7772,#7773,#7774);
#7776=PLANE('',#7775);
#7777=CARTESIAN_POINT('',(7.750000000000002,2.699999999999998,50.0));
#7778=VERTEX_POINT('',#7777);
#7779=CARTESIAN_POINT('',(7.250000000000002,2.699999999999998,50.0));
#7780=DIRECTION('',(1.0,0.0,0.0));
#7781=VECTOR('',#7780,0.5);
#7782=LINE('',#7779,#7781);
#7783=EDGE_CURVE('',#7747,#7778,#7782,.T.);
#7784=ORIENTED_EDGE('',*,*,#7783,.T.);
#7785=CARTESIAN_POINT('',(7.750000000000002,2.699999999999998,0.0));
#7786=VERTEX_POINT('',#7785);
#7787=CARTESIAN_POINT('',(7.750000000000002,2.699999999999998,0.0));
#7788=DIRECTION('',(0.0,0.0,1.0));
#7789=VECTOR('',#7788,50.0);
#7790=LINE('',#7787,#7789);
#7791=EDGE_CURVE('',#7786,#7778,#7790,.T.);
#7792=ORIENTED_EDGE('',*,*,#7791,.F.);
#7793=CARTESIAN_POINT('',(7.750000000000002,2.699999999999998,0.0));
#7794=DIRECTION('',(-1.0,0.0,0.0));
#7795=VECTOR('',#7794,0.5);
#7796=LINE('',#7793,#7795);
#7797=EDGE_CURVE('',#7786,#7755,#7796,.T.);
#7798=ORIENTED_EDGE('',*,*,#7797,.T.);
#7799=ORIENTED_EDGE('',*,*,#7760,.T.);
#7800=EDGE_LOOP('',(#7784,#7792,#7798,#7799));
#7801=FACE_OUTER_BOUND('',#7800,.T.);
#7802=ADVANCED_FACE('',(#7801),#7776,.T.);
#7803=CARTESIAN_POINT('',(7.750000000000002,2.699999999999998,0.0));
#7804=DIRECTION('',(-1.0,0.0,0.0));
#7805=DIRECTION('',(0.0,0.0,1.0));
#7806=AXIS2_PLACEMENT_3D('',#7803,#7804,#7805);
#7807=PLANE('',#7806);
#7808=CARTESIAN_POINT('',(7.75,2.999999999999996,50.0));
#7809=VERTEX_POINT('',#7808);
#7810=CARTESIAN_POINT('',(7.750000000000001,2.699999999999998,50.0));
#7811=DIRECTION('',(0.0,1.0,0.0));
#7812=VECTOR('',#7811,0.299999999999998);
#7813=LINE('',#7810,#7812);
#7814=EDGE_CURVE('',#7778,#7809,#7813,.T.);
#7815=ORIENTED_EDGE('',*,*,#7814,.T.);
#7816=CARTESIAN_POINT('',(7.75,2.999999999999996,0.0));
#7817=VERTEX_POINT('',#7816);
#7818=CARTESIAN_POINT('',(7.75,2.999999999999996,0.0));
#7819=DIRECTION('',(0.0,0.0,1.0));
#7820=VECTOR('',#7819,50.0);
#7821=LINE('',#7818,#7820);
#7822=EDGE_CURVE('',#7817,#7809,#7821,.T.);
#7823=ORIENTED_EDGE('',*,*,#7822,.F.);
#7824=CARTESIAN_POINT('',(7.75,2.999999999999996,0.0));
#7825=DIRECTION('',(0.0,-1.0,0.0));
#7826=VECTOR('',#7825,0.299999999999998);
#7827=LINE('',#7824,#7826);
#7828=EDGE_CURVE('',#7817,#7786,#7827,.T.);
#7829=ORIENTED_EDGE('',*,*,#7828,.T.);
#7830=ORIENTED_EDGE('',*,*,#7791,.T.);
#7831=EDGE_LOOP('',(#7815,#7823,#7829,#7830));
#7832=FACE_OUTER_BOUND('',#7831,.T.);
#7833=ADVANCED_FACE('',(#7832),#7807,.T.);
#7834=CARTESIAN_POINT('',(7.999999999999999,3.0,0.0));
#7835=DIRECTION('',(0.0,1.0,0.0));
#7836=DIRECTION('',(0.0,0.0,1.0));
#7837=AXIS2_PLACEMENT_3D('',#7834,#7835,#7836);
#7838=PLANE('',#7837);
#7839=CARTESIAN_POINT('',(8.25,2.999999999999998,50.0));
#7840=VERTEX_POINT('',#7839);
#7841=CARTESIAN_POINT('',(7.75,3.000000000000003,50.0));
#7842=DIRECTION('',(1.0,0.0,0.0));
#7843=VECTOR('',#7842,0.5);
#7844=LINE('',#7841,#7843);
#7845=EDGE_CURVE('',#7809,#7840,#7844,.T.);
#7846=ORIENTED_EDGE('',*,*,#7845,.T.);
#7847=CARTESIAN_POINT('',(8.25,2.999999999999998,0.0));
#7848=VERTEX_POINT('',#7847);
#7849=CARTESIAN_POINT('',(8.25,2.999999999999998,0.0));
#7850=DIRECTION('',(0.0,0.0,1.0));
#7851=VECTOR('',#7850,50.0);
#7852=LINE('',#7849,#7851);
#7853=EDGE_CURVE('',#7848,#7840,#7852,.T.);
#7854=ORIENTED_EDGE('',*,*,#7853,.F.);
#7855=CARTESIAN_POINT('',(8.25,2.999999999999998,0.0));
#7856=DIRECTION('',(-1.0,0.0,0.0));
#7857=VECTOR('',#7856,0.5);
#7858=LINE('',#7855,#7857);
#7859=EDGE_CURVE('',#7848,#7817,#7858,.T.);
#7860=ORIENTED_EDGE('',*,*,#7859,.T.);
#7861=ORIENTED_EDGE('',*,*,#7822,.T.);
#7862=EDGE_LOOP('',(#7846,#7854,#7860,#7861));
#7863=FACE_OUTER_BOUND('',#7862,.T.);
#7864=ADVANCED_FACE('',(#7863),#7838,.T.);
#7865=CARTESIAN_POINT('',(8.25,2.999999999999998,0.0));
#7866=DIRECTION('',(1.0,0.0,0.0));
#7867=DIRECTION('',(0.0,0.0,-1.0));
#7868=AXIS2_PLACEMENT_3D('',#7865,#7866,#7867);
#7869=PLANE('',#7868);
#7870=CARTESIAN_POINT('',(8.25,2.699999999999998,50.0));
#7871=VERTEX_POINT('',#7870);
#7872=CARTESIAN_POINT('',(8.25,2.999999999999998,50.0));
#7873=DIRECTION('',(0.0,-1.0,0.0));
#7874=VECTOR('',#7873,0.300000000000001);
#7875=LINE('',#7872,#7874);
#7876=EDGE_CURVE('',#7840,#7871,#7875,.T.);
#7877=ORIENTED_EDGE('',*,*,#7876,.T.);
#7878=CARTESIAN_POINT('',(8.25,2.699999999999998,0.0));
#7879=VERTEX_POINT('',#7878);
#7880=CARTESIAN_POINT('',(8.25,2.699999999999998,0.0));
#7881=DIRECTION('',(0.0,0.0,1.0));
#7882=VECTOR('',#7881,50.0);
#7883=LINE('',#7880,#7882);
#7884=EDGE_CURVE('',#7879,#7871,#7883,.T.);
#7885=ORIENTED_EDGE('',*,*,#7884,.F.);
#7886=CARTESIAN_POINT('',(8.25,2.699999999999998,0.0));
#7887=DIRECTION('',(0.0,1.0,0.0));
#7888=VECTOR('',#7887,0.300000000000001);
#7889=LINE('',#7886,#7888);
#7890=EDGE_CURVE('',#7879,#7848,#7889,.T.);
#7891=ORIENTED_EDGE('',*,*,#7890,.T.);
#7892=ORIENTED_EDGE('',*,*,#7853,.T.);
#7893=EDGE_LOOP('',(#7877,#7885,#7891,#7892));
#7894=FACE_OUTER_BOUND('',#7893,.T.);
#7895=ADVANCED_FACE('',(#7894),#7869,.T.);
#7896=CARTESIAN_POINT('',(8.25,2.699999999999998,0.0));
#7897=DIRECTION('',(0.0,1.0,0.0));
#7898=DIRECTION('',(0.0,0.0,1.0));
#7899=AXIS2_PLACEMENT_3D('',#7896,#7897,#7898);
#7900=PLANE('',#7899);
#7901=CARTESIAN_POINT('',(8.75,2.699999999999998,50.0));
#7902=VERTEX_POINT('',#7901);
#7903=CARTESIAN_POINT('',(8.25,2.699999999999998,50.0));
#7904=DIRECTION('',(1.0,0.0,0.0));
#7905=VECTOR('',#7904,0.5);
#7906=LINE('',#7903,#7905);
#7907=EDGE_CURVE('',#7871,#7902,#7906,.T.);
#7908=ORIENTED_EDGE('',*,*,#7907,.T.);
#7909=CARTESIAN_POINT('',(8.75,2.699999999999998,0.0));
#7910=VERTEX_POINT('',#7909);
#7911=CARTESIAN_POINT('',(8.75,2.699999999999998,0.0));
#7912=DIRECTION('',(0.0,0.0,1.0));
#7913=VECTOR('',#7912,50.0);
#7914=LINE('',#7911,#7913);
#7915=EDGE_CURVE('',#7910,#7902,#7914,.T.);
#7916=ORIENTED_EDGE('',*,*,#7915,.F.);
#7917=CARTESIAN_POINT('',(8.75,2.699999999999998,0.0));
#7918=DIRECTION('',(-1.0,0.0,0.0));
#7919=VECTOR('',#7918,0.5);
#7920=LINE('',#7917,#7919);
#7921=EDGE_CURVE('',#7910,#7879,#7920,.T.);
#7922=ORIENTED_EDGE('',*,*,#7921,.T.);
#7923=ORIENTED_EDGE('',*,*,#7884,.T.);
#7924=EDGE_LOOP('',(#7908,#7916,#7922,#7923));
#7925=FACE_OUTER_BOUND('',#7924,.T.);
#7926=ADVANCED_FACE('',(#7925),#7900,.T.);
#7927=CARTESIAN_POINT('',(8.75,2.699999999999998,0.0));
#7928=DIRECTION('',(-1.0,0.0,0.0));
#7929=DIRECTION('',(0.0,0.0,1.0));
#7930=AXIS2_PLACEMENT_3D('',#7927,#7928,#7929);
#7931=PLANE('',#7930);
#7932=CARTESIAN_POINT('',(8.75,2.999999999999996,50.0));
#7933=VERTEX_POINT('',#7932);
#7934=CARTESIAN_POINT('',(8.75,2.699999999999998,50.0));
#7935=DIRECTION('',(0.0,1.0,0.0));
#7936=VECTOR('',#7935,0.299999999999998);
#7937=LINE('',#7934,#7936);
#7938=EDGE_CURVE('',#7902,#7933,#7937,.T.);
#7939=ORIENTED_EDGE('',*,*,#7938,.T.);
#7940=CARTESIAN_POINT('',(8.75,2.999999999999996,0.0));
#7941=VERTEX_POINT('',#7940);
#7942=CARTESIAN_POINT('',(8.75,2.999999999999996,0.0));
#7943=DIRECTION('',(0.0,0.0,1.0));
#7944=VECTOR('',#7943,50.0);
#7945=LINE('',#7942,#7944);
#7946=EDGE_CURVE('',#7941,#7933,#7945,.T.);
#7947=ORIENTED_EDGE('',*,*,#7946,.F.);
#7948=CARTESIAN_POINT('',(8.75,2.999999999999996,0.0));
#7949=DIRECTION('',(0.0,-1.0,0.0));
#7950=VECTOR('',#7949,0.299999999999998);
#7951=LINE('',#7948,#7950);
#7952=EDGE_CURVE('',#7941,#7910,#7951,.T.);
#7953=ORIENTED_EDGE('',*,*,#7952,.T.);
#7954=ORIENTED_EDGE('',*,*,#7915,.T.);
#7955=EDGE_LOOP('',(#7939,#7947,#7953,#7954));
#7956=FACE_OUTER_BOUND('',#7955,.T.);
#7957=ADVANCED_FACE('',(#7956),#7931,.T.);
#7958=CARTESIAN_POINT('',(8.75,2.999999999999996,0.0));
#7959=DIRECTION('',(0.0,1.0,0.0));
#7960=DIRECTION('',(0.0,0.0,1.0));
#7961=AXIS2_PLACEMENT_3D('',#7958,#7959,#7960);
#7962=PLANE('',#7961);
#7963=CARTESIAN_POINT('',(9.0,2.999999999999996,50.0));
#7964=VERTEX_POINT('',#7963);
#7965=CARTESIAN_POINT('',(8.75,2.999999999999996,50.0));
#7966=DIRECTION('',(1.0,0.0,0.0));
#7967=VECTOR('',#7966,0.25);
#7968=LINE('',#7965,#7967);
#7969=EDGE_CURVE('',#7933,#7964,#7968,.T.);
#7970=ORIENTED_EDGE('',*,*,#7969,.T.);
#7971=CARTESIAN_POINT('',(9.0,2.999999999999996,0.0));
#7972=VERTEX_POINT('',#7971);
#7973=CARTESIAN_POINT('',(9.0,2.999999999999996,0.0));
#7974=DIRECTION('',(0.0,0.0,1.0));
#7975=VECTOR('',#7974,50.0);
#7976=LINE('',#7973,#7975);
#7977=EDGE_CURVE('',#7972,#7964,#7976,.T.);
#7978=ORIENTED_EDGE('',*,*,#7977,.F.);
#7979=CARTESIAN_POINT('',(9.0,2.999999999999996,0.0));
#7980=DIRECTION('',(-1.0,0.0,0.0));
#7981=VECTOR('',#7980,0.25);
#7982=LINE('',#7979,#7981);
#7983=EDGE_CURVE('',#7972,#7941,#7982,.T.);
#7984=ORIENTED_EDGE('',*,*,#7983,.T.);
#7985=ORIENTED_EDGE('',*,*,#7946,.T.);
#7986=EDGE_LOOP('',(#7970,#7978,#7984,#7985));
#7987=FACE_OUTER_BOUND('',#7986,.T.);
#7988=ADVANCED_FACE('',(#7987),#7962,.T.);
#7989=CARTESIAN_POINT('',(9.0,2.999999999999996,0.0));
#7990=DIRECTION('',(1.0,0.0,0.0));
#7991=DIRECTION('',(0.0,0.0,-1.0));
#7992=AXIS2_PLACEMENT_3D('',#7989,#7990,#7991);
#7993=PLANE('',#7992);
#7994=CARTESIAN_POINT('',(9.0,0.0,50.0));
#7995=VERTEX_POINT('',#7994);
#7996=CARTESIAN_POINT('',(9.0,2.999999999999996,50.0));
#7997=DIRECTION('',(0.0,-1.0,0.0));
#7998=VECTOR('',#7997,2.999999999999996);
#7999=LINE('',#7996,#7998);
#8000=EDGE_CURVE('',#7964,#7995,#7999,.T.);
#8001=ORIENTED_EDGE('',*,*,#8000,.T.);
#8002=CARTESIAN_POINT('',(9.0,0.0,0.0));
#8003=VERTEX_POINT('',#8002);
#8004=CARTESIAN_POINT('',(9.0,0.0,0.0));
#8005=DIRECTION('',(0.0,0.0,1.0));
#8006=VECTOR('',#8005,50.0);
#8007=LINE('',#8004,#8006);
#8008=EDGE_CURVE('',#8003,#7995,#8007,.T.);
#8009=ORIENTED_EDGE('',*,*,#8008,.F.);
#8010=CARTESIAN_POINT('',(9.0,0.0,0.0));
#8011=DIRECTION('',(0.0,1.0,0.0));
#8012=VECTOR('',#8011,2.999999999999996);
#8013=LINE('',#8010,#8012);
#8014=EDGE_CURVE('',#8003,#7972,#8013,.T.);
#8015=ORIENTED_EDGE('',*,*,#8014,.T.);
#8016=ORIENTED_EDGE('',*,*,#7977,.T.);
#8017=EDGE_LOOP('',(#8001,#8009,#8015,#8016));
#8018=FACE_OUTER_BOUND('',#8017,.T.);
#8019=ADVANCED_FACE('',(#8018),#7993,.T.);
#8020=CARTESIAN_POINT('',(9.0,0.0,0.0));
#8021=DIRECTION('',(0.0,-1.0,0.0));
#8022=DIRECTION('',(0.0,0.0,-1.0));
#8023=AXIS2_PLACEMENT_3D('',#8020,#8021,#8022);
#8024=PLANE('',#8023);
#8025=CARTESIAN_POINT('',(9.0,0.0,50.0));
#8026=DIRECTION('',(-1.0,0.0,0.0));
#8027=VECTOR('',#8026,9.0);
#8028=LINE('',#8025,#8027);
#8029=EDGE_CURVE('',#7995,#6808,#8028,.T.);
#8030=ORIENTED_EDGE('',*,*,#8029,.T.);
#8031=ORIENTED_EDGE('',*,*,#6837,.F.);
#8032=CARTESIAN_POINT('',(0.0,0.0,0.0));
#8033=DIRECTION('',(1.0,0.0,0.0));
#8034=VECTOR('',#8033,9.0);
#8035=LINE('',#8032,#8034);
#8036=EDGE_CURVE('',#6826,#8003,#8035,.T.);
#8037=ORIENTED_EDGE('',*,*,#8036,.T.);
#8038=ORIENTED_EDGE('',*,*,#8008,.T.);
#8039=EDGE_LOOP('',(#8030,#8031,#8037,#8038));
#8040=FACE_OUTER_BOUND('',#8039,.T.);
#8041=ADVANCED_FACE('',(#8040),#8024,.T.);
#8042=CARTESIAN_POINT('',(4.5,1.702040816326529,0.0));
#8043=DIRECTION('',(0.0,0.0,1.0));
#8044=DIRECTION('',(1.0,0.0,0.0));
#8045=AXIS2_PLACEMENT_3D('',#8042,#8043,#8044);
#8046=PLANE('',#8045);
#8047=ORIENTED_EDGE('',*,*,#8036,.F.);
#8048=ORIENTED_EDGE('',*,*,#6831,.F.);
#8049=ORIENTED_EDGE('',*,*,#6867,.F.);
#8050=ORIENTED_EDGE('',*,*,#6898,.F.);
#8051=ORIENTED_EDGE('',*,*,#6929,.F.);
#8052=ORIENTED_EDGE('',*,*,#6960,.F.);
#8053=ORIENTED_EDGE('',*,*,#6991,.F.);
#8054=ORIENTED_EDGE('',*,*,#7022,.F.);
#8055=ORIENTED_EDGE('',*,*,#7053,.F.);
#8056=ORIENTED_EDGE('',*,*,#7084,.F.);
#8057=ORIENTED_EDGE('',*,*,#7115,.F.);
#8058=ORIENTED_EDGE('',*,*,#7146,.F.);
#8059=ORIENTED_EDGE('',*,*,#7177,.F.);
#8060=ORIENTED_EDGE('',*,*,#7208,.F.);
#8061=ORIENTED_EDGE('',*,*,#7239,.F.);
#8062=ORIENTED_EDGE('',*,*,#7270,.F.);
#8063=ORIENTED_EDGE('',*,*,#7301,.F.);
#8064=ORIENTED_EDGE('',*,*,#7332,.F.);
#8065=ORIENTED_EDGE('',*,*,#7363,.F.);
#8066=ORIENTED_EDGE('',*,*,#7394,.F.);
#8067=ORIENTED_EDGE('',*,*,#7425,.F.);
#8068=ORIENTED_EDGE('',*,*,#7456,.F.);
#8069=ORIENTED_EDGE('',*,*,#7487,.F.);
#8070=ORIENTED_EDGE('',*,*,#7518,.F.);
#8071=ORIENTED_EDGE('',*,*,#7549,.F.);
#8072=ORIENTED_EDGE('',*,*,#7580,.F.);
#8073=ORIENTED_EDGE('',*,*,#7611,.F.);
#8074=ORIENTED_EDGE('',*,*,#7642,.F.);
#8075=ORIENTED_EDGE('',*,*,#7673,.F.);
#8076=ORIENTED_EDGE('',*,*,#7704,.F.);
#8077=ORIENTED_EDGE('',*,*,#7735,.F.);
#8078=ORIENTED_EDGE('',*,*,#7766,.F.);
#8079=ORIENTED_EDGE('',*,*,#7797,.F.);
#8080=ORIENTED_EDGE('',*,*,#7828,.F.);
#8081=ORIENTED_EDGE('',*,*,#7859,.F.);
#8082=ORIENTED_EDGE('',*,*,#7890,.F.);
#8083=ORIENTED_EDGE('',*,*,#7921,.F.);
#8084=ORIENTED_EDGE('',*,*,#7952,.F.);
#8085=ORIENTED_EDGE('',*,*,#7983,.F.);
#8086=ORIENTED_EDGE('',*,*,#8014,.F.);
#8087=EDGE_LOOP('',(#8047,#8048,#8049,#8050,#8051,#8052,#8053,#8054,#8055,#8056,#8057,#8058,#8059,#8060,#8061,#8062,#8063,#8064,#8065,#8066,#8067,#8068,#8069,#8070,#8071,#8072,#8073,#8074,#8075,#8076,#8077,#8078,#8079,#8080,#8081,#8082,#8083,#8084,#8085,#8086));
#8088=FACE_OUTER_BOUND('',#8087,.T.);
#8089=ADVANCED_FACE('',(#8088),#8046,.F.);
#8090=CARTESIAN_POINT('',(4.499999999999999,1.70204081632653,50.0));
#8091=DIRECTION('',(0.0,0.0,1.0));
#8092=DIRECTION('',(1.0,0.0,0.0));
#8093=AXIS2_PLACEMENT_3D('',#8090,#8091,#8092);
#8094=PLANE('',#8093);
#8095=ORIENTED_EDGE('',*,*,#6815,.F.);
#8096=ORIENTED_EDGE('',*,*,#8029,.F.);
#8097=ORIENTED_EDGE('',*,*,#8000,.F.);
#8098=ORIENTED_EDGE('',*,*,#7969,.F.);
#8099=ORIENTED_EDGE('',*,*,#7938,.F.);
#8100=ORIENTED_EDGE('',*,*,#7907,.F.);
#8101=ORIENTED_EDGE('',*,*,#7876,.F.);
#8102=ORIENTED_EDGE('',*,*,#7845,.F.);
#8103=ORIENTED_EDGE('',*,*,#7814,.F.);
#8104=ORIENTED_EDGE('',*,*,#7783,.F.);
#8105=ORIENTED_EDGE('',*,*,#7752,.F.);
#8106=ORIENTED_EDGE('',*,*,#7721,.F.);
#8107=ORIENTED_EDGE('',*,*,#7690,.F.);
#8108=ORIENTED_EDGE('',*,*,#7659,.F.);
#8109=ORIENTED_EDGE('',*,*,#7628,.F.);
#8110=ORIENTED_EDGE('',*,*,#7597,.F.);
#8111=ORIENTED_EDGE('',*,*,#7566,.F.);
#8112=ORIENTED_EDGE('',*,*,#7535,.F.);
#8113=ORIENTED_EDGE('',*,*,#7504,.F.);
#8114=ORIENTED_EDGE('',*,*,#7473,.F.);
#8115=ORIENTED_EDGE('',*,*,#7442,.F.);
#8116=ORIENTED_EDGE('',*,*,#7411,.F.);
#8117=ORIENTED_EDGE('',*,*,#7380,.F.);
#8118=ORIENTED_EDGE('',*,*,#7349,.F.);
#8119=ORIENTED_EDGE('',*,*,#7318,.F.);
#8120=ORIENTED_EDGE('',*,*,#7287,.F.);
#8121=ORIENTED_EDGE('',*,*,#7256,.F.);
#8122=ORIENTED_EDGE('',*,*,#7225,.F.);
#8123=ORIENTED_EDGE('',*,*,#7194,.F.);
#8124=ORIENTED_EDGE('',*,*,#7163,.F.);
#8125=ORIENTED_EDGE('',*,*,#7132,.F.);
#8126=ORIENTED_EDGE('',*,*,#7101,.F.);
#8127=ORIENTED_EDGE('',*,*,#7070,.F.);
#8128=ORIENTED_EDGE('',*,*,#7039,.F.);
#8129=ORIENTED_EDGE('',*,*,#7008,.F.);
#8130=ORIENTED_EDGE('',*,*,#6977,.F.);
#8131=ORIENTED_EDGE('',*,*,#6946,.F.);
#8132=ORIENTED_EDGE('',*,*,#6915,.F.);
#8133=ORIENTED_EDGE('',*,*,#6884,.F.);
#8134=ORIENTED_EDGE('',*,*,#6853,.F.);
#8135=EDGE_LOOP('',(#8095,#8096,#8097,#8098,#8099,#8100,#8101,#8102,#8103,#8104,#8105,#8106,#8107,#8108,#8109,#8110,#8111,#8112,#8113,#8114,#8115,#8116,#8117,#8118,#8119,#8120,#8121,#8122,#8123,#8124,#8125,#8126,#8127,#8128,#8129,#8130,#8131,#8132,#8133,#8134));
#8136=FACE_OUTER_BOUND('',#8135,.T.);
#8137=ADVANCED_FACE('',(#8136),#8094,.T.);
#8138=CLOSED_SHELL('',(#6841,#6872,#6903,#6934,#6965,#6996,#7027,#7058,#7089,#7120,#7151,#7182,#7213,#7244,#7275,#7306,#7337,#7368,#7399,#7430,#7461,#7492,#7523,#7554,#7585,#7616,#7647,#7678,#7709,#7740,#7771,#7802,#7833,#7864,#7895,#7926,#7957,#7988,#8019,#8041,#8089,#8137));
#8139=MANIFOLD_SOLID_BREP('Solid1',#8138);
#8140=STYLED_ITEM('',(#4968),#8139);
#8141=ADVANCED_BREP_SHAPE_REPRESENTATION('ABSR',(#8139),#6770);
#8142=SHAPE_REPRESENTATION_RELATIONSHIP('SRR','None',#8141,#6775);
#8143=GROUP('Sketch1',$);
#8144=APPLIED_GROUP_ASSIGNMENT(#8143,(#8174,#8207,#8237,#8267,#8297,#8327,#8357,#8387,#8417,#8447,#8477,#8507,#8537,#8567,#8597,#8627,#8657,#8687,#8717,#8747,#8777,#8807,#8837,#8867,#8897,#8927,#8957,#8987,#9017,#9047,#9077,#9107,#9137,#9167,#9197,#9227,#9257,#9287,#9317,#9347,#9377,#9407,#9437,#9467,#9497,#9527,#9557,#9587));
#8150=(NAMED_UNIT(*)PLANE_ANGLE_UNIT()SI_UNIT($,.RADIAN.));
#8151=DIMENSIONAL_EXPONENTS(0.0,0.0,0.0,0.0,0.0,0.0,0.0);
#8152=PLANE_ANGLE_MEASURE_WITH_UNIT(PLANE_ANGLE_MEASURE(0.0174532925),#8150);
#8156=(CONVERSION_BASED_UNIT('DEGREE',#8152)NAMED_UNIT(#8151)PLANE_ANGLE_UNIT());
#8160=(NAMED_UNIT(*)SI_UNIT($,.STERADIAN.)SOLID_ANGLE_UNIT());
#8164=(LENGTH_UNIT()NAMED_UNIT(*)SI_UNIT(.MILLI.,.METRE.));
#8166=UNCERTAINTY_MEASURE_WITH_UNIT(LENGTH_MEASURE(0.000001),#8164,'DISTANCE_ACCURACY_VALUE','');
#8168=(GEOMETRIC_REPRESENTATION_CONTEXT(3)GLOBAL_UNCERTAINTY_ASSIGNED_CONTEXT((#8166))GLOBAL_UNIT_ASSIGNED_CONTEXT((#8156,#8160,#8164))REPRESENTATION_CONTEXT('','3D'));
#8169=CARTESIAN_POINT('',(9.0,2.999999999999996,0.0));
#8170=DIRECTION('',(0.0,-1.0,0.0));
#8171=VECTOR('',#8170,2.999999999999996);
#8172=LINE('',#8169,#8171);
#8173=CARTESIAN_POINT('',(9.0,0.0,0.0));
#8174=TRIMMED_CURVE('',#8172,(PARAMETER_VALUE(0.0),#8169),(PARAMETER_VALUE(1.0),#8173),.T.,.PARAMETER.);
#8175=GEOMETRIC_SET('GEOSET',(#8174,#8207,#8237,#8267,#8297,#8327,#8357,#8387,#8417,#8447,#8477,#8507,#8537,#8567,#8597,#8627,#8657,#8687,#8717,#8747,#8777,#8807,#8837,#8867,#8897,#8927,#8957,#8987,#9017,#9047,#9077,#9107,#9137,#9167,#9197,#9227,#9257,#9287,#9317,#9347,#9377,#9407,#9437,#9467,#9497,#9527,#9557,#9587));
#8176=GEOMETRICALLY_BOUNDED_SURFACE_SHAPE_REPRESENTATION('GBSSR',(#8175),#6770);
#8177=SHAPE_REPRESENTATION_RELATIONSHIP('SRR','None',#8176,#6775);
#8183=(NAMED_UNIT(*)PLANE_ANGLE_UNIT()SI_UNIT($,.RADIAN.));
#8184=DIMENSIONAL_EXPONENTS(0.0,0.0,0.0,0.0,0.0,0.0,0.0);
#8185=PLANE_ANGLE_MEASURE_WITH_UNIT(PLANE_ANGLE_MEASURE(0.0174532925),#8183);
#8189=(CONVERSION_BASED_UNIT('DEGREE',#8185)NAMED_UNIT(#8184)PLANE_ANGLE_UNIT());
#8193=(NAMED_UNIT(*)SI_UNIT($,.STERADIAN.)SOLID_ANGLE_UNIT());
#8197=(LENGTH_UNIT()NAMED_UNIT(*)SI_UNIT(.MILLI.,.METRE.));
#8199=UNCERTAINTY_MEASURE_WITH_UNIT(LENGTH_MEASURE(0.000001),#8197,'DISTANCE_ACCURACY_VALUE','');
#8201=(GEOMETRIC_REPRESENTATION_CONTEXT(3)GLOBAL_UNCERTAINTY_ASSIGNED_CONTEXT((#8199))GLOBAL_UNIT_ASSIGNED_CONTEXT((#8189,#8193,#8197))REPRESENTATION_CONTEXT('','3D'));
#8202=CARTESIAN_POINT('',(-1.110223E-015,3.0,0.0));
#8203=DIRECTION('',(0.0,-1.0,0.0));
#8204=VECTOR('',#8203,3.0);
#8205=LINE('',#8202,#8204);
#8206=CARTESIAN_POINT('',(0.0,0.0,0.0));
#8207=TRIMMED_CURVE('',#8205,(PARAMETER_VALUE(0.0),#8202),(PARAMETER_VALUE(1.0),#8206),.T.,.PARAMETER.);
#8213=(NAMED_UNIT(*)PLANE_ANGLE_UNIT()SI_UNIT($,.RADIAN.));
#8214=DIMENSIONAL_EXPONENTS(0.0,0.0,0.0,0.0,0.0,0.0,0.0);
#8215=PLANE_ANGLE_MEASURE_WITH_UNIT(PLANE_ANGLE_MEASURE(0.0174532925),#8213);
#8219=(CONVERSION_BASED_UNIT('DEGREE',#8215)NAMED_UNIT(#8214)PLANE_ANGLE_UNIT());
#8223=(NAMED_UNIT(*)SI_UNIT($,.STERADIAN.)SOLID_ANGLE_UNIT());
#8227=(LENGTH_UNIT()NAMED_UNIT(*)SI_UNIT(.MILLI.,.METRE.));
#8229=UNCERTAINTY_MEASURE_WITH_UNIT(LENGTH_MEASURE(0.000001),#8227,'DISTANCE_ACCURACY_VALUE','');
#8231=(GEOMETRIC_REPRESENTATION_CONTEXT(3)GLOBAL_UNCERTAINTY_ASSIGNED_CONTEXT((#8229))GLOBAL_UNIT_ASSIGNED_CONTEXT((#8219,#8223,#8227))REPRESENTATION_CONTEXT('','3D'));
#8232=CARTESIAN_POINT('',(8.75,2.999999999999996,0.0));
#8233=DIRECTION('',(1.0,0.0,0.0));
#8234=VECTOR('',#8233,0.25);
#8235=LINE('',#8232,#8234);
#8236=CARTESIAN_POINT('',(9.0,2.999999999999996,0.0));
#8237=TRIMMED_CURVE('',#8235,(PARAMETER_VALUE(0.0),#8232),(PARAMETER_VALUE(1.0),#8236),.T.,.PARAMETER.);
#8243=(NAMED_UNIT(*)PLANE_ANGLE_UNIT()SI_UNIT($,.RADIAN.));
#8244=DIMENSIONAL_EXPONENTS(0.0,0.0,0.0,0.0,0.0,0.0,0.0);
#8245=PLANE_ANGLE_MEASURE_WITH_UNIT(PLANE_ANGLE_MEASURE(0.0174532925),#8243);
#8249=(CONVERSION_BASED_UNIT('DEGREE',#8245)NAMED_UNIT(#8244)PLANE_ANGLE_UNIT());
#8253=(NAMED_UNIT(*)SI_UNIT($,.STERADIAN.)SOLID_ANGLE_UNIT());
#8257=(LENGTH_UNIT()NAMED_UNIT(*)SI_UNIT(.MILLI.,.METRE.));
#8259=UNCERTAINTY_MEASURE_WITH_UNIT(LENGTH_MEASURE(0.000001),#8257,'DISTANCE_ACCURACY_VALUE','');
#8261=(GEOMETRIC_REPRESENTATION_CONTEXT(3)GLOBAL_UNCERTAINTY_ASSIGNED_CONTEXT((#8259))GLOBAL_UNIT_ASSIGNED_CONTEXT((#8249,#8253,#8257))REPRESENTATION_CONTEXT('','3D'));
#8262=CARTESIAN_POINT('',(8.75,2.999999999999996,0.0));
#8263=DIRECTION('',(0.0,-1.0,0.0));
#8264=VECTOR('',#8263,0.299999999999998);
#8265=LINE('',#8262,#8264);
#8266=CARTESIAN_POINT('',(8.75,2.699999999999998,0.0));
#8267=TRIMMED_CURVE('',#8265,(PARAMETER_VALUE(0.0),#8262),(PARAMETER_VALUE(1.0),#8266),.T.,.PARAMETER.);
#8273=(NAMED_UNIT(*)PLANE_ANGLE_UNIT()SI_UNIT($,.RADIAN.));
#8274=DIMENSIONAL_EXPONENTS(0.0,0.0,0.0,0.0,0.0,0.0,0.0);
#8275=PLANE_ANGLE_MEASURE_WITH_UNIT(PLANE_ANGLE_MEASURE(0.0174532925),#8273);
#8279=(CONVERSION_BASED_UNIT('DEGREE',#8275)NAMED_UNIT(#8274)PLANE_ANGLE_UNIT());
#8283=(NAMED_UNIT(*)SI_UNIT($,.STERADIAN.)SOLID_ANGLE_UNIT());
#8287=(LENGTH_UNIT()NAMED_UNIT(*)SI_UNIT(.MILLI.,.METRE.));
#8289=UNCERTAINTY_MEASURE_WITH_UNIT(LENGTH_MEASURE(0.000001),#8287,'DISTANCE_ACCURACY_VALUE','');
#8291=(GEOMETRIC_REPRESENTATION_CONTEXT(3)GLOBAL_UNCERTAINTY_ASSIGNED_CONTEXT((#8289))GLOBAL_UNIT_ASSIGNED_CONTEXT((#8279,#8283,#8287))REPRESENTATION_CONTEXT('','3D'));
#8292=CARTESIAN_POINT('',(8.75,2.699999999999998,0.0));
#8293=DIRECTION('',(-1.0,0.0,0.0));
#8294=VECTOR('',#8293,0.5);
#8295=LINE('',#8292,#8294);
#8296=CARTESIAN_POINT('',(8.25,2.699999999999998,0.0));
#8297=TRIMMED_CURVE('',#8295,(PARAMETER_VALUE(0.0),#8292),(PARAMETER_VALUE(1.0),#8296),.T.,.PARAMETER.);
#8303=(NAMED_UNIT(*)PLANE_ANGLE_UNIT()SI_UNIT($,.RADIAN.));
#8304=DIMENSIONAL_EXPONENTS(0.0,0.0,0.0,0.0,0.0,0.0,0.0);
#8305=PLANE_ANGLE_MEASURE_WITH_UNIT(PLANE_ANGLE_MEASURE(0.0174532925),#8303);
#8309=(CONVERSION_BASED_UNIT('DEGREE',#8305)NAMED_UNIT(#8304)PLANE_ANGLE_UNIT());
#8313=(NAMED_UNIT(*)SI_UNIT($,.STERADIAN.)SOLID_ANGLE_UNIT());
#8317=(LENGTH_UNIT()NAMED_UNIT(*)SI_UNIT(.MILLI.,.METRE.));
#8319=UNCERTAINTY_MEASURE_WITH_UNIT(LENGTH_MEASURE(0.000001),#8317,'DISTANCE_ACCURACY_VALUE','');
#8321=(GEOMETRIC_REPRESENTATION_CONTEXT(3)GLOBAL_UNCERTAINTY_ASSIGNED_CONTEXT((#8319))GLOBAL_UNIT_ASSIGNED_CONTEXT((#8309,#8313,#8317))REPRESENTATION_CONTEXT('','3D'));
#8322=CARTESIAN_POINT('',(8.25,2.699999999999998,0.0));
#8323=DIRECTION('',(0.0,1.0,0.0));
#8324=VECTOR('',#8323,0.300000000000001);
#8325=LINE('',#8322,#8324);
#8326=CARTESIAN_POINT('',(8.25,2.999999999999998,0.0));
#8327=TRIMMED_CURVE('',#8325,(PARAMETER_VALUE(0.0),#8322),(PARAMETER_VALUE(1.0),#8326),.T.,.PARAMETER.);
#8333=(NAMED_UNIT(*)PLANE_ANGLE_UNIT()SI_UNIT($,.RADIAN.));
#8334=DIMENSIONAL_EXPONENTS(0.0,0.0,0.0,0.0,0.0,0.0,0.0);
#8335=PLANE_ANGLE_MEASURE_WITH_UNIT(PLANE_ANGLE_MEASURE(0.0174532925),#8333);
#8339=(CONVERSION_BASED_UNIT('DEGREE',#8335)NAMED_UNIT(#8334)PLANE_ANGLE_UNIT());
#8343=(NAMED_UNIT(*)SI_UNIT($,.STERADIAN.)SOLID_ANGLE_UNIT());
#8347=(LENGTH_UNIT()NAMED_UNIT(*)SI_UNIT(.MILLI.,.METRE.));
#8349=UNCERTAINTY_MEASURE_WITH_UNIT(LENGTH_MEASURE(0.000001),#8347,'DISTANCE_ACCURACY_VALUE','');
#8351=(GEOMETRIC_REPRESENTATION_CONTEXT(3)GLOBAL_UNCERTAINTY_ASSIGNED_CONTEXT((#8349))GLOBAL_UNIT_ASSIGNED_CONTEXT((#8339,#8343,#8347))REPRESENTATION_CONTEXT('','3D'));
#8352=CARTESIAN_POINT('',(8.25,2.999999999999998,0.0));
#8353=DIRECTION('',(-1.0,0.0,0.0));
#8354=VECTOR('',#8353,0.250000000000002);
#8355=LINE('',#8352,#8354);
#8356=CARTESIAN_POINT('',(7.999999999999998,3.0,0.0));
#8357=TRIMMED_CURVE('',#8355,(PARAMETER_VALUE(0.0),#8352),(PARAMETER_VALUE(1.0),#8356),.T.,.PARAMETER.);
#8363=(NAMED_UNIT(*)PLANE_ANGLE_UNIT()SI_UNIT($,.RADIAN.));
#8364=DIMENSIONAL_EXPONENTS(0.0,0.0,0.0,0.0,0.0,0.0,0.0);
#8365=PLANE_ANGLE_MEASURE_WITH_UNIT(PLANE_ANGLE_MEASURE(0.0174532925),#8363);
#8369=(CONVERSION_BASED_UNIT('DEGREE',#8365)NAMED_UNIT(#8364)PLANE_ANGLE_UNIT());
#8373=(NAMED_UNIT(*)SI_UNIT($,.STERADIAN.)SOLID_ANGLE_UNIT());
#8377=(LENGTH_UNIT()NAMED_UNIT(*)SI_UNIT(.MILLI.,.METRE.));
#8379=UNCERTAINTY_MEASURE_WITH_UNIT(LENGTH_MEASURE(0.000001),#8377,'DISTANCE_ACCURACY_VALUE','');
#8381=(GEOMETRIC_REPRESENTATION_CONTEXT(3)GLOBAL_UNCERTAINTY_ASSIGNED_CONTEXT((#8379))GLOBAL_UNIT_ASSIGNED_CONTEXT((#8369,#8373,#8377))REPRESENTATION_CONTEXT('','3D'));
#8382=CARTESIAN_POINT('',(7.75,2.999999999999996,0.0));
#8383=DIRECTION('',(1.0,0.0,0.0));
#8384=VECTOR('',#8383,0.25);
#8385=LINE('',#8382,#8384);
#8386=CARTESIAN_POINT('',(8.0,2.999999999999996,0.0));
#8387=TRIMMED_CURVE('',#8385,(PARAMETER_VALUE(0.0),#8382),(PARAMETER_VALUE(1.0),#8386),.T.,.PARAMETER.);
#8393=(NAMED_UNIT(*)PLANE_ANGLE_UNIT()SI_UNIT($,.RADIAN.));
#8394=DIMENSIONAL_EXPONENTS(0.0,0.0,0.0,0.0,0.0,0.0,0.0);
#8395=PLANE_ANGLE_MEASURE_WITH_UNIT(PLANE_ANGLE_MEASURE(0.0174532925),#8393);
#8399=(CONVERSION_BASED_UNIT('DEGREE',#8395)NAMED_UNIT(#8394)PLANE_ANGLE_UNIT());
#8403=(NAMED_UNIT(*)SI_UNIT($,.STERADIAN.)SOLID_ANGLE_UNIT());
#8407=(LENGTH_UNIT()NAMED_UNIT(*)SI_UNIT(.MILLI.,.METRE.));
#8409=UNCERTAINTY_MEASURE_WITH_UNIT(LENGTH_MEASURE(0.000001),#8407,'DISTANCE_ACCURACY_VALUE','');
#8411=(GEOMETRIC_REPRESENTATION_CONTEXT(3)GLOBAL_UNCERTAINTY_ASSIGNED_CONTEXT((#8409))GLOBAL_UNIT_ASSIGNED_CONTEXT((#8399,#8403,#8407))REPRESENTATION_CONTEXT('','3D'));
#8412=CARTESIAN_POINT('',(7.75,2.999999999999996,0.0));
#8413=DIRECTION('',(0.0,-1.0,0.0));
#8414=VECTOR('',#8413,0.299999999999998);
#8415=LINE('',#8412,#8414);
#8416=CARTESIAN_POINT('',(7.750000000000001,2.699999999999998,0.0));
#8417=TRIMMED_CURVE('',#8415,(PARAMETER_VALUE(0.0),#8412),(PARAMETER_VALUE(1.0),#8416),.T.,.PARAMETER.);
#8423=(NAMED_UNIT(*)PLANE_ANGLE_UNIT()SI_UNIT($,.RADIAN.));
#8424=DIMENSIONAL_EXPONENTS(0.0,0.0,0.0,0.0,0.0,0.0,0.0);
#8425=PLANE_ANGLE_MEASURE_WITH_UNIT(PLANE_ANGLE_MEASURE(0.0174532925),#8423);
#8429=(CONVERSION_BASED_UNIT('DEGREE',#8425)NAMED_UNIT(#8424)PLANE_ANGLE_UNIT());
#8433=(NAMED_UNIT(*)SI_UNIT($,.STERADIAN.)SOLID_ANGLE_UNIT());
#8437=(LENGTH_UNIT()NAMED_UNIT(*)SI_UNIT(.MILLI.,.METRE.));
#8439=UNCERTAINTY_MEASURE_WITH_UNIT(LENGTH_MEASURE(0.000001),#8437,'DISTANCE_ACCURACY_VALUE','');
#8441=(GEOMETRIC_REPRESENTATION_CONTEXT(3)GLOBAL_UNCERTAINTY_ASSIGNED_CONTEXT((#8439))GLOBAL_UNIT_ASSIGNED_CONTEXT((#8429,#8433,#8437))REPRESENTATION_CONTEXT('','3D'));
#8442=CARTESIAN_POINT('',(7.750000000000002,2.699999999999998,0.0));
#8443=DIRECTION('',(-1.0,0.0,0.0));
#8444=VECTOR('',#8443,0.5);
#8445=LINE('',#8442,#8444);
#8446=CARTESIAN_POINT('',(7.250000000000002,2.699999999999998,0.0));
#8447=TRIMMED_CURVE('',#8445,(PARAMETER_VALUE(0.0),#8442),(PARAMETER_VALUE(1.0),#8446),.T.,.PARAMETER.);
#8453=(NAMED_UNIT(*)PLANE_ANGLE_UNIT()SI_UNIT($,.RADIAN.));
#8454=DIMENSIONAL_EXPONENTS(0.0,0.0,0.0,0.0,0.0,0.0,0.0);
#8455=PLANE_ANGLE_MEASURE_WITH_UNIT(PLANE_ANGLE_MEASURE(0.0174532925),#8453);
#8459=(CONVERSION_BASED_UNIT('DEGREE',#8455)NAMED_UNIT(#8454)PLANE_ANGLE_UNIT());
#8463=(NAMED_UNIT(*)SI_UNIT($,.STERADIAN.)SOLID_ANGLE_UNIT());
#8467=(LENGTH_UNIT()NAMED_UNIT(*)SI_UNIT(.MILLI.,.METRE.));
#8469=UNCERTAINTY_MEASURE_WITH_UNIT(LENGTH_MEASURE(0.000001),#8467,'DISTANCE_ACCURACY_VALUE','');
#8471=(GEOMETRIC_REPRESENTATION_CONTEXT(3)GLOBAL_UNCERTAINTY_ASSIGNED_CONTEXT((#8469))GLOBAL_UNIT_ASSIGNED_CONTEXT((#8459,#8463,#8467))REPRESENTATION_CONTEXT('','3D'));
#8472=CARTESIAN_POINT('',(7.250000000000001,2.699999999999998,0.0));
#8473=DIRECTION('',(0.0,1.0,0.0));
#8474=VECTOR('',#8473,0.300000000000001);
#8475=LINE('',#8472,#8474);
#8476=CARTESIAN_POINT('',(7.250000000000001,2.999999999999998,0.0));
#8477=TRIMMED_CURVE('',#8475,(PARAMETER_VALUE(0.0),#8472),(PARAMETER_VALUE(1.0),#8476),.T.,.PARAMETER.);
#8483=(NAMED_UNIT(*)PLANE_ANGLE_UNIT()SI_UNIT($,.RADIAN.));
#8484=DIMENSIONAL_EXPONENTS(0.0,0.0,0.0,0.0,0.0,0.0,0.0);
#8485=PLANE_ANGLE_MEASURE_WITH_UNIT(PLANE_ANGLE_MEASURE(0.0174532925),#8483);
#8489=(CONVERSION_BASED_UNIT('DEGREE',#8485)NAMED_UNIT(#8484)PLANE_ANGLE_UNIT());
#8493=(NAMED_UNIT(*)SI_UNIT($,.STERADIAN.)SOLID_ANGLE_UNIT());
#8497=(LENGTH_UNIT()NAMED_UNIT(*)SI_UNIT(.MILLI.,.METRE.));
#8499=UNCERTAINTY_MEASURE_WITH_UNIT(LENGTH_MEASURE(0.000001),#8497,'DISTANCE_ACCURACY_VALUE','');
#8501=(GEOMETRIC_REPRESENTATION_CONTEXT(3)GLOBAL_UNCERTAINTY_ASSIGNED_CONTEXT((#8499))GLOBAL_UNIT_ASSIGNED_CONTEXT((#8489,#8493,#8497))REPRESENTATION_CONTEXT('','3D'));
#8502=CARTESIAN_POINT('',(7.250000000000001,2.999999999999998,0.0));
#8503=DIRECTION('',(-1.0,0.0,0.0));
#8504=VECTOR('',#8503,0.250000000000001);
#8505=LINE('',#8502,#8504);
#8506=CARTESIAN_POINT('',(7.0,3.0,0.0));
#8507=TRIMMED_CURVE('',#8505,(PARAMETER_VALUE(0.0),#8502),(PARAMETER_VALUE(1.0),#8506),.T.,.PARAMETER.);
#8513=(NAMED_UNIT(*)PLANE_ANGLE_UNIT()SI_UNIT($,.RADIAN.));
#8514=DIMENSIONAL_EXPONENTS(0.0,0.0,0.0,0.0,0.0,0.0,0.0);
#8515=PLANE_ANGLE_MEASURE_WITH_UNIT(PLANE_ANGLE_MEASURE(0.0174532925),#8513);
#8519=(CONVERSION_BASED_UNIT('DEGREE',#8515)NAMED_UNIT(#8514)PLANE_ANGLE_UNIT());
#8523=(NAMED_UNIT(*)SI_UNIT($,.STERADIAN.)SOLID_ANGLE_UNIT());
#8527=(LENGTH_UNIT()NAMED_UNIT(*)SI_UNIT(.MILLI.,.METRE.));
#8529=UNCERTAINTY_MEASURE_WITH_UNIT(LENGTH_MEASURE(0.000001),#8527,'DISTANCE_ACCURACY_VALUE','');
#8531=(GEOMETRIC_REPRESENTATION_CONTEXT(3)GLOBAL_UNCERTAINTY_ASSIGNED_CONTEXT((#8529))GLOBAL_UNIT_ASSIGNED_CONTEXT((#8519,#8523,#8527))REPRESENTATION_CONTEXT('','3D'));
#8532=CARTESIAN_POINT('',(6.75,2.999999999999996,0.0));
#8533=DIRECTION('',(1.0,0.0,0.0));
#8534=VECTOR('',#8533,0.25);
#8535=LINE('',#8532,#8534);
#8536=CARTESIAN_POINT('',(7.0,2.999999999999996,0.0));
#8537=TRIMMED_CURVE('',#8535,(PARAMETER_VALUE(0.0),#8532),(PARAMETER_VALUE(1.0),#8536),.T.,.PARAMETER.);
#8543=(NAMED_UNIT(*)PLANE_ANGLE_UNIT()SI_UNIT($,.RADIAN.));
#8544=DIMENSIONAL_EXPONENTS(0.0,0.0,0.0,0.0,0.0,0.0,0.0);
#8545=PLANE_ANGLE_MEASURE_WITH_UNIT(PLANE_ANGLE_MEASURE(0.0174532925),#8543);
#8549=(CONVERSION_BASED_UNIT('DEGREE',#8545)NAMED_UNIT(#8544)PLANE_ANGLE_UNIT());
#8553=(NAMED_UNIT(*)SI_UNIT($,.STERADIAN.)SOLID_ANGLE_UNIT());
#8557=(LENGTH_UNIT()NAMED_UNIT(*)SI_UNIT(.MILLI.,.METRE.));
#8559=UNCERTAINTY_MEASURE_WITH_UNIT(LENGTH_MEASURE(0.000001),#8557,'DISTANCE_ACCURACY_VALUE','');
#8561=(GEOMETRIC_REPRESENTATION_CONTEXT(3)GLOBAL_UNCERTAINTY_ASSIGNED_CONTEXT((#8559))GLOBAL_UNIT_ASSIGNED_CONTEXT((#8549,#8553,#8557))REPRESENTATION_CONTEXT('','3D'));
#8562=CARTESIAN_POINT('',(6.75,2.999999999999996,0.0));
#8563=DIRECTION('',(0.0,-1.0,0.0));
#8564=VECTOR('',#8563,0.299999999999998);
#8565=LINE('',#8562,#8564);
#8566=CARTESIAN_POINT('',(6.75,2.699999999999998,0.0));
#8567=TRIMMED_CURVE('',#8565,(PARAMETER_VALUE(0.0),#8562),(PARAMETER_VALUE(1.0),#8566),.T.,.PARAMETER.);
#8573=(NAMED_UNIT(*)PLANE_ANGLE_UNIT()SI_UNIT($,.RADIAN.));
#8574=DIMENSIONAL_EXPONENTS(0.0,0.0,0.0,0.0,0.0,0.0,0.0);
#8575=PLANE_ANGLE_MEASURE_WITH_UNIT(PLANE_ANGLE_MEASURE(0.0174532925),#8573);
#8579=(CONVERSION_BASED_UNIT('DEGREE',#8575)NAMED_UNIT(#8574)PLANE_ANGLE_UNIT());
#8583=(NAMED_UNIT(*)SI_UNIT($,.STERADIAN.)SOLID_ANGLE_UNIT());
#8587=(LENGTH_UNIT()NAMED_UNIT(*)SI_UNIT(.MILLI.,.METRE.));
#8589=UNCERTAINTY_MEASURE_WITH_UNIT(LENGTH_MEASURE(0.000001),#8587,'DISTANCE_ACCURACY_VALUE','');
#8591=(GEOMETRIC_REPRESENTATION_CONTEXT(3)GLOBAL_UNCERTAINTY_ASSIGNED_CONTEXT((#8589))GLOBAL_UNIT_ASSIGNED_CONTEXT((#8579,#8583,#8587))REPRESENTATION_CONTEXT('','3D'));
#8592=CARTESIAN_POINT('',(6.75,2.699999999999998,0.0));
#8593=DIRECTION('',(-1.0,0.0,0.0));
#8594=VECTOR('',#8593,0.499999999999999);
#8595=LINE('',#8592,#8594);
#8596=CARTESIAN_POINT('',(6.250000000000001,2.699999999999998,0.0));
#8597=TRIMMED_CURVE('',#8595,(PARAMETER_VALUE(0.0),#8592),(PARAMETER_VALUE(1.0),#8596),.T.,.PARAMETER.);
#8603=(NAMED_UNIT(*)PLANE_ANGLE_UNIT()SI_UNIT($,.RADIAN.));
#8604=DIMENSIONAL_EXPONENTS(0.0,0.0,0.0,0.0,0.0,0.0,0.0);
#8605=PLANE_ANGLE_MEASURE_WITH_UNIT(PLANE_ANGLE_MEASURE(0.0174532925),#8603);
#8609=(CONVERSION_BASED_UNIT('DEGREE',#8605)NAMED_UNIT(#8604)PLANE_ANGLE_UNIT());
#8613=(NAMED_UNIT(*)SI_UNIT($,.STERADIAN.)SOLID_ANGLE_UNIT());
#8617=(LENGTH_UNIT()NAMED_UNIT(*)SI_UNIT(.MILLI.,.METRE.));
#8619=UNCERTAINTY_MEASURE_WITH_UNIT(LENGTH_MEASURE(0.000001),#8617,'DISTANCE_ACCURACY_VALUE','');
#8621=(GEOMETRIC_REPRESENTATION_CONTEXT(3)GLOBAL_UNCERTAINTY_ASSIGNED_CONTEXT((#8619))GLOBAL_UNIT_ASSIGNED_CONTEXT((#8609,#8613,#8617))REPRESENTATION_CONTEXT('','3D'));
#8622=CARTESIAN_POINT('',(6.250000000000001,2.699999999999998,0.0));
#8623=DIRECTION('',(0.0,1.0,0.0));
#8624=VECTOR('',#8623,0.300000000000001);
#8625=LINE('',#8622,#8624);
#8626=CARTESIAN_POINT('',(6.250000000000001,2.999999999999998,0.0));
#8627=TRIMMED_CURVE('',#8625,(PARAMETER_VALUE(0.0),#8622),(PARAMETER_VALUE(1.0),#8626),.T.,.PARAMETER.);
#8633=(NAMED_UNIT(*)PLANE_ANGLE_UNIT()SI_UNIT($,.RADIAN.));
#8634=DIMENSIONAL_EXPONENTS(0.0,0.0,0.0,0.0,0.0,0.0,0.0);
#8635=PLANE_ANGLE_MEASURE_WITH_UNIT(PLANE_ANGLE_MEASURE(0.0174532925),#8633);
#8639=(CONVERSION_BASED_UNIT('DEGREE',#8635)NAMED_UNIT(#8634)PLANE_ANGLE_UNIT());
#8643=(NAMED_UNIT(*)SI_UNIT($,.STERADIAN.)SOLID_ANGLE_UNIT());
#8647=(LENGTH_UNIT()NAMED_UNIT(*)SI_UNIT(.MILLI.,.METRE.));
#8649=UNCERTAINTY_MEASURE_WITH_UNIT(LENGTH_MEASURE(0.000001),#8647,'DISTANCE_ACCURACY_VALUE','');
#8651=(GEOMETRIC_REPRESENTATION_CONTEXT(3)GLOBAL_UNCERTAINTY_ASSIGNED_CONTEXT((#8649))GLOBAL_UNIT_ASSIGNED_CONTEXT((#8639,#8643,#8647))REPRESENTATION_CONTEXT('','3D'));
#8652=CARTESIAN_POINT('',(6.250000000000001,2.999999999999998,0.0));
#8653=DIRECTION('',(-1.0,0.0,0.0));
#8654=VECTOR('',#8653,0.250000000000001);
#8655=LINE('',#8652,#8654);
#8656=CARTESIAN_POINT('',(6.0,3.0,0.0));
#8657=TRIMMED_CURVE('',#8655,(PARAMETER_VALUE(0.0),#8652),(PARAMETER_VALUE(1.0),#8656),.T.,.PARAMETER.);
#8663=(NAMED_UNIT(*)PLANE_ANGLE_UNIT()SI_UNIT($,.RADIAN.));
#8664=DIMENSIONAL_EXPONENTS(0.0,0.0,0.0,0.0,0.0,0.0,0.0);
#8665=PLANE_ANGLE_MEASURE_WITH_UNIT(PLANE_ANGLE_MEASURE(0.0174532925),#8663);
#8669=(CONVERSION_BASED_UNIT('DEGREE',#8665)NAMED_UNIT(#8664)PLANE_ANGLE_UNIT());
#8673=(NAMED_UNIT(*)SI_UNIT($,.STERADIAN.)SOLID_ANGLE_UNIT());
#8677=(LENGTH_UNIT()NAMED_UNIT(*)SI_UNIT(.MILLI.,.METRE.));
#8679=UNCERTAINTY_MEASURE_WITH_UNIT(LENGTH_MEASURE(0.000001),#8677,'DISTANCE_ACCURACY_VALUE','');
#8681=(GEOMETRIC_REPRESENTATION_CONTEXT(3)GLOBAL_UNCERTAINTY_ASSIGNED_CONTEXT((#8679))GLOBAL_UNIT_ASSIGNED_CONTEXT((#8669,#8673,#8677))REPRESENTATION_CONTEXT('','3D'));
#8682=CARTESIAN_POINT('',(5.75,2.999999999999996,0.0));
#8683=DIRECTION('',(1.0,0.0,0.0));
#8684=VECTOR('',#8683,0.25);
#8685=LINE('',#8682,#8684);
#8686=CARTESIAN_POINT('',(6.0,2.999999999999996,0.0));
#8687=TRIMMED_CURVE('',#8685,(PARAMETER_VALUE(0.0),#8682),(PARAMETER_VALUE(1.0),#8686),.T.,.PARAMETER.);
#8693=(NAMED_UNIT(*)PLANE_ANGLE_UNIT()SI_UNIT($,.RADIAN.));
#8694=DIMENSIONAL_EXPONENTS(0.0,0.0,0.0,0.0,0.0,0.0,0.0);
#8695=PLANE_ANGLE_MEASURE_WITH_UNIT(PLANE_ANGLE_MEASURE(0.0174532925),#8693);
#8699=(CONVERSION_BASED_UNIT('DEGREE',#8695)NAMED_UNIT(#8694)PLANE_ANGLE_UNIT());
#8703=(NAMED_UNIT(*)SI_UNIT($,.STERADIAN.)SOLID_ANGLE_UNIT());
#8707=(LENGTH_UNIT()NAMED_UNIT(*)SI_UNIT(.MILLI.,.METRE.));
#8709=UNCERTAINTY_MEASURE_WITH_UNIT(LENGTH_MEASURE(0.000001),#8707,'DISTANCE_ACCURACY_VALUE','');
#8711=(GEOMETRIC_REPRESENTATION_CONTEXT(3)GLOBAL_UNCERTAINTY_ASSIGNED_CONTEXT((#8709))GLOBAL_UNIT_ASSIGNED_CONTEXT((#8699,#8703,#8707))REPRESENTATION_CONTEXT('','3D'));
#8712=CARTESIAN_POINT('',(5.75,2.999999999999996,0.0));
#8713=DIRECTION('',(0.0,-1.0,0.0));
#8714=VECTOR('',#8713,0.299999999999998);
#8715=LINE('',#8712,#8714);
#8716=CARTESIAN_POINT('',(5.75,2.699999999999998,0.0));
#8717=TRIMMED_CURVE('',#8715,(PARAMETER_VALUE(0.0),#8712),(PARAMETER_VALUE(1.0),#8716),.T.,.PARAMETER.);
#8723=(NAMED_UNIT(*)PLANE_ANGLE_UNIT()SI_UNIT($,.RADIAN.));
#8724=DIMENSIONAL_EXPONENTS(0.0,0.0,0.0,0.0,0.0,0.0,0.0);
#8725=PLANE_ANGLE_MEASURE_WITH_UNIT(PLANE_ANGLE_MEASURE(0.0174532925),#8723);
#8729=(CONVERSION_BASED_UNIT('DEGREE',#8725)NAMED_UNIT(#8724)PLANE_ANGLE_UNIT());
#8733=(NAMED_UNIT(*)SI_UNIT($,.STERADIAN.)SOLID_ANGLE_UNIT());
#8737=(LENGTH_UNIT()NAMED_UNIT(*)SI_UNIT(.MILLI.,.METRE.));
#8739=UNCERTAINTY_MEASURE_WITH_UNIT(LENGTH_MEASURE(0.000001),#8737,'DISTANCE_ACCURACY_VALUE','');
#8741=(GEOMETRIC_REPRESENTATION_CONTEXT(3)GLOBAL_UNCERTAINTY_ASSIGNED_CONTEXT((#8739))GLOBAL_UNIT_ASSIGNED_CONTEXT((#8729,#8733,#8737))REPRESENTATION_CONTEXT('','3D'));
#8742=CARTESIAN_POINT('',(5.75,2.699999999999998,0.0));
#8743=DIRECTION('',(-1.0,0.0,0.0));
#8744=VECTOR('',#8743,0.499999999999999);
#8745=LINE('',#8742,#8744);
#8746=CARTESIAN_POINT('',(5.250000000000001,2.699999999999998,0.0));
#8747=TRIMMED_CURVE('',#8745,(PARAMETER_VALUE(0.0),#8742),(PARAMETER_VALUE(1.0),#8746),.T.,.PARAMETER.);
#8753=(NAMED_UNIT(*)PLANE_ANGLE_UNIT()SI_UNIT($,.RADIAN.));
#8754=DIMENSIONAL_EXPONENTS(0.0,0.0,0.0,0.0,0.0,0.0,0.0);
#8755=PLANE_ANGLE_MEASURE_WITH_UNIT(PLANE_ANGLE_MEASURE(0.0174532925),#8753);
#8759=(CONVERSION_BASED_UNIT('DEGREE',#8755)NAMED_UNIT(#8754)PLANE_ANGLE_UNIT());
#8763=(NAMED_UNIT(*)SI_UNIT($,.STERADIAN.)SOLID_ANGLE_UNIT());
#8767=(LENGTH_UNIT()NAMED_UNIT(*)SI_UNIT(.MILLI.,.METRE.));
#8769=UNCERTAINTY_MEASURE_WITH_UNIT(LENGTH_MEASURE(0.000001),#8767,'DISTANCE_ACCURACY_VALUE','');
#8771=(GEOMETRIC_REPRESENTATION_CONTEXT(3)GLOBAL_UNCERTAINTY_ASSIGNED_CONTEXT((#8769))GLOBAL_UNIT_ASSIGNED_CONTEXT((#8759,#8763,#8767))REPRESENTATION_CONTEXT('','3D'));
#8772=CARTESIAN_POINT('',(5.25,2.699999999999998,0.0));
#8773=DIRECTION('',(0.0,1.0,0.0));
#8774=VECTOR('',#8773,0.300000000000001);
#8775=LINE('',#8772,#8774);
#8776=CARTESIAN_POINT('',(5.25,2.999999999999998,0.0));
#8777=TRIMMED_CURVE('',#8775,(PARAMETER_VALUE(0.0),#8772),(PARAMETER_VALUE(1.0),#8776),.T.,.PARAMETER.);
#8783=(NAMED_UNIT(*)PLANE_ANGLE_UNIT()SI_UNIT($,.RADIAN.));
#8784=DIMENSIONAL_EXPONENTS(0.0,0.0,0.0,0.0,0.0,0.0,0.0);
#8785=PLANE_ANGLE_MEASURE_WITH_UNIT(PLANE_ANGLE_MEASURE(0.0174532925),#8783);
#8789=(CONVERSION_BASED_UNIT('DEGREE',#8785)NAMED_UNIT(#8784)PLANE_ANGLE_UNIT());
#8793=(NAMED_UNIT(*)SI_UNIT($,.STERADIAN.)SOLID_ANGLE_UNIT());
#8797=(LENGTH_UNIT()NAMED_UNIT(*)SI_UNIT(.MILLI.,.METRE.));
#8799=UNCERTAINTY_MEASURE_WITH_UNIT(LENGTH_MEASURE(0.000001),#8797,'DISTANCE_ACCURACY_VALUE','');
#8801=(GEOMETRIC_REPRESENTATION_CONTEXT(3)GLOBAL_UNCERTAINTY_ASSIGNED_CONTEXT((#8799))GLOBAL_UNIT_ASSIGNED_CONTEXT((#8789,#8793,#8797))REPRESENTATION_CONTEXT('','3D'));
#8802=CARTESIAN_POINT('',(5.25,2.999999999999998,0.0));
#8803=DIRECTION('',(-1.0,0.0,0.0));
#8804=VECTOR('',#8803,0.250000000000002);
#8805=LINE('',#8802,#8804);
#8806=CARTESIAN_POINT('',(4.999999999999998,3.0,0.0));
#8807=TRIMMED_CURVE('',#8805,(PARAMETER_VALUE(0.0),#8802),(PARAMETER_VALUE(1.0),#8806),.T.,.PARAMETER.);
#8813=(NAMED_UNIT(*)PLANE_ANGLE_UNIT()SI_UNIT($,.RADIAN.));
#8814=DIMENSIONAL_EXPONENTS(0.0,0.0,0.0,0.0,0.0,0.0,0.0);
#8815=PLANE_ANGLE_MEASURE_WITH_UNIT(PLANE_ANGLE_MEASURE(0.0174532925),#8813);
#8819=(CONVERSION_BASED_UNIT('DEGREE',#8815)NAMED_UNIT(#8814)PLANE_ANGLE_UNIT());
#8823=(NAMED_UNIT(*)SI_UNIT($,.STERADIAN.)SOLID_ANGLE_UNIT());
#8827=(LENGTH_UNIT()NAMED_UNIT(*)SI_UNIT(.MILLI.,.METRE.));
#8829=UNCERTAINTY_MEASURE_WITH_UNIT(LENGTH_MEASURE(0.000001),#8827,'DISTANCE_ACCURACY_VALUE','');
#8831=(GEOMETRIC_REPRESENTATION_CONTEXT(3)GLOBAL_UNCERTAINTY_ASSIGNED_CONTEXT((#8829))GLOBAL_UNIT_ASSIGNED_CONTEXT((#8819,#8823,#8827))REPRESENTATION_CONTEXT('','3D'));
#8832=CARTESIAN_POINT('',(4.75,2.999999999999996,0.0));
#8833=DIRECTION('',(1.0,0.0,0.0));
#8834=VECTOR('',#8833,0.25);
#8835=LINE('',#8832,#8834);
#8836=CARTESIAN_POINT('',(5.0,2.999999999999996,0.0));
#8837=TRIMMED_CURVE('',#8835,(PARAMETER_VALUE(0.0),#8832),(PARAMETER_VALUE(1.0),#8836),.T.,.PARAMETER.);
#8843=(NAMED_UNIT(*)PLANE_ANGLE_UNIT()SI_UNIT($,.RADIAN.));
#8844=DIMENSIONAL_EXPONENTS(0.0,0.0,0.0,0.0,0.0,0.0,0.0);
#8845=PLANE_ANGLE_MEASURE_WITH_UNIT(PLANE_ANGLE_MEASURE(0.0174532925),#8843);
#8849=(CONVERSION_BASED_UNIT('DEGREE',#8845)NAMED_UNIT(#8844)PLANE_ANGLE_UNIT());
#8853=(NAMED_UNIT(*)SI_UNIT($,.STERADIAN.)SOLID_ANGLE_UNIT());
#8857=(LENGTH_UNIT()NAMED_UNIT(*)SI_UNIT(.MILLI.,.METRE.));
#8859=UNCERTAINTY_MEASURE_WITH_UNIT(LENGTH_MEASURE(0.000001),#8857,'DISTANCE_ACCURACY_VALUE','');
#8861=(GEOMETRIC_REPRESENTATION_CONTEXT(3)GLOBAL_UNCERTAINTY_ASSIGNED_CONTEXT((#8859))GLOBAL_UNIT_ASSIGNED_CONTEXT((#8849,#8853,#8857))REPRESENTATION_CONTEXT('','3D'));
#8862=CARTESIAN_POINT('',(4.75,2.999999999999996,0.0));
#8863=DIRECTION('',(0.0,-1.0,0.0));
#8864=VECTOR('',#8863,0.299999999999998);
#8865=LINE('',#8862,#8864);
#8866=CARTESIAN_POINT('',(4.750000000000001,2.699999999999998,0.0));
#8867=TRIMMED_CURVE('',#8865,(PARAMETER_VALUE(0.0),#8862),(PARAMETER_VALUE(1.0),#8866),.T.,.PARAMETER.);
#8873=(NAMED_UNIT(*)PLANE_ANGLE_UNIT()SI_UNIT($,.RADIAN.));
#8874=DIMENSIONAL_EXPONENTS(0.0,0.0,0.0,0.0,0.0,0.0,0.0);
#8875=PLANE_ANGLE_MEASURE_WITH_UNIT(PLANE_ANGLE_MEASURE(0.0174532925),#8873);
#8879=(CONVERSION_BASED_UNIT('DEGREE',#8875)NAMED_UNIT(#8874)PLANE_ANGLE_UNIT());
#8883=(NAMED_UNIT(*)SI_UNIT($,.STERADIAN.)SOLID_ANGLE_UNIT());
#8887=(LENGTH_UNIT()NAMED_UNIT(*)SI_UNIT(.MILLI.,.METRE.));
#8889=UNCERTAINTY_MEASURE_WITH_UNIT(LENGTH_MEASURE(0.000001),#8887,'DISTANCE_ACCURACY_VALUE','');
#8891=(GEOMETRIC_REPRESENTATION_CONTEXT(3)GLOBAL_UNCERTAINTY_ASSIGNED_CONTEXT((#8889))GLOBAL_UNIT_ASSIGNED_CONTEXT((#8879,#8883,#8887))REPRESENTATION_CONTEXT('','3D'));
#8892=CARTESIAN_POINT('',(4.75,2.699999999999998,0.0));
#8893=DIRECTION('',(-1.0,0.0,0.0));
#8894=VECTOR('',#8893,0.5);
#8895=LINE('',#8892,#8894);
#8896=CARTESIAN_POINT('',(4.25,2.699999999999998,0.0));
#8897=TRIMMED_CURVE('',#8895,(PARAMETER_VALUE(0.0),#8892),(PARAMETER_VALUE(1.0),#8896),.T.,.PARAMETER.);
#8903=(NAMED_UNIT(*)PLANE_ANGLE_UNIT()SI_UNIT($,.RADIAN.));
#8904=DIMENSIONAL_EXPONENTS(0.0,0.0,0.0,0.0,0.0,0.0,0.0);
#8905=PLANE_ANGLE_MEASURE_WITH_UNIT(PLANE_ANGLE_MEASURE(0.0174532925),#8903);
#8909=(CONVERSION_BASED_UNIT('DEGREE',#8905)NAMED_UNIT(#8904)PLANE_ANGLE_UNIT());
#8913=(NAMED_UNIT(*)SI_UNIT($,.STERADIAN.)SOLID_ANGLE_UNIT());
#8917=(LENGTH_UNIT()NAMED_UNIT(*)SI_UNIT(.MILLI.,.METRE.));
#8919=UNCERTAINTY_MEASURE_WITH_UNIT(LENGTH_MEASURE(0.000001),#8917,'DISTANCE_ACCURACY_VALUE','');
#8921=(GEOMETRIC_REPRESENTATION_CONTEXT(3)GLOBAL_UNCERTAINTY_ASSIGNED_CONTEXT((#8919))GLOBAL_UNIT_ASSIGNED_CONTEXT((#8909,#8913,#8917))REPRESENTATION_CONTEXT('','3D'));
#8922=CARTESIAN_POINT('',(4.25,2.699999999999998,0.0));
#8923=DIRECTION('',(0.0,1.0,0.0));
#8924=VECTOR('',#8923,0.300000000000001);
#8925=LINE('',#8922,#8924);
#8926=CARTESIAN_POINT('',(4.25,2.999999999999998,0.0));
#8927=TRIMMED_CURVE('',#8925,(PARAMETER_VALUE(0.0),#8922),(PARAMETER_VALUE(1.0),#8926),.T.,.PARAMETER.);
#8933=(NAMED_UNIT(*)PLANE_ANGLE_UNIT()SI_UNIT($,.RADIAN.));
#8934=DIMENSIONAL_EXPONENTS(0.0,0.0,0.0,0.0,0.0,0.0,0.0);
#8935=PLANE_ANGLE_MEASURE_WITH_UNIT(PLANE_ANGLE_MEASURE(0.0174532925),#8933);
#8939=(CONVERSION_BASED_UNIT('DEGREE',#8935)NAMED_UNIT(#8934)PLANE_ANGLE_UNIT());
#8943=(NAMED_UNIT(*)SI_UNIT($,.STERADIAN.)SOLID_ANGLE_UNIT());
#8947=(LENGTH_UNIT()NAMED_UNIT(*)SI_UNIT(.MILLI.,.METRE.));
#8949=UNCERTAINTY_MEASURE_WITH_UNIT(LENGTH_MEASURE(0.000001),#8947,'DISTANCE_ACCURACY_VALUE','');
#8951=(GEOMETRIC_REPRESENTATION_CONTEXT(3)GLOBAL_UNCERTAINTY_ASSIGNED_CONTEXT((#8949))GLOBAL_UNIT_ASSIGNED_CONTEXT((#8939,#8943,#8947))REPRESENTATION_CONTEXT('','3D'));
#8952=CARTESIAN_POINT('',(4.25,2.999999999999998,0.0));
#8953=DIRECTION('',(-1.0,0.0,0.0));
#8954=VECTOR('',#8953,0.250000000000001);
#8955=LINE('',#8952,#8954);
#8956=CARTESIAN_POINT('',(3.999999999999999,3.0,0.0));
#8957=TRIMMED_CURVE('',#8955,(PARAMETER_VALUE(0.0),#8952),(PARAMETER_VALUE(1.0),#8956),.T.,.PARAMETER.);
#8963=(NAMED_UNIT(*)PLANE_ANGLE_UNIT()SI_UNIT($,.RADIAN.));
#8964=DIMENSIONAL_EXPONENTS(0.0,0.0,0.0,0.0,0.0,0.0,0.0);
#8965=PLANE_ANGLE_MEASURE_WITH_UNIT(PLANE_ANGLE_MEASURE(0.0174532925),#8963);
#8969=(CONVERSION_BASED_UNIT('DEGREE',#8965)NAMED_UNIT(#8964)PLANE_ANGLE_UNIT());
#8973=(NAMED_UNIT(*)SI_UNIT($,.STERADIAN.)SOLID_ANGLE_UNIT());
#8977=(LENGTH_UNIT()NAMED_UNIT(*)SI_UNIT(.MILLI.,.METRE.));
#8979=UNCERTAINTY_MEASURE_WITH_UNIT(LENGTH_MEASURE(0.000001),#8977,'DISTANCE_ACCURACY_VALUE','');
#8981=(GEOMETRIC_REPRESENTATION_CONTEXT(3)GLOBAL_UNCERTAINTY_ASSIGNED_CONTEXT((#8979))GLOBAL_UNIT_ASSIGNED_CONTEXT((#8969,#8973,#8977))REPRESENTATION_CONTEXT('','3D'));
#8982=CARTESIAN_POINT('',(3.75,2.999999999999996,0.0));
#8983=DIRECTION('',(1.0,0.0,0.0));
#8984=VECTOR('',#8983,0.25);
#8985=LINE('',#8982,#8984);
#8986=CARTESIAN_POINT('',(4.0,2.999999999999996,0.0));
#8987=TRIMMED_CURVE('',#8985,(PARAMETER_VALUE(0.0),#8982),(PARAMETER_VALUE(1.0),#8986),.T.,.PARAMETER.);
#8993=(NAMED_UNIT(*)PLANE_ANGLE_UNIT()SI_UNIT($,.RADIAN.));
#8994=DIMENSIONAL_EXPONENTS(0.0,0.0,0.0,0.0,0.0,0.0,0.0);
#8995=PLANE_ANGLE_MEASURE_WITH_UNIT(PLANE_ANGLE_MEASURE(0.0174532925),#8993);
#8999=(CONVERSION_BASED_UNIT('DEGREE',#8995)NAMED_UNIT(#8994)PLANE_ANGLE_UNIT());
#9003=(NAMED_UNIT(*)SI_UNIT($,.STERADIAN.)SOLID_ANGLE_UNIT());
#9007=(LENGTH_UNIT()NAMED_UNIT(*)SI_UNIT(.MILLI.,.METRE.));
#9009=UNCERTAINTY_MEASURE_WITH_UNIT(LENGTH_MEASURE(0.000001),#9007,'DISTANCE_ACCURACY_VALUE','');
#9011=(GEOMETRIC_REPRESENTATION_CONTEXT(3)GLOBAL_UNCERTAINTY_ASSIGNED_CONTEXT((#9009))GLOBAL_UNIT_ASSIGNED_CONTEXT((#8999,#9003,#9007))REPRESENTATION_CONTEXT('','3D'));
#9012=CARTESIAN_POINT('',(3.75,2.999999999999996,0.0));
#9013=DIRECTION('',(0.0,-1.0,0.0));
#9014=VECTOR('',#9013,0.299999999999998);
#9015=LINE('',#9012,#9014);
#9016=CARTESIAN_POINT('',(3.75,2.699999999999998,0.0));
#9017=TRIMMED_CURVE('',#9015,(PARAMETER_VALUE(0.0),#9012),(PARAMETER_VALUE(1.0),#9016),.T.,.PARAMETER.);
#9023=(NAMED_UNIT(*)PLANE_ANGLE_UNIT()SI_UNIT($,.RADIAN.));
#9024=DIMENSIONAL_EXPONENTS(0.0,0.0,0.0,0.0,0.0,0.0,0.0);
#9025=PLANE_ANGLE_MEASURE_WITH_UNIT(PLANE_ANGLE_MEASURE(0.0174532925),#9023);
#9029=(CONVERSION_BASED_UNIT('DEGREE',#9025)NAMED_UNIT(#9024)PLANE_ANGLE_UNIT());
#9033=(NAMED_UNIT(*)SI_UNIT($,.STERADIAN.)SOLID_ANGLE_UNIT());
#9037=(LENGTH_UNIT()NAMED_UNIT(*)SI_UNIT(.MILLI.,.METRE.));
#9039=UNCERTAINTY_MEASURE_WITH_UNIT(LENGTH_MEASURE(0.000001),#9037,'DISTANCE_ACCURACY_VALUE','');
#9041=(GEOMETRIC_REPRESENTATION_CONTEXT(3)GLOBAL_UNCERTAINTY_ASSIGNED_CONTEXT((#9039))GLOBAL_UNIT_ASSIGNED_CONTEXT((#9029,#9033,#9037))REPRESENTATION_CONTEXT('','3D'));
#9042=CARTESIAN_POINT('',(3.75,2.699999999999998,0.0));
#9043=DIRECTION('',(-1.0,0.0,0.0));
#9044=VECTOR('',#9043,0.5);
#9045=LINE('',#9042,#9044);
#9046=CARTESIAN_POINT('',(3.25,2.699999999999998,0.0));
#9047=TRIMMED_CURVE('',#9045,(PARAMETER_VALUE(0.0),#9042),(PARAMETER_VALUE(1.0),#9046),.T.,.PARAMETER.);
#9053=(NAMED_UNIT(*)PLANE_ANGLE_UNIT()SI_UNIT($,.RADIAN.));
#9054=DIMENSIONAL_EXPONENTS(0.0,0.0,0.0,0.0,0.0,0.0,0.0);
#9055=PLANE_ANGLE_MEASURE_WITH_UNIT(PLANE_ANGLE_MEASURE(0.0174532925),#9053);
#9059=(CONVERSION_BASED_UNIT('DEGREE',#9055)NAMED_UNIT(#9054)PLANE_ANGLE_UNIT());
#9063=(NAMED_UNIT(*)SI_UNIT($,.STERADIAN.)SOLID_ANGLE_UNIT());
#9067=(LENGTH_UNIT()NAMED_UNIT(*)SI_UNIT(.MILLI.,.METRE.));
#9069=UNCERTAINTY_MEASURE_WITH_UNIT(LENGTH_MEASURE(0.000001),#9067,'DISTANCE_ACCURACY_VALUE','');
#9071=(GEOMETRIC_REPRESENTATION_CONTEXT(3)GLOBAL_UNCERTAINTY_ASSIGNED_CONTEXT((#9069))GLOBAL_UNIT_ASSIGNED_CONTEXT((#9059,#9063,#9067))REPRESENTATION_CONTEXT('','3D'));
#9072=CARTESIAN_POINT('',(3.250000000000001,2.699999999999998,0.0));
#9073=DIRECTION('',(0.0,1.0,0.0));
#9074=VECTOR('',#9073,0.300000000000001);
#9075=LINE('',#9072,#9074);
#9076=CARTESIAN_POINT('',(3.250000000000001,2.999999999999998,0.0));
#9077=TRIMMED_CURVE('',#9075,(PARAMETER_VALUE(0.0),#9072),(PARAMETER_VALUE(1.0),#9076),.T.,.PARAMETER.);
#9083=(NAMED_UNIT(*)PLANE_ANGLE_UNIT()SI_UNIT($,.RADIAN.));
#9084=DIMENSIONAL_EXPONENTS(0.0,0.0,0.0,0.0,0.0,0.0,0.0);
#9085=PLANE_ANGLE_MEASURE_WITH_UNIT(PLANE_ANGLE_MEASURE(0.0174532925),#9083);
#9089=(CONVERSION_BASED_UNIT('DEGREE',#9085)NAMED_UNIT(#9084)PLANE_ANGLE_UNIT());
#9093=(NAMED_UNIT(*)SI_UNIT($,.STERADIAN.)SOLID_ANGLE_UNIT());
#9097=(LENGTH_UNIT()NAMED_UNIT(*)SI_UNIT(.MILLI.,.METRE.));
#9099=UNCERTAINTY_MEASURE_WITH_UNIT(LENGTH_MEASURE(0.000001),#9097,'DISTANCE_ACCURACY_VALUE','');
#9101=(GEOMETRIC_REPRESENTATION_CONTEXT(3)GLOBAL_UNCERTAINTY_ASSIGNED_CONTEXT((#9099))GLOBAL_UNIT_ASSIGNED_CONTEXT((#9089,#9093,#9097))REPRESENTATION_CONTEXT('','3D'));
#9102=CARTESIAN_POINT('',(3.250000000000001,2.999999999999998,0.0));
#9103=DIRECTION('',(-1.0,0.0,0.0));
#9104=VECTOR('',#9103,0.250000000000001);
#9105=LINE('',#9102,#9104);
#9106=CARTESIAN_POINT('',(3.0,3.0,0.0));
#9107=TRIMMED_CURVE('',#9105,(PARAMETER_VALUE(0.0),#9102),(PARAMETER_VALUE(1.0),#9106),.T.,.PARAMETER.);
#9113=(NAMED_UNIT(*)PLANE_ANGLE_UNIT()SI_UNIT($,.RADIAN.));
#9114=DIMENSIONAL_EXPONENTS(0.0,0.0,0.0,0.0,0.0,0.0,0.0);
#9115=PLANE_ANGLE_MEASURE_WITH_UNIT(PLANE_ANGLE_MEASURE(0.0174532925),#9113);
#9119=(CONVERSION_BASED_UNIT('DEGREE',#9115)NAMED_UNIT(#9114)PLANE_ANGLE_UNIT());
#9123=(NAMED_UNIT(*)SI_UNIT($,.STERADIAN.)SOLID_ANGLE_UNIT());
#9127=(LENGTH_UNIT()NAMED_UNIT(*)SI_UNIT(.MILLI.,.METRE.));
#9129=UNCERTAINTY_MEASURE_WITH_UNIT(LENGTH_MEASURE(0.000001),#9127,'DISTANCE_ACCURACY_VALUE','');
#9131=(GEOMETRIC_REPRESENTATION_CONTEXT(3)GLOBAL_UNCERTAINTY_ASSIGNED_CONTEXT((#9129))GLOBAL_UNIT_ASSIGNED_CONTEXT((#9119,#9123,#9127))REPRESENTATION_CONTEXT('','3D'));
#9132=CARTESIAN_POINT('',(2.75,2.999999999999996,0.0));
#9133=DIRECTION('',(1.0,0.0,0.0));
#9134=VECTOR('',#9133,0.25);
#9135=LINE('',#9132,#9134);
#9136=CARTESIAN_POINT('',(3.0,2.999999999999996,0.0));
#9137=TRIMMED_CURVE('',#9135,(PARAMETER_VALUE(0.0),#9132),(PARAMETER_VALUE(1.0),#9136),.T.,.PARAMETER.);
#9143=(NAMED_UNIT(*)PLANE_ANGLE_UNIT()SI_UNIT($,.RADIAN.));
#9144=DIMENSIONAL_EXPONENTS(0.0,0.0,0.0,0.0,0.0,0.0,0.0);
#9145=PLANE_ANGLE_MEASURE_WITH_UNIT(PLANE_ANGLE_MEASURE(0.0174532925),#9143);
#9149=(CONVERSION_BASED_UNIT('DEGREE',#9145)NAMED_UNIT(#9144)PLANE_ANGLE_UNIT());
#9153=(NAMED_UNIT(*)SI_UNIT($,.STERADIAN.)SOLID_ANGLE_UNIT());
#9157=(LENGTH_UNIT()NAMED_UNIT(*)SI_UNIT(.MILLI.,.METRE.));
#9159=UNCERTAINTY_MEASURE_WITH_UNIT(LENGTH_MEASURE(0.000001),#9157,'DISTANCE_ACCURACY_VALUE','');
#9161=(GEOMETRIC_REPRESENTATION_CONTEXT(3)GLOBAL_UNCERTAINTY_ASSIGNED_CONTEXT((#9159))GLOBAL_UNIT_ASSIGNED_CONTEXT((#9149,#9153,#9157))REPRESENTATION_CONTEXT('','3D'));
#9162=CARTESIAN_POINT('',(2.75,2.999999999999996,0.0));
#9163=DIRECTION('',(0.0,-1.0,0.0));
#9164=VECTOR('',#9163,0.299999999999998);
#9165=LINE('',#9162,#9164);
#9166=CARTESIAN_POINT('',(2.75,2.699999999999998,0.0));
#9167=TRIMMED_CURVE('',#9165,(PARAMETER_VALUE(0.0),#9162),(PARAMETER_VALUE(1.0),#9166),.T.,.PARAMETER.);
#9173=(NAMED_UNIT(*)PLANE_ANGLE_UNIT()SI_UNIT($,.RADIAN.));
#9174=DIMENSIONAL_EXPONENTS(0.0,0.0,0.0,0.0,0.0,0.0,0.0);
#9175=PLANE_ANGLE_MEASURE_WITH_UNIT(PLANE_ANGLE_MEASURE(0.0174532925),#9173);
#9179=(CONVERSION_BASED_UNIT('DEGREE',#9175)NAMED_UNIT(#9174)PLANE_ANGLE_UNIT());
#9183=(NAMED_UNIT(*)SI_UNIT($,.STERADIAN.)SOLID_ANGLE_UNIT());
#9187=(LENGTH_UNIT()NAMED_UNIT(*)SI_UNIT(.MILLI.,.METRE.));
#9189=UNCERTAINTY_MEASURE_WITH_UNIT(LENGTH_MEASURE(0.000001),#9187,'DISTANCE_ACCURACY_VALUE','');
#9191=(GEOMETRIC_REPRESENTATION_CONTEXT(3)GLOBAL_UNCERTAINTY_ASSIGNED_CONTEXT((#9189))GLOBAL_UNIT_ASSIGNED_CONTEXT((#9179,#9183,#9187))REPRESENTATION_CONTEXT('','3D'));
#9192=CARTESIAN_POINT('',(2.75,2.699999999999998,0.0));
#9193=DIRECTION('',(-1.0,0.0,0.0));
#9194=VECTOR('',#9193,0.5);
#9195=LINE('',#9192,#9194);
#9196=CARTESIAN_POINT('',(2.25,2.699999999999998,0.0));
#9197=TRIMMED_CURVE('',#9195,(PARAMETER_VALUE(0.0),#9192),(PARAMETER_VALUE(1.0),#9196),.T.,.PARAMETER.);
#9203=(NAMED_UNIT(*)PLANE_ANGLE_UNIT()SI_UNIT($,.RADIAN.));
#9204=DIMENSIONAL_EXPONENTS(0.0,0.0,0.0,0.0,0.0,0.0,0.0);
#9205=PLANE_ANGLE_MEASURE_WITH_UNIT(PLANE_ANGLE_MEASURE(0.0174532925),#9203);
#9209=(CONVERSION_BASED_UNIT('DEGREE',#9205)NAMED_UNIT(#9204)PLANE_ANGLE_UNIT());
#9213=(NAMED_UNIT(*)SI_UNIT($,.STERADIAN.)SOLID_ANGLE_UNIT());
#9217=(LENGTH_UNIT()NAMED_UNIT(*)SI_UNIT(.MILLI.,.METRE.));
#9219=UNCERTAINTY_MEASURE_WITH_UNIT(LENGTH_MEASURE(0.000001),#9217,'DISTANCE_ACCURACY_VALUE','');
#9221=(GEOMETRIC_REPRESENTATION_CONTEXT(3)GLOBAL_UNCERTAINTY_ASSIGNED_CONTEXT((#9219))GLOBAL_UNIT_ASSIGNED_CONTEXT((#9209,#9213,#9217))REPRESENTATION_CONTEXT('','3D'));
#9222=CARTESIAN_POINT('',(2.25,2.699999999999998,0.0));
#9223=DIRECTION('',(0.0,1.0,0.0));
#9224=VECTOR('',#9223,0.300000000000001);
#9225=LINE('',#9222,#9224);
#9226=CARTESIAN_POINT('',(2.25,2.999999999999998,0.0));
#9227=TRIMMED_CURVE('',#9225,(PARAMETER_VALUE(0.0),#9222),(PARAMETER_VALUE(1.0),#9226),.T.,.PARAMETER.);
#9233=(NAMED_UNIT(*)PLANE_ANGLE_UNIT()SI_UNIT($,.RADIAN.));
#9234=DIMENSIONAL_EXPONENTS(0.0,0.0,0.0,0.0,0.0,0.0,0.0);
#9235=PLANE_ANGLE_MEASURE_WITH_UNIT(PLANE_ANGLE_MEASURE(0.0174532925),#9233);
#9239=(CONVERSION_BASED_UNIT('DEGREE',#9235)NAMED_UNIT(#9234)PLANE_ANGLE_UNIT());
#9243=(NAMED_UNIT(*)SI_UNIT($,.STERADIAN.)SOLID_ANGLE_UNIT());
#9247=(LENGTH_UNIT()NAMED_UNIT(*)SI_UNIT(.MILLI.,.METRE.));
#9249=UNCERTAINTY_MEASURE_WITH_UNIT(LENGTH_MEASURE(0.000001),#9247,'DISTANCE_ACCURACY_VALUE','');
#9251=(GEOMETRIC_REPRESENTATION_CONTEXT(3)GLOBAL_UNCERTAINTY_ASSIGNED_CONTEXT((#9249))GLOBAL_UNIT_ASSIGNED_CONTEXT((#9239,#9243,#9247))REPRESENTATION_CONTEXT('','3D'));
#9252=CARTESIAN_POINT('',(2.25,2.999999999999998,0.0));
#9253=DIRECTION('',(-1.0,0.0,0.0));
#9254=VECTOR('',#9253,0.250000000000001);
#9255=LINE('',#9252,#9254);
#9256=CARTESIAN_POINT('',(1.999999999999999,3.0,0.0));
#9257=TRIMMED_CURVE('',#9255,(PARAMETER_VALUE(0.0),#9252),(PARAMETER_VALUE(1.0),#9256),.T.,.PARAMETER.);
#9263=(NAMED_UNIT(*)PLANE_ANGLE_UNIT()SI_UNIT($,.RADIAN.));
#9264=DIMENSIONAL_EXPONENTS(0.0,0.0,0.0,0.0,0.0,0.0,0.0);
#9265=PLANE_ANGLE_MEASURE_WITH_UNIT(PLANE_ANGLE_MEASURE(0.0174532925),#9263);
#9269=(CONVERSION_BASED_UNIT('DEGREE',#9265)NAMED_UNIT(#9264)PLANE_ANGLE_UNIT());
#9273=(NAMED_UNIT(*)SI_UNIT($,.STERADIAN.)SOLID_ANGLE_UNIT());
#9277=(LENGTH_UNIT()NAMED_UNIT(*)SI_UNIT(.MILLI.,.METRE.));
#9279=UNCERTAINTY_MEASURE_WITH_UNIT(LENGTH_MEASURE(0.000001),#9277,'DISTANCE_ACCURACY_VALUE','');
#9281=(GEOMETRIC_REPRESENTATION_CONTEXT(3)GLOBAL_UNCERTAINTY_ASSIGNED_CONTEXT((#9279))GLOBAL_UNIT_ASSIGNED_CONTEXT((#9269,#9273,#9277))REPRESENTATION_CONTEXT('','3D'));
#9282=CARTESIAN_POINT('',(1.75,2.999999999999996,0.0));
#9283=DIRECTION('',(1.0,0.0,0.0));
#9284=VECTOR('',#9283,0.25);
#9285=LINE('',#9282,#9284);
#9286=CARTESIAN_POINT('',(2.0,2.999999999999996,0.0));
#9287=TRIMMED_CURVE('',#9285,(PARAMETER_VALUE(0.0),#9282),(PARAMETER_VALUE(1.0),#9286),.T.,.PARAMETER.);
#9293=(NAMED_UNIT(*)PLANE_ANGLE_UNIT()SI_UNIT($,.RADIAN.));
#9294=DIMENSIONAL_EXPONENTS(0.0,0.0,0.0,0.0,0.0,0.0,0.0);
#9295=PLANE_ANGLE_MEASURE_WITH_UNIT(PLANE_ANGLE_MEASURE(0.0174532925),#9293);
#9299=(CONVERSION_BASED_UNIT('DEGREE',#9295)NAMED_UNIT(#9294)PLANE_ANGLE_UNIT());
#9303=(NAMED_UNIT(*)SI_UNIT($,.STERADIAN.)SOLID_ANGLE_UNIT());
#9307=(LENGTH_UNIT()NAMED_UNIT(*)SI_UNIT(.MILLI.,.METRE.));
#9309=UNCERTAINTY_MEASURE_WITH_UNIT(LENGTH_MEASURE(0.000001),#9307,'DISTANCE_ACCURACY_VALUE','');
#9311=(GEOMETRIC_REPRESENTATION_CONTEXT(3)GLOBAL_UNCERTAINTY_ASSIGNED_CONTEXT((#9309))GLOBAL_UNIT_ASSIGNED_CONTEXT((#9299,#9303,#9307))REPRESENTATION_CONTEXT('','3D'));
#9312=CARTESIAN_POINT('',(1.75,2.999999999999996,0.0));
#9313=DIRECTION('',(0.0,-1.0,0.0));
#9314=VECTOR('',#9313,0.299999999999998);
#9315=LINE('',#9312,#9314);
#9316=CARTESIAN_POINT('',(1.75,2.699999999999998,0.0));
#9317=TRIMMED_CURVE('',#9315,(PARAMETER_VALUE(0.0),#9312),(PARAMETER_VALUE(1.0),#9316),.T.,.PARAMETER.);
#9323=(NAMED_UNIT(*)PLANE_ANGLE_UNIT()SI_UNIT($,.RADIAN.));
#9324=DIMENSIONAL_EXPONENTS(0.0,0.0,0.0,0.0,0.0,0.0,0.0);
#9325=PLANE_ANGLE_MEASURE_WITH_UNIT(PLANE_ANGLE_MEASURE(0.0174532925),#9323);
#9329=(CONVERSION_BASED_UNIT('DEGREE',#9325)NAMED_UNIT(#9324)PLANE_ANGLE_UNIT());
#9333=(NAMED_UNIT(*)SI_UNIT($,.STERADIAN.)SOLID_ANGLE_UNIT());
#9337=(LENGTH_UNIT()NAMED_UNIT(*)SI_UNIT(.MILLI.,.METRE.));
#9339=UNCERTAINTY_MEASURE_WITH_UNIT(LENGTH_MEASURE(0.000001),#9337,'DISTANCE_ACCURACY_VALUE','');
#9341=(GEOMETRIC_REPRESENTATION_CONTEXT(3)GLOBAL_UNCERTAINTY_ASSIGNED_CONTEXT((#9339))GLOBAL_UNIT_ASSIGNED_CONTEXT((#9329,#9333,#9337))REPRESENTATION_CONTEXT('','3D'));
#9342=CARTESIAN_POINT('',(1.75,2.699999999999998,0.0));
#9343=DIRECTION('',(-1.0,0.0,0.0));
#9344=VECTOR('',#9343,0.5);
#9345=LINE('',#9342,#9344);
#9346=CARTESIAN_POINT('',(1.25,2.699999999999998,0.0));
#9347=TRIMMED_CURVE('',#9345,(PARAMETER_VALUE(0.0),#9342),(PARAMETER_VALUE(1.0),#9346),.T.,.PARAMETER.);
#9353=(NAMED_UNIT(*)PLANE_ANGLE_UNIT()SI_UNIT($,.RADIAN.));
#9354=DIMENSIONAL_EXPONENTS(0.0,0.0,0.0,0.0,0.0,0.0,0.0);
#9355=PLANE_ANGLE_MEASURE_WITH_UNIT(PLANE_ANGLE_MEASURE(0.0174532925),#9353);
#9359=(CONVERSION_BASED_UNIT('DEGREE',#9355)NAMED_UNIT(#9354)PLANE_ANGLE_UNIT());
#9363=(NAMED_UNIT(*)SI_UNIT($,.STERADIAN.)SOLID_ANGLE_UNIT());
#9367=(LENGTH_UNIT()NAMED_UNIT(*)SI_UNIT(.MILLI.,.METRE.));
#9369=UNCERTAINTY_MEASURE_WITH_UNIT(LENGTH_MEASURE(0.000001),#9367,'DISTANCE_ACCURACY_VALUE','');
#9371=(GEOMETRIC_REPRESENTATION_CONTEXT(3)GLOBAL_UNCERTAINTY_ASSIGNED_CONTEXT((#9369))GLOBAL_UNIT_ASSIGNED_CONTEXT((#9359,#9363,#9367))REPRESENTATION_CONTEXT('','3D'));
#9372=CARTESIAN_POINT('',(1.25,2.699999999999998,0.0));
#9373=DIRECTION('',(0.0,1.0,0.0));
#9374=VECTOR('',#9373,0.300000000000001);
#9375=LINE('',#9372,#9374);
#9376=CARTESIAN_POINT('',(1.25,2.999999999999998,0.0));
#9377=TRIMMED_CURVE('',#9375,(PARAMETER_VALUE(0.0),#9372),(PARAMETER_VALUE(1.0),#9376),.T.,.PARAMETER.);
#9383=(NAMED_UNIT(*)PLANE_ANGLE_UNIT()SI_UNIT($,.RADIAN.));
#9384=DIMENSIONAL_EXPONENTS(0.0,0.0,0.0,0.0,0.0,0.0,0.0);
#9385=PLANE_ANGLE_MEASURE_WITH_UNIT(PLANE_ANGLE_MEASURE(0.0174532925),#9383);
#9389=(CONVERSION_BASED_UNIT('DEGREE',#9385)NAMED_UNIT(#9384)PLANE_ANGLE_UNIT());
#9393=(NAMED_UNIT(*)SI_UNIT($,.STERADIAN.)SOLID_ANGLE_UNIT());
#9397=(LENGTH_UNIT()NAMED_UNIT(*)SI_UNIT(.MILLI.,.METRE.));
#9399=UNCERTAINTY_MEASURE_WITH_UNIT(LENGTH_MEASURE(0.000001),#9397,'DISTANCE_ACCURACY_VALUE','');
#9401=(GEOMETRIC_REPRESENTATION_CONTEXT(3)GLOBAL_UNCERTAINTY_ASSIGNED_CONTEXT((#9399))GLOBAL_UNIT_ASSIGNED_CONTEXT((#9389,#9393,#9397))REPRESENTATION_CONTEXT('','3D'));
#9402=CARTESIAN_POINT('',(1.25,2.999999999999998,0.0));
#9403=DIRECTION('',(-1.0,0.0,0.0));
#9404=VECTOR('',#9403,0.250000000000001);
#9405=LINE('',#9402,#9404);
#9406=CARTESIAN_POINT('',(0.999999999999999,3.0,0.0));
#9407=TRIMMED_CURVE('',#9405,(PARAMETER_VALUE(0.0),#9402),(PARAMETER_VALUE(1.0),#9406),.T.,.PARAMETER.);
#9413=(NAMED_UNIT(*)PLANE_ANGLE_UNIT()SI_UNIT($,.RADIAN.));
#9414=DIMENSIONAL_EXPONENTS(0.0,0.0,0.0,0.0,0.0,0.0,0.0);
#9415=PLANE_ANGLE_MEASURE_WITH_UNIT(PLANE_ANGLE_MEASURE(0.0174532925),#9413);
#9419=(CONVERSION_BASED_UNIT('DEGREE',#9415)NAMED_UNIT(#9414)PLANE_ANGLE_UNIT());
#9423=(NAMED_UNIT(*)SI_UNIT($,.STERADIAN.)SOLID_ANGLE_UNIT());
#9427=(LENGTH_UNIT()NAMED_UNIT(*)SI_UNIT(.MILLI.,.METRE.));
#9429=UNCERTAINTY_MEASURE_WITH_UNIT(LENGTH_MEASURE(0.000001),#9427,'DISTANCE_ACCURACY_VALUE','');
#9431=(GEOMETRIC_REPRESENTATION_CONTEXT(3)GLOBAL_UNCERTAINTY_ASSIGNED_CONTEXT((#9429))GLOBAL_UNIT_ASSIGNED_CONTEXT((#9419,#9423,#9427))REPRESENTATION_CONTEXT('','3D'));
#9432=CARTESIAN_POINT('',(0.75,2.999999999999996,0.0));
#9433=DIRECTION('',(1.0,0.0,0.0));
#9434=VECTOR('',#9433,0.25);
#9435=LINE('',#9432,#9434);
#9436=CARTESIAN_POINT('',(1.0,2.999999999999996,0.0));
#9437=TRIMMED_CURVE('',#9435,(PARAMETER_VALUE(0.0),#9432),(PARAMETER_VALUE(1.0),#9436),.T.,.PARAMETER.);
#9443=(NAMED_UNIT(*)PLANE_ANGLE_UNIT()SI_UNIT($,.RADIAN.));
#9444=DIMENSIONAL_EXPONENTS(0.0,0.0,0.0,0.0,0.0,0.0,0.0);
#9445=PLANE_ANGLE_MEASURE_WITH_UNIT(PLANE_ANGLE_MEASURE(0.0174532925),#9443);
#9449=(CONVERSION_BASED_UNIT('DEGREE',#9445)NAMED_UNIT(#9444)PLANE_ANGLE_UNIT());
#9453=(NAMED_UNIT(*)SI_UNIT($,.STERADIAN.)SOLID_ANGLE_UNIT());
#9457=(LENGTH_UNIT()NAMED_UNIT(*)SI_UNIT(.MILLI.,.METRE.));
#9459=UNCERTAINTY_MEASURE_WITH_UNIT(LENGTH_MEASURE(0.000001),#9457,'DISTANCE_ACCURACY_VALUE','');
#9461=(GEOMETRIC_REPRESENTATION_CONTEXT(3)GLOBAL_UNCERTAINTY_ASSIGNED_CONTEXT((#9459))GLOBAL_UNIT_ASSIGNED_CONTEXT((#9449,#9453,#9457))REPRESENTATION_CONTEXT('','3D'));
#9462=CARTESIAN_POINT('',(0.25,2.699999999999998,0.0));
#9463=DIRECTION('',(0.0,1.0,0.0));
#9464=VECTOR('',#9463,0.300000000000001);
#9465=LINE('',#9462,#9464);
#9466=CARTESIAN_POINT('',(0.25,2.999999999999998,0.0));
#9467=TRIMMED_CURVE('',#9465,(PARAMETER_VALUE(0.0),#9462),(PARAMETER_VALUE(1.0),#9466),.T.,.PARAMETER.);
#9473=(NAMED_UNIT(*)PLANE_ANGLE_UNIT()SI_UNIT($,.RADIAN.));
#9474=DIMENSIONAL_EXPONENTS(0.0,0.0,0.0,0.0,0.0,0.0,0.0);
#9475=PLANE_ANGLE_MEASURE_WITH_UNIT(PLANE_ANGLE_MEASURE(0.0174532925),#9473);
#9479=(CONVERSION_BASED_UNIT('DEGREE',#9475)NAMED_UNIT(#9474)PLANE_ANGLE_UNIT());
#9483=(NAMED_UNIT(*)SI_UNIT($,.STERADIAN.)SOLID_ANGLE_UNIT());
#9487=(LENGTH_UNIT()NAMED_UNIT(*)SI_UNIT(.MILLI.,.METRE.));
#9489=UNCERTAINTY_MEASURE_WITH_UNIT(LENGTH_MEASURE(0.000001),#9487,'DISTANCE_ACCURACY_VALUE','');
#9491=(GEOMETRIC_REPRESENTATION_CONTEXT(3)GLOBAL_UNCERTAINTY_ASSIGNED_CONTEXT((#9489))GLOBAL_UNIT_ASSIGNED_CONTEXT((#9479,#9483,#9487))REPRESENTATION_CONTEXT('','3D'));
#9492=CARTESIAN_POINT('',(0.75,2.699999999999998,0.0));
#9493=DIRECTION('',(-1.0,0.0,0.0));
#9494=VECTOR('',#9493,0.5);
#9495=LINE('',#9492,#9494);
#9496=CARTESIAN_POINT('',(0.25,2.699999999999998,0.0));
#9497=TRIMMED_CURVE('',#9495,(PARAMETER_VALUE(0.0),#9492),(PARAMETER_VALUE(1.0),#9496),.T.,.PARAMETER.);
#9503=(NAMED_UNIT(*)PLANE_ANGLE_UNIT()SI_UNIT($,.RADIAN.));
#9504=DIMENSIONAL_EXPONENTS(0.0,0.0,0.0,0.0,0.0,0.0,0.0);
#9505=PLANE_ANGLE_MEASURE_WITH_UNIT(PLANE_ANGLE_MEASURE(0.0174532925),#9503);
#9509=(CONVERSION_BASED_UNIT('DEGREE',#9505)NAMED_UNIT(#9504)PLANE_ANGLE_UNIT());
#9513=(NAMED_UNIT(*)SI_UNIT($,.STERADIAN.)SOLID_ANGLE_UNIT());
#9517=(LENGTH_UNIT()NAMED_UNIT(*)SI_UNIT(.MILLI.,.METRE.));
#9519=UNCERTAINTY_MEASURE_WITH_UNIT(LENGTH_MEASURE(0.000001),#9517,'DISTANCE_ACCURACY_VALUE','');
#9521=(GEOMETRIC_REPRESENTATION_CONTEXT(3)GLOBAL_UNCERTAINTY_ASSIGNED_CONTEXT((#9519))GLOBAL_UNIT_ASSIGNED_CONTEXT((#9509,#9513,#9517))REPRESENTATION_CONTEXT('','3D'));
#9522=CARTESIAN_POINT('',(0.75,2.999999999999996,0.0));
#9523=DIRECTION('',(0.0,-1.0,0.0));
#9524=VECTOR('',#9523,0.299999999999998);
#9525=LINE('',#9522,#9524);
#9526=CARTESIAN_POINT('',(0.75,2.699999999999998,0.0));
#9527=TRIMMED_CURVE('',#9525,(PARAMETER_VALUE(0.0),#9522),(PARAMETER_VALUE(1.0),#9526),.T.,.PARAMETER.);
#9533=(NAMED_UNIT(*)PLANE_ANGLE_UNIT()SI_UNIT($,.RADIAN.));
#9534=DIMENSIONAL_EXPONENTS(0.0,0.0,0.0,0.0,0.0,0.0,0.0);
#9535=PLANE_ANGLE_MEASURE_WITH_UNIT(PLANE_ANGLE_MEASURE(0.0174532925),#9533);
#9539=(CONVERSION_BASED_UNIT('DEGREE',#9535)NAMED_UNIT(#9534)PLANE_ANGLE_UNIT());
#9543=(NAMED_UNIT(*)SI_UNIT($,.STERADIAN.)SOLID_ANGLE_UNIT());
#9547=(LENGTH_UNIT()NAMED_UNIT(*)SI_UNIT(.MILLI.,.METRE.));
#9549=UNCERTAINTY_MEASURE_WITH_UNIT(LENGTH_MEASURE(0.000001),#9547,'DISTANCE_ACCURACY_VALUE','');
#9551=(GEOMETRIC_REPRESENTATION_CONTEXT(3)GLOBAL_UNCERTAINTY_ASSIGNED_CONTEXT((#9549))GLOBAL_UNIT_ASSIGNED_CONTEXT((#9539,#9543,#9547))REPRESENTATION_CONTEXT('','3D'));
#9552=CARTESIAN_POINT('',(0.25,2.999999999999998,0.0));
#9553=DIRECTION('',(-1.0,0.0,0.0));
#9554=VECTOR('',#9553,0.250000000000001);
#9555=LINE('',#9552,#9554);
#9556=CARTESIAN_POINT('',(-1.110223E-015,3.0,0.0));
#9557=TRIMMED_CURVE('',#9555,(PARAMETER_VALUE(0.0),#9552),(PARAMETER_VALUE(1.0),#9556),.T.,.PARAMETER.);
#9563=(NAMED_UNIT(*)PLANE_ANGLE_UNIT()SI_UNIT($,.RADIAN.));
#9564=DIMENSIONAL_EXPONENTS(0.0,0.0,0.0,0.0,0.0,0.0,0.0);
#9565=PLANE_ANGLE_MEASURE_WITH_UNIT(PLANE_ANGLE_MEASURE(0.0174532925),#9563);
#9569=(CONVERSION_BASED_UNIT('DEGREE',#9565)NAMED_UNIT(#9564)PLANE_ANGLE_UNIT());
#9573=(NAMED_UNIT(*)SI_UNIT($,.STERADIAN.)SOLID_ANGLE_UNIT());
#9577=(LENGTH_UNIT()NAMED_UNIT(*)SI_UNIT(.MILLI.,.METRE.));
#9579=UNCERTAINTY_MEASURE_WITH_UNIT(LENGTH_MEASURE(0.000001),#9577,'DISTANCE_ACCURACY_VALUE','');
#9581=(GEOMETRIC_REPRESENTATION_CONTEXT(3)GLOBAL_UNCERTAINTY_ASSIGNED_CONTEXT((#9579))GLOBAL_UNIT_ASSIGNED_CONTEXT((#9569,#9573,#9577))REPRESENTATION_CONTEXT('','3D'));
#9582=CARTESIAN_POINT('',(0.0,0.0,0.0));
#9583=DIRECTION('',(1.0,0.0,0.0));
#9584=VECTOR('',#9583,9.0);
#9585=LINE('',#9582,#9584);
#9586=CARTESIAN_POINT('',(9.0,0.0,0.0));
#9587=TRIMMED_CURVE('',#9585,(PARAMETER_VALUE(0.0),#9582),(PARAMETER_VALUE(1.0),#9586),.T.,.PARAMETER.);
#9588=COLOUR_RGB('',0.250980406999588,0.0,0.250980406999588);
#9589=DRAUGHTING_PRE_DEFINED_CURVE_FONT('continuous');
#9590=CURVE_STYLE('',#9589,POSITIVE_LENGTH_MEASURE(0.1),#9588);
#9591=PRESENTATION_STYLE_ASSIGNMENT((#9590));
#9592=STYLED_ITEM('',(#9591),#9587);
#9593=MECHANICAL_DESIGN_GEOMETRIC_PRESENTATION_REPRESENTATION('',(#9592),#9581);
#9594=AXIS2_PLACEMENT_3D('',#9595,#9596,#9597);
#9595=CARTESIAN_POINT('',(-4.868775756171071,5.605776214450834,-4.499999999999998));
#9596=DIRECTION('',(1.0,-3.416071E-017,0.0));
#9597=DIRECTION('',(0.0,0.0,1.0));
#9598=NEXT_ASSEMBLY_USAGE_OCCURRENCE('ruber2:1','ruber2:1','ruber2:1',#12,#6746,'ruber2:1');
#9599=PRODUCT_DEFINITION_SHAPE('ruber2:1','ruber2:1',#9598);
#9600=ITEM_DEFINED_TRANSFORMATION('ruber2:1','ruber2:1',#6771,#9594);
#9604=(REPRESENTATION_RELATIONSHIP('ruber2:1','ruber2:1',#6775,#41)REPRESENTATION_RELATIONSHIP_WITH_TRANSFORMATION(#9600)SHAPE_REPRESENTATION_RELATIONSHIP());
#9605=CONTEXT_DEPENDENT_SHAPE_REPRESENTATION(#9604,#9599);
ENDSEC;
END-ISO-10303-21;
