                                                                        S      1
,,11HcapoAsm.iam,27HNo Iges File Name specified,22HAutodesk Inventor 201G      1
2,37HAutoDesk Inventor Iges Exporter R2012,32,38,6,99,15,11HcapoAsm.iam,G      2
1.0D0,2,2HMM,1,.08D0,15H20140305.094343,.01D0,10000.0D0,6HDantro,,11,0,,G      3
;                                                                       G      4
     308       1       0       0       0       0       0       000010001D      1
     308       0       0       1       0                               0D      2
     406       2       0       0       1       0       0       000000000D      3
     406       0       0       1       3                               0D      4
     116       3       0       0       0       0       0       000010000D      5
     116       0       0       1       0                               0D      6
     123       4       0       0       0       0       0       000010200D      7
     123       0       0       1       0                               0D      8
     192       5       0       0       0       0       0       000010000D      9
     192       0       0       1       1                               0D     10
     123       6       0       0       0       0       0       000010200D     11
     123       0       0       1       0                               0D     12
     504       7       0       0       0       0       0       000010001D     13
     504       0       0     119       1                               0D     14
     502     126       0       0       0       0       0       000010000D     15
     502       0       0     250       1                               0D     16
     100     376       0       0       0       0      19       000010000D     17
     100       0       0       2       0                               0D     18
     124     378       0       0       0       0       0       000000000D     19
     124       0       0       3       0                               0D     20
     110     381       0       0       0       0       0       000010000D     21
     110       0       0       2       0                               0D     22
     100     383       0       0       0       0      25       000010000D     23
     100       0       0       2       0                               0D     24
     124     385       0       0       0       0       0       000000000D     25
     124       0       0       3       0                               0D     26
     110     388       0       0       0       0       0       000010000D     27
     110       0       0       2       0                               0D     28
     508     390       0       0       0       0       0       000010000D     29
     508       0       0       1       1                               0D     30
     510     391       0       0       0       0       0       000010000D     31
     510       0   -2717       1       1                               0D     32
     116     392       0       0       0       0       0       000010000D     33
     116       0       0       1       0                               0D     34
     123     393       0       0       0       0       0       000010200D     35
     123       0       0       1       0                               0D     36
     190     394       0       0       0       0       0       000010000D     37
     190       0       0       1       1                               0D     38
     123     395       0       0       0       0       0       000010200D     39
     123       0       0       1       0                               0D     40
     110     396       0       0       0       0       0       000010000D     41
     110       0       0       2       0                               0D     42
     110     398       0       0       0       0       0       000010000D     43
     110       0       0       2       0                               0D     44
     110     400       0       0       0       0       0       000010000D     45
     110       0       0       2       0                               0D     46
     508     402       0       0       0       0       0       000010000D     47
     508       0       0       1       1                               0D     48
     510     403       0       0       0       0       0       000010000D     49
     510       0   -2717       1       1                               0D     50
     116     404       0       0       0       0       0       000010000D     51
     116       0       0       1       0                               0D     52
     123     405       0       0       0       0       0       000010200D     53
     123       0       0       1       0                               0D     54
     190     406       0       0       0       0       0       000010000D     55
     190       0       0       1       1                               0D     56
     123     407       0       0       0       0       0       000010200D     57
     123       0       0       1       0                               0D     58
     110     408       0       0       0       0       0       000010000D     59
     110       0       0       2       0                               0D     60
     110     410       0       0       0       0       0       000010000D     61
     110       0       0       2       0                               0D     62
     100     412       0       0       0       0      65       000010000D     63
     100       0       0       2       0                               0D     64
     124     414       0       0       0       0       0       000000000D     65
     124       0       0       3       0                               0D     66
     110     417       0       0       0       0       0       000010000D     67
     110       0       0       2       0                               0D     68
     100     419       0       0       0       0      71       000010000D     69
     100       0       0       2       0                               0D     70
     124     421       0       0       0       0       0       000000000D     71
     124       0       0       3       0                               0D     72
     110     424       0       0       0       0       0       000010000D     73
     110       0       0       2       0                               0D     74
     100     426       0       0       0       0      77       000010000D     75
     100       0       0       2       0                               0D     76
     124     428       0       0       0       0       0       000000000D     77
     124       0       0       3       0                               0D     78
     110     431       0       0       0       0       0       000010000D     79
     110       0       0       2       0                               0D     80
     100     433       0       0       0       0      71       000010000D     81
     100       0       0       2       0                               0D     82
     110     435       0       0       0       0       0       000010000D     83
     110       0       0       2       0                               0D     84
     100     437       0       0       0       0      87       000010000D     85
     100       0       0       2       0                               0D     86
     124     439       0       0       0       0       0       000000000D     87
     124       0       0       3       0                               0D     88
     110     442       0       0       0       0       0       000010000D     89
     110       0       0       2       0                               0D     90
     100     444       0       0       0       0      71       000010000D     91
     100       0       0       2       0                               0D     92
     110     446       0       0       0       0       0       000010000D     93
     110       0       0       2       0                               0D     94
     100     448       0       0       0       0      97       000010000D     95
     100       0       0       2       0                               0D     96
     124     450       0       0       0       0       0       000000000D     97
     124       0       0       3       0                               0D     98
     110     453       0       0       0       0       0       000010000D     99
     110       0       0       2       0                               0D    100
     100     455       0       0       0       0      71       000010000D    101
     100       0       0       2       0                               0D    102
     110     457       0       0       0       0       0       000010000D    103
     110       0       0       2       0                               0D    104
     100     459       0       0       0       0     107       000010000D    105
     100       0       0       2       0                               0D    106
     124     461       0       0       0       0       0       000000000D    107
     124       0       0       3       0                               0D    108
     110     464       0       0       0       0       0       000010000D    109
     110       0       0       2       0                               0D    110
     100     466       0       0       0       0      71       000010000D    111
     100       0       0       2       0                               0D    112
     110     468       0       0       0       0       0       000010000D    113
     110       0       0       2       0                               0D    114
     100     470       0       0       0       0     117       000010000D    115
     100       0       0       2       0                               0D    116
     124     472       0       0       0       0       0       000000000D    117
     124       0       0       3       0                               0D    118
     110     475       0       0       0       0       0       000010000D    119
     110       0       0       2       0                               0D    120
     100     477       0       0       0       0      71       000010000D    121
     100       0       0       2       0                               0D    122
     110     479       0       0       0       0       0       000010000D    123
     110       0       0       2       0                               0D    124
     100     481       0       0       0       0     127       000010000D    125
     100       0       0       2       0                               0D    126
     124     483       0       0       0       0       0       000000000D    127
     124       0       0       3       0                               0D    128
     110     486       0       0       0       0       0       000010000D    129
     110       0       0       2       0                               0D    130
     100     488       0       0       0       0      71       000010000D    131
     100       0       0       2       0                               0D    132
     110     490       0       0       0       0       0       000010000D    133
     110       0       0       2       0                               0D    134
     100     492       0       0       0       0     137       000010000D    135
     100       0       0       2       0                               0D    136
     124     494       0       0       0       0       0       000000000D    137
     124       0       0       3       0                               0D    138
     110     497       0       0       0       0       0       000010000D    139
     110       0       0       2       0                               0D    140
     100     499       0       0       0       0      71       000010000D    141
     100       0       0       2       0                               0D    142
     110     501       0       0       0       0       0       000010000D    143
     110       0       0       2       0                               0D    144
     100     503       0       0       0       0     147       000010000D    145
     100       0       0       2       0                               0D    146
     124     505       0       0       0       0       0       000000000D    147
     124       0       0       3       0                               0D    148
     110     508       0       0       0       0       0       000010000D    149
     110       0       0       2       0                               0D    150
     100     510       0       0       0       0      71       000010000D    151
     100       0       0       2       0                               0D    152
     110     512       0       0       0       0       0       000010000D    153
     110       0       0       2       0                               0D    154
     100     514       0       0       0       0     157       000010000D    155
     100       0       0       2       0                               0D    156
     124     516       0       0       0       0       0       000000000D    157
     124       0       0       3       0                               0D    158
     110     519       0       0       0       0       0       000010000D    159
     110       0       0       2       0                               0D    160
     100     521       0       0       0       0      71       000010000D    161
     100       0       0       2       0                               0D    162
     110     523       0       0       0       0       0       000010000D    163
     110       0       0       2       0                               0D    164
     100     525       0       0       0       0     167       000010000D    165
     100       0       0       2       0                               0D    166
     124     527       0       0       0       0       0       000000000D    167
     124       0       0       3       0                               0D    168
     110     530       0       0       0       0       0       000010000D    169
     110       0       0       2       0                               0D    170
     100     532       0       0       0       0      71       000010000D    171
     100       0       0       2       0                               0D    172
     110     534       0       0       0       0       0       000010000D    173
     110       0       0       2       0                               0D    174
     100     536       0       0       0       0     177       000010000D    175
     100       0       0       2       0                               0D    176
     124     538       0       0       0       0       0       000000000D    177
     124       0       0       3       0                               0D    178
     110     541       0       0       0       0       0       000010000D    179
     110       0       0       2       0                               0D    180
     100     543       0       0       0       0      71       000010000D    181
     100       0       0       2       0                               0D    182
     110     545       0       0       0       0       0       000010000D    183
     110       0       0       2       0                               0D    184
     100     547       0       0       0       0     187       000010000D    185
     100       0       0       2       0                               0D    186
     124     549       0       0       0       0       0       000000000D    187
     124       0       0       3       0                               0D    188
     110     552       0       0       0       0       0       000010000D    189
     110       0       0       2       0                               0D    190
     100     554       0       0       0       0      71       000010000D    191
     100       0       0       2       0                               0D    192
     110     556       0       0       0       0       0       000010000D    193
     110       0       0       2       0                               0D    194
     100     558       0       0       0       0     197       000010000D    195
     100       0       0       2       0                               0D    196
     124     560       0       0       0       0       0       000000000D    197
     124       0       0       3       0                               0D    198
     110     563       0       0       0       0       0       000010000D    199
     110       0       0       2       0                               0D    200
     100     565       0       0       0       0      71       000010000D    201
     100       0       0       2       0                               0D    202
     110     567       0       0       0       0       0       000010000D    203
     110       0       0       2       0                               0D    204
     100     569       0       0       0       0     207       000010000D    205
     100       0       0       2       0                               0D    206
     124     571       0       0       0       0       0       000000000D    207
     124       0       0       3       0                               0D    208
     110     574       0       0       0       0       0       000010000D    209
     110       0       0       2       0                               0D    210
     100     576       0       0       0       0      71       000010000D    211
     100       0       0       2       0                               0D    212
     110     578       0       0       0       0       0       000010000D    213
     110       0       0       2       0                               0D    214
     100     580       0       0       0       0     217       000010000D    215
     100       0       0       2       0                               0D    216
     124     582       0       0       0       0       0       000000000D    217
     124       0       0       3       0                               0D    218
     110     585       0       0       0       0       0       000010000D    219
     110       0       0       2       0                               0D    220
     100     587       0       0       0       0      71       000010000D    221
     100       0       0       2       0                               0D    222
     110     589       0       0       0       0       0       000010000D    223
     110       0       0       2       0                               0D    224
     100     591       0       0       0       0     227       000010000D    225
     100       0       0       2       0                               0D    226
     124     593       0       0       0       0       0       000000000D    227
     124       0       0       3       0                               0D    228
     110     596       0       0       0       0       0       000010000D    229
     110       0       0       2       0                               0D    230
     100     598       0       0       0       0      71       000010000D    231
     100       0       0       2       0                               0D    232
     110     600       0       0       0       0       0       000010000D    233
     110       0       0       2       0                               0D    234
     100     602       0       0       0       0     237       000010000D    235
     100       0       0       2       0                               0D    236
     124     604       0       0       0       0       0       000000000D    237
     124       0       0       3       0                               0D    238
     110     607       0       0       0       0       0       000010000D    239
     110       0       0       2       0                               0D    240
     100     609       0       0       0       0      71       000010000D    241
     100       0       0       2       0                               0D    242
     110     611       0       0       0       0       0       000010000D    243
     110       0       0       2       0                               0D    244
     100     613       0       0       0       0     247       000010000D    245
     100       0       0       2       0                               0D    246
     124     615       0       0       0       0       0       000000000D    247
     124       0       0       3       0                               0D    248
     110     618       0       0       0       0       0       000010000D    249
     110       0       0       2       0                               0D    250
     100     620       0       0       0       0      71       000010000D    251
     100       0       0       2       0                               0D    252
     110     622       0       0       0       0       0       000010000D    253
     110       0       0       2       0                               0D    254
     100     624       0       0       0       0     257       000010000D    255
     100       0       0       2       0                               0D    256
     124     626       0       0       0       0       0       000000000D    257
     124       0       0       3       0                               0D    258
     110     629       0       0       0       0       0       000010000D    259
     110       0       0       2       0                               0D    260
     100     631       0       0       0       0      71       000010000D    261
     100       0       0       2       0                               0D    262
     110     633       0       0       0       0       0       000010000D    263
     110       0       0       2       0                               0D    264
     100     635       0       0       0       0     267       000010000D    265
     100       0       0       2       0                               0D    266
     124     637       0       0       0       0       0       000000000D    267
     124       0       0       3       0                               0D    268
     110     640       0       0       0       0       0       000010000D    269
     110       0       0       2       0                               0D    270
     100     642       0       0       0       0      71       000010000D    271
     100       0       0       2       0                               0D    272
     110     644       0       0       0       0       0       000010000D    273
     110       0       0       2       0                               0D    274
     100     646       0       0       0       0     277       000010000D    275
     100       0       0       2       0                               0D    276
     124     648       0       0       0       0       0       000000000D    277
     124       0       0       3       0                               0D    278
     110     651       0       0       0       0       0       000010000D    279
     110       0       0       2       0                               0D    280
     100     653       0       0       0       0      71       000010000D    281
     100       0       0       2       0                               0D    282
     110     655       0       0       0       0       0       000010000D    283
     110       0       0       2       0                               0D    284
     100     657       0       0       0       0     287       000010000D    285
     100       0       0       2       0                               0D    286
     124     659       0       0       0       0       0       000000000D    287
     124       0       0       3       0                               0D    288
     110     662       0       0       0       0       0       000010000D    289
     110       0       0       2       0                               0D    290
     100     664       0       0       0       0      71       000010000D    291
     100       0       0       2       0                               0D    292
     110     666       0       0       0       0       0       000010000D    293
     110       0       0       2       0                               0D    294
     100     668       0       0       0       0     297       000010000D    295
     100       0       0       2       0                               0D    296
     124     670       0       0       0       0       0       000000000D    297
     124       0       0       3       0                               0D    298
     110     673       0       0       0       0       0       000010000D    299
     110       0       0       2       0                               0D    300
     100     675       0       0       0       0      71       000010000D    301
     100       0       0       2       0                               0D    302
     110     677       0       0       0       0       0       000010000D    303
     110       0       0       2       0                               0D    304
     100     679       0       0       0       0     307       000010000D    305
     100       0       0       2       0                               0D    306
     124     681       0       0       0       0       0       000000000D    307
     124       0       0       3       0                               0D    308
     110     684       0       0       0       0       0       000010000D    309
     110       0       0       2       0                               0D    310
     100     686       0       0       0       0      71       000010000D    311
     100       0       0       2       0                               0D    312
     110     688       0       0       0       0       0       000010000D    313
     110       0       0       2       0                               0D    314
     100     690       0       0       0       0     317       000010000D    315
     100       0       0       2       0                               0D    316
     124     692       0       0       0       0       0       000000000D    317
     124       0       0       3       0                               0D    318
     110     695       0       0       0       0       0       000010000D    319
     110       0       0       2       0                               0D    320
     100     697       0       0       0       0      71       000010000D    321
     100       0       0       2       0                               0D    322
     110     699       0       0       0       0       0       000010000D    323
     110       0       0       2       0                               0D    324
     100     701       0       0       0       0     327       000010000D    325
     100       0       0       2       0                               0D    326
     124     703       0       0       0       0       0       000000000D    327
     124       0       0       3       0                               0D    328
     110     706       0       0       0       0       0       000010000D    329
     110       0       0       2       0                               0D    330
     100     708       0       0       0       0      71       000010000D    331
     100       0       0       2       0                               0D    332
     110     710       0       0       0       0       0       000010000D    333
     110       0       0       2       0                               0D    334
     100     712       0       0       0       0     337       000010000D    335
     100       0       0       2       0                               0D    336
     124     714       0       0       0       0       0       000000000D    337
     124       0       0       3       0                               0D    338
     110     717       0       0       0       0       0       000010000D    339
     110       0       0       2       0                               0D    340
     100     719       0       0       0       0      71       000010000D    341
     100       0       0       2       0                               0D    342
     110     721       0       0       0       0       0       000010000D    343
     110       0       0       2       0                               0D    344
     100     723       0       0       0       0     347       000010000D    345
     100       0       0       2       0                               0D    346
     124     725       0       0       0       0       0       000000000D    347
     124       0       0       3       0                               0D    348
     110     728       0       0       0       0       0       000010000D    349
     110       0       0       2       0                               0D    350
     100     730       0       0       0       0      71       000010000D    351
     100       0       0       2       0                               0D    352
     110     732       0       0       0       0       0       000010000D    353
     110       0       0       2       0                               0D    354
     100     734       0       0       0       0     357       000010000D    355
     100       0       0       2       0                               0D    356
     124     736       0       0       0       0       0       000000000D    357
     124       0       0       3       0                               0D    358
     110     739       0       0       0       0       0       000010000D    359
     110       0       0       2       0                               0D    360
     100     741       0       0       0       0      71       000010000D    361
     100       0       0       2       0                               0D    362
     508     743       0       0       0       0       0       000010000D    363
     508       0       0      24       1                               0D    364
     510     767       0       0       0       0       0       000010000D    365
     510       0   -2717       1       1                               0D    366
     116     768       0       0       0       0       0       000010000D    367
     116       0       0       1       0                               0D    368
     123     769       0       0       0       0       0       000010200D    369
     123       0       0       1       0                               0D    370
     192     770       0       0       0       0       0       000010000D    371
     192       0       0       1       1                               0D    372
     123     771       0       0       0       0       0       000010200D    373
     123       0       0       1       0                               0D    374
     110     772       0       0       0       0       0       000010000D    375
     110       0       0       2       0                               0D    376
     100     774       0       0       0       0     379       000010000D    377
     100       0       0       2       0                               0D    378
     124     776       0       0       0       0       0       000000000D    379
     124       0       0       3       0                               0D    380
     110     779       0       0       0       0       0       000010000D    381
     110       0       0       2       0                               0D    382
     508     781       0       0       0       0       0       000010000D    383
     508       0       0       1       1                               0D    384
     510     782       0       0       0       0       0       000010000D    385
     510       0   -2717       1       1                               0D    386
     116     783       0       0       0       0       0       000010000D    387
     116       0       0       1       0                               0D    388
     123     784       0       0       0       0       0       000010200D    389
     123       0       0       1       0                               0D    390
     190     785       0       0       0       0       0       000010000D    391
     190       0       0       1       1                               0D    392
     123     786       0       0       0       0       0       000010200D    393
     123       0       0       1       0                               0D    394
     110     787       0       0       0       0       0       000010000D    395
     110       0       0       2       0                               0D    396
     110     789       0       0       0       0       0       000010000D    397
     110       0       0       2       0                               0D    398
     508     791       0       0       0       0       0       000010000D    399
     508       0       0       1       1                               0D    400
     510     792       0       0       0       0       0       000010000D    401
     510       0   -2717       1       1                               0D    402
     116     793       0       0       0       0       0       000010000D    403
     116       0       0       1       0                               0D    404
     123     794       0       0       0       0       0       000010200D    405
     123       0       0       1       0                               0D    406
     192     795       0       0       0       0       0       000010000D    407
     192       0       0       1       1                               0D    408
     123     796       0       0       0       0       0       000010200D    409
     123       0       0       1       0                               0D    410
     110     797       0       0       0       0       0       000010000D    411
     110       0       0       2       0                               0D    412
     100     799       0       0       0       0     415       000010000D    413
     100       0       0       2       0                               0D    414
     124     801       0       0       0       0       0       000000000D    415
     124       0       0       3       0                               0D    416
     110     804       0       0       0       0       0       000010000D    417
     110       0       0       2       0                               0D    418
     508     806       0       0       0       0       0       000010000D    419
     508       0       0       1       1                               0D    420
     510     807       0       0       0       0       0       000010000D    421
     510       0   -2717       1       1                               0D    422
     116     808       0       0       0       0       0       000010000D    423
     116       0       0       1       0                               0D    424
     123     809       0       0       0       0       0       000010200D    425
     123       0       0       1       0                               0D    426
     190     810       0       0       0       0       0       000010000D    427
     190       0       0       1       1                               0D    428
     123     811       0       0       0       0       0       000010200D    429
     123       0       0       1       0                               0D    430
     110     812       0       0       0       0       0       000010000D    431
     110       0       0       2       0                               0D    432
     110     814       0       0       0       0       0       000010000D    433
     110       0       0       2       0                               0D    434
     508     816       0       0       0       0       0       000010000D    435
     508       0       0       1       1                               0D    436
     510     817       0       0       0       0       0       000010000D    437
     510       0   -2717       1       1                               0D    438
     116     818       0       0       0       0       0       000010000D    439
     116       0       0       1       0                               0D    440
     123     819       0       0       0       0       0       000010200D    441
     123       0       0       1       0                               0D    442
     192     820       0       0       0       0       0       000010000D    443
     192       0       0       1       1                               0D    444
     123     821       0       0       0       0       0       000010200D    445
     123       0       0       1       0                               0D    446
     110     822       0       0       0       0       0       000010000D    447
     110       0       0       2       0                               0D    448
     100     824       0       0       0       0     451       000010000D    449
     100       0       0       2       0                               0D    450
     124     826       0       0       0       0       0       000000000D    451
     124       0       0       3       0                               0D    452
     110     829       0       0       0       0       0       000010000D    453
     110       0       0       2       0                               0D    454
     508     831       0       0       0       0       0       000010000D    455
     508       0       0       1       1                               0D    456
     510     832       0       0       0       0       0       000010000D    457
     510       0   -2717       1       1                               0D    458
     116     833       0       0       0       0       0       000010000D    459
     116       0       0       1       0                               0D    460
     123     834       0       0       0       0       0       000010200D    461
     123       0       0       1       0                               0D    462
     190     835       0       0       0       0       0       000010000D    463
     190       0       0       1       1                               0D    464
     123     836       0       0       0       0       0       000010200D    465
     123       0       0       1       0                               0D    466
     110     837       0       0       0       0       0       000010000D    467
     110       0       0       2       0                               0D    468
     110     839       0       0       0       0       0       000010000D    469
     110       0       0       2       0                               0D    470
     508     841       0       0       0       0       0       000010000D    471
     508       0       0       1       1                               0D    472
     510     842       0       0       0       0       0       000010000D    473
     510       0   -2717       1       1                               0D    474
     116     843       0       0       0       0       0       000010000D    475
     116       0       0       1       0                               0D    476
     123     844       0       0       0       0       0       000010200D    477
     123       0       0       1       0                               0D    478
     192     845       0       0       0       0       0       000010000D    479
     192       0       0       1       1                               0D    480
     123     846       0       0       0       0       0       000010200D    481
     123       0       0       1       0                               0D    482
     110     847       0       0       0       0       0       000010000D    483
     110       0       0       2       0                               0D    484
     100     849       0       0       0       0     487       000010000D    485
     100       0       0       2       0                               0D    486
     124     851       0       0       0       0       0       000000000D    487
     124       0       0       3       0                               0D    488
     110     854       0       0       0       0       0       000010000D    489
     110       0       0       2       0                               0D    490
     508     856       0       0       0       0       0       000010000D    491
     508       0       0       1       1                               0D    492
     510     857       0       0       0       0       0       000010000D    493
     510       0   -2717       1       1                               0D    494
     116     858       0       0       0       0       0       000010000D    495
     116       0       0       1       0                               0D    496
     123     859       0       0       0       0       0       000010200D    497
     123       0       0       1       0                               0D    498
     190     860       0       0       0       0       0       000010000D    499
     190       0       0       1       1                               0D    500
     123     861       0       0       0       0       0       000010200D    501
     123       0       0       1       0                               0D    502
     110     862       0       0       0       0       0       000010000D    503
     110       0       0       2       0                               0D    504
     110     864       0       0       0       0       0       000010000D    505
     110       0       0       2       0                               0D    506
     508     866       0       0       0       0       0       000010000D    507
     508       0       0       1       1                               0D    508
     510     867       0       0       0       0       0       000010000D    509
     510       0   -2717       1       1                               0D    510
     116     868       0       0       0       0       0       000010000D    511
     116       0       0       1       0                               0D    512
     123     869       0       0       0       0       0       000010200D    513
     123       0       0       1       0                               0D    514
     192     870       0       0       0       0       0       000010000D    515
     192       0       0       1       1                               0D    516
     123     871       0       0       0       0       0       000010200D    517
     123       0       0       1       0                               0D    518
     110     872       0       0       0       0       0       000010000D    519
     110       0       0       2       0                               0D    520
     100     874       0       0       0       0     523       000010000D    521
     100       0       0       2       0                               0D    522
     124     876       0       0       0       0       0       000000000D    523
     124       0       0       3       0                               0D    524
     110     879       0       0       0       0       0       000010000D    525
     110       0       0       2       0                               0D    526
     508     881       0       0       0       0       0       000010000D    527
     508       0       0       1       1                               0D    528
     510     882       0       0       0       0       0       000010000D    529
     510       0   -2717       1       1                               0D    530
     116     883       0       0       0       0       0       000010000D    531
     116       0       0       1       0                               0D    532
     123     884       0       0       0       0       0       000010200D    533
     123       0       0       1       0                               0D    534
     190     885       0       0       0       0       0       000010000D    535
     190       0       0       1       1                               0D    536
     123     886       0       0       0       0       0       000010200D    537
     123       0       0       1       0                               0D    538
     110     887       0       0       0       0       0       000010000D    539
     110       0       0       2       0                               0D    540
     110     889       0       0       0       0       0       000010000D    541
     110       0       0       2       0                               0D    542
     508     891       0       0       0       0       0       000010000D    543
     508       0       0       1       1                               0D    544
     510     892       0       0       0       0       0       000010000D    545
     510       0   -2717       1       1                               0D    546
     116     893       0       0       0       0       0       000010000D    547
     116       0       0       1       0                               0D    548
     123     894       0       0       0       0       0       000010200D    549
     123       0       0       1       0                               0D    550
     192     895       0       0       0       0       0       000010000D    551
     192       0       0       1       1                               0D    552
     123     896       0       0       0       0       0       000010200D    553
     123       0       0       1       0                               0D    554
     110     897       0       0       0       0       0       000010000D    555
     110       0       0       2       0                               0D    556
     100     899       0       0       0       0     559       000010000D    557
     100       0       0       2       0                               0D    558
     124     901       0       0       0       0       0       000000000D    559
     124       0       0       3       0                               0D    560
     110     904       0       0       0       0       0       000010000D    561
     110       0       0       2       0                               0D    562
     508     906       0       0       0       0       0       000010000D    563
     508       0       0       1       1                               0D    564
     510     907       0       0       0       0       0       000010000D    565
     510       0   -2717       1       1                               0D    566
     116     908       0       0       0       0       0       000010000D    567
     116       0       0       1       0                               0D    568
     123     909       0       0       0       0       0       000010200D    569
     123       0       0       1       0                               0D    570
     190     910       0       0       0       0       0       000010000D    571
     190       0       0       1       1                               0D    572
     123     911       0       0       0       0       0       000010200D    573
     123       0       0       1       0                               0D    574
     110     912       0       0       0       0       0       000010000D    575
     110       0       0       2       0                               0D    576
     110     914       0       0       0       0       0       000010000D    577
     110       0       0       2       0                               0D    578
     508     916       0       0       0       0       0       000010000D    579
     508       0       0       1       1                               0D    580
     510     917       0       0       0       0       0       000010000D    581
     510       0   -2717       1       1                               0D    582
     116     918       0       0       0       0       0       000010000D    583
     116       0       0       1       0                               0D    584
     123     919       0       0       0       0       0       000010200D    585
     123       0       0       1       0                               0D    586
     192     920       0       0       0       0       0       000010000D    587
     192       0       0       1       1                               0D    588
     123     921       0       0       0       0       0       000010200D    589
     123       0       0       1       0                               0D    590
     110     922       0       0       0       0       0       000010000D    591
     110       0       0       2       0                               0D    592
     100     924       0       0       0       0     595       000010000D    593
     100       0       0       2       0                               0D    594
     124     926       0       0       0       0       0       000000000D    595
     124       0       0       3       0                               0D    596
     110     929       0       0       0       0       0       000010000D    597
     110       0       0       2       0                               0D    598
     508     931       0       0       0       0       0       000010000D    599
     508       0       0       1       1                               0D    600
     510     932       0       0       0       0       0       000010000D    601
     510       0   -2717       1       1                               0D    602
     116     933       0       0       0       0       0       000010000D    603
     116       0       0       1       0                               0D    604
     123     934       0       0       0       0       0       000010200D    605
     123       0       0       1       0                               0D    606
     190     935       0       0       0       0       0       000010000D    607
     190       0       0       1       1                               0D    608
     123     936       0       0       0       0       0       000010200D    609
     123       0       0       1       0                               0D    610
     110     937       0       0       0       0       0       000010000D    611
     110       0       0       2       0                               0D    612
     110     939       0       0       0       0       0       000010000D    613
     110       0       0       2       0                               0D    614
     508     941       0       0       0       0       0       000010000D    615
     508       0       0       1       1                               0D    616
     510     942       0       0       0       0       0       000010000D    617
     510       0   -2717       1       1                               0D    618
     116     943       0       0       0       0       0       000010000D    619
     116       0       0       1       0                               0D    620
     123     944       0       0       0       0       0       000010200D    621
     123       0       0       1       0                               0D    622
     192     945       0       0       0       0       0       000010000D    623
     192       0       0       1       1                               0D    624
     123     946       0       0       0       0       0       000010200D    625
     123       0       0       1       0                               0D    626
     110     947       0       0       0       0       0       000010000D    627
     110       0       0       2       0                               0D    628
     100     949       0       0       0       0     631       000010000D    629
     100       0       0       2       0                               0D    630
     124     951       0       0       0       0       0       000000000D    631
     124       0       0       3       0                               0D    632
     110     954       0       0       0       0       0       000010000D    633
     110       0       0       2       0                               0D    634
     508     956       0       0       0       0       0       000010000D    635
     508       0       0       1       1                               0D    636
     510     957       0       0       0       0       0       000010000D    637
     510       0   -2717       1       1                               0D    638
     116     958       0       0       0       0       0       000010000D    639
     116       0       0       1       0                               0D    640
     123     959       0       0       0       0       0       000010200D    641
     123       0       0       1       0                               0D    642
     190     960       0       0       0       0       0       000010000D    643
     190       0       0       1       1                               0D    644
     123     961       0       0       0       0       0       000010200D    645
     123       0       0       1       0                               0D    646
     110     962       0       0       0       0       0       000010000D    647
     110       0       0       2       0                               0D    648
     110     964       0       0       0       0       0       000010000D    649
     110       0       0       2       0                               0D    650
     508     966       0       0       0       0       0       000010000D    651
     508       0       0       1       1                               0D    652
     510     967       0       0       0       0       0       000010000D    653
     510       0   -2717       1       1                               0D    654
     116     968       0       0       0       0       0       000010000D    655
     116       0       0       1       0                               0D    656
     123     969       0       0       0       0       0       000010200D    657
     123       0       0       1       0                               0D    658
     192     970       0       0       0       0       0       000010000D    659
     192       0       0       1       1                               0D    660
     123     971       0       0       0       0       0       000010200D    661
     123       0       0       1       0                               0D    662
     110     972       0       0       0       0       0       000010000D    663
     110       0       0       2       0                               0D    664
     100     974       0       0       0       0     667       000010000D    665
     100       0       0       2       0                               0D    666
     124     976       0       0       0       0       0       000000000D    667
     124       0       0       3       0                               0D    668
     110     979       0       0       0       0       0       000010000D    669
     110       0       0       2       0                               0D    670
     508     981       0       0       0       0       0       000010000D    671
     508       0       0       1       1                               0D    672
     510     982       0       0       0       0       0       000010000D    673
     510       0   -2717       1       1                               0D    674
     116     983       0       0       0       0       0       000010000D    675
     116       0       0       1       0                               0D    676
     123     984       0       0       0       0       0       000010200D    677
     123       0       0       1       0                               0D    678
     190     985       0       0       0       0       0       000010000D    679
     190       0       0       1       1                               0D    680
     123     986       0       0       0       0       0       000010200D    681
     123       0       0       1       0                               0D    682
     110     987       0       0       0       0       0       000010000D    683
     110       0       0       2       0                               0D    684
     110     989       0       0       0       0       0       000010000D    685
     110       0       0       2       0                               0D    686
     508     991       0       0       0       0       0       000010000D    687
     508       0       0       1       1                               0D    688
     510     992       0       0       0       0       0       000010000D    689
     510       0   -2717       1       1                               0D    690
     116     993       0       0       0       0       0       000010000D    691
     116       0       0       1       0                               0D    692
     123     994       0       0       0       0       0       000010200D    693
     123       0       0       1       0                               0D    694
     192     995       0       0       0       0       0       000010000D    695
     192       0       0       1       1                               0D    696
     123     996       0       0       0       0       0       000010200D    697
     123       0       0       1       0                               0D    698
     110     997       0       0       0       0       0       000010000D    699
     110       0       0       2       0                               0D    700
     100     999       0       0       0       0     703       000010000D    701
     100       0       0       2       0                               0D    702
     124    1001       0       0       0       0       0       000000000D    703
     124       0       0       3       0                               0D    704
     110    1004       0       0       0       0       0       000010000D    705
     110       0       0       2       0                               0D    706
     508    1006       0       0       0       0       0       000010000D    707
     508       0       0       1       1                               0D    708
     510    1007       0       0       0       0       0       000010000D    709
     510       0   -2717       1       1                               0D    710
     116    1008       0       0       0       0       0       000010000D    711
     116       0       0       1       0                               0D    712
     123    1009       0       0       0       0       0       000010200D    713
     123       0       0       1       0                               0D    714
     190    1010       0       0       0       0       0       000010000D    715
     190       0       0       1       1                               0D    716
     123    1011       0       0       0       0       0       000010200D    717
     123       0       0       1       0                               0D    718
     110    1012       0       0       0       0       0       000010000D    719
     110       0       0       2       0                               0D    720
     110    1014       0       0       0       0       0       000010000D    721
     110       0       0       2       0                               0D    722
     508    1016       0       0       0       0       0       000010000D    723
     508       0       0       1       1                               0D    724
     510    1017       0       0       0       0       0       000010000D    725
     510       0   -2717       1       1                               0D    726
     116    1018       0       0       0       0       0       000010000D    727
     116       0       0       1       0                               0D    728
     123    1019       0       0       0       0       0       000010200D    729
     123       0       0       1       0                               0D    730
     192    1020       0       0       0       0       0       000010000D    731
     192       0       0       1       1                               0D    732
     123    1021       0       0       0       0       0       000010200D    733
     123       0       0       1       0                               0D    734
     110    1022       0       0       0       0       0       000010000D    735
     110       0       0       2       0                               0D    736
     100    1024       0       0       0       0     739       000010000D    737
     100       0       0       2       0                               0D    738
     124    1026       0       0       0       0       0       000000000D    739
     124       0       0       3       0                               0D    740
     110    1029       0       0       0       0       0       000010000D    741
     110       0       0       2       0                               0D    742
     508    1031       0       0       0       0       0       000010000D    743
     508       0       0       1       1                               0D    744
     510    1032       0       0       0       0       0       000010000D    745
     510       0   -2717       1       1                               0D    746
     116    1033       0       0       0       0       0       000010000D    747
     116       0       0       1       0                               0D    748
     123    1034       0       0       0       0       0       000010200D    749
     123       0       0       1       0                               0D    750
     190    1035       0       0       0       0       0       000010000D    751
     190       0       0       1       1                               0D    752
     123    1036       0       0       0       0       0       000010200D    753
     123       0       0       1       0                               0D    754
     110    1037       0       0       0       0       0       000010000D    755
     110       0       0       2       0                               0D    756
     110    1039       0       0       0       0       0       000010000D    757
     110       0       0       2       0                               0D    758
     508    1041       0       0       0       0       0       000010000D    759
     508       0       0       1       1                               0D    760
     510    1042       0       0       0       0       0       000010000D    761
     510       0   -2717       1       1                               0D    762
     116    1043       0       0       0       0       0       000010000D    763
     116       0       0       1       0                               0D    764
     123    1044       0       0       0       0       0       000010200D    765
     123       0       0       1       0                               0D    766
     192    1045       0       0       0       0       0       000010000D    767
     192       0       0       1       1                               0D    768
     123    1046       0       0       0       0       0       000010200D    769
     123       0       0       1       0                               0D    770
     110    1047       0       0       0       0       0       000010000D    771
     110       0       0       2       0                               0D    772
     100    1049       0       0       0       0     775       000010000D    773
     100       0       0       2       0                               0D    774
     124    1051       0       0       0       0       0       000000000D    775
     124       0       0       3       0                               0D    776
     110    1054       0       0       0       0       0       000010000D    777
     110       0       0       2       0                               0D    778
     508    1056       0       0       0       0       0       000010000D    779
     508       0       0       1       1                               0D    780
     510    1057       0       0       0       0       0       000010000D    781
     510       0   -2717       1       1                               0D    782
     116    1058       0       0       0       0       0       000010000D    783
     116       0       0       1       0                               0D    784
     123    1059       0       0       0       0       0       000010200D    785
     123       0       0       1       0                               0D    786
     190    1060       0       0       0       0       0       000010000D    787
     190       0       0       1       1                               0D    788
     123    1061       0       0       0       0       0       000010200D    789
     123       0       0       1       0                               0D    790
     110    1062       0       0       0       0       0       000010000D    791
     110       0       0       2       0                               0D    792
     110    1064       0       0       0       0       0       000010000D    793
     110       0       0       2       0                               0D    794
     508    1066       0       0       0       0       0       000010000D    795
     508       0       0       1       1                               0D    796
     510    1067       0       0       0       0       0       000010000D    797
     510       0   -2717       1       1                               0D    798
     116    1068       0       0       0       0       0       000010000D    799
     116       0       0       1       0                               0D    800
     123    1069       0       0       0       0       0       000010200D    801
     123       0       0       1       0                               0D    802
     192    1070       0       0       0       0       0       000010000D    803
     192       0       0       1       1                               0D    804
     123    1071       0       0       0       0       0       000010200D    805
     123       0       0       1       0                               0D    806
     110    1072       0       0       0       0       0       000010000D    807
     110       0       0       2       0                               0D    808
     100    1074       0       0       0       0     811       000010000D    809
     100       0       0       2       0                               0D    810
     124    1076       0       0       0       0       0       000000000D    811
     124       0       0       3       0                               0D    812
     110    1079       0       0       0       0       0       000010000D    813
     110       0       0       2       0                               0D    814
     508    1081       0       0       0       0       0       000010000D    815
     508       0       0       1       1                               0D    816
     510    1082       0       0       0       0       0       000010000D    817
     510       0   -2717       1       1                               0D    818
     116    1083       0       0       0       0       0       000010000D    819
     116       0       0       1       0                               0D    820
     123    1084       0       0       0       0       0       000010200D    821
     123       0       0       1       0                               0D    822
     190    1085       0       0       0       0       0       000010000D    823
     190       0       0       1       1                               0D    824
     123    1086       0       0       0       0       0       000010200D    825
     123       0       0       1       0                               0D    826
     110    1087       0       0       0       0       0       000010000D    827
     110       0       0       2       0                               0D    828
     110    1089       0       0       0       0       0       000010000D    829
     110       0       0       2       0                               0D    830
     508    1091       0       0       0       0       0       000010000D    831
     508       0       0       1       1                               0D    832
     510    1092       0       0       0       0       0       000010000D    833
     510       0   -2717       1       1                               0D    834
     116    1093       0       0       0       0       0       000010000D    835
     116       0       0       1       0                               0D    836
     123    1094       0       0       0       0       0       000010200D    837
     123       0       0       1       0                               0D    838
     192    1095       0       0       0       0       0       000010000D    839
     192       0       0       1       1                               0D    840
     123    1096       0       0       0       0       0       000010200D    841
     123       0       0       1       0                               0D    842
     110    1097       0       0       0       0       0       000010000D    843
     110       0       0       2       0                               0D    844
     100    1099       0       0       0       0     847       000010000D    845
     100       0       0       2       0                               0D    846
     124    1101       0       0       0       0       0       000000000D    847
     124       0       0       3       0                               0D    848
     110    1104       0       0       0       0       0       000010000D    849
     110       0       0       2       0                               0D    850
     508    1106       0       0       0       0       0       000010000D    851
     508       0       0       1       1                               0D    852
     510    1107       0       0       0       0       0       000010000D    853
     510       0   -2717       1       1                               0D    854
     116    1108       0       0       0       0       0       000010000D    855
     116       0       0       1       0                               0D    856
     123    1109       0       0       0       0       0       000010200D    857
     123       0       0       1       0                               0D    858
     190    1110       0       0       0       0       0       000010000D    859
     190       0       0       1       1                               0D    860
     123    1111       0       0       0       0       0       000010200D    861
     123       0       0       1       0                               0D    862
     110    1112       0       0       0       0       0       000010000D    863
     110       0       0       2       0                               0D    864
     110    1114       0       0       0       0       0       000010000D    865
     110       0       0       2       0                               0D    866
     508    1116       0       0       0       0       0       000010000D    867
     508       0       0       1       1                               0D    868
     510    1117       0       0       0       0       0       000010000D    869
     510       0   -2717       1       1                               0D    870
     116    1118       0       0       0       0       0       000010000D    871
     116       0       0       1       0                               0D    872
     123    1119       0       0       0       0       0       000010200D    873
     123       0       0       1       0                               0D    874
     192    1120       0       0       0       0       0       000010000D    875
     192       0       0       1       1                               0D    876
     123    1121       0       0       0       0       0       000010200D    877
     123       0       0       1       0                               0D    878
     110    1122       0       0       0       0       0       000010000D    879
     110       0       0       2       0                               0D    880
     100    1124       0       0       0       0     883       000010000D    881
     100       0       0       2       0                               0D    882
     124    1126       0       0       0       0       0       000000000D    883
     124       0       0       3       0                               0D    884
     110    1129       0       0       0       0       0       000010000D    885
     110       0       0       2       0                               0D    886
     508    1131       0       0       0       0       0       000010000D    887
     508       0       0       1       1                               0D    888
     510    1132       0       0       0       0       0       000010000D    889
     510       0   -2717       1       1                               0D    890
     116    1133       0       0       0       0       0       000010000D    891
     116       0       0       1       0                               0D    892
     123    1134       0       0       0       0       0       000010200D    893
     123       0       0       1       0                               0D    894
     190    1135       0       0       0       0       0       000010000D    895
     190       0       0       1       1                               0D    896
     123    1136       0       0       0       0       0       000010200D    897
     123       0       0       1       0                               0D    898
     110    1137       0       0       0       0       0       000010000D    899
     110       0       0       2       0                               0D    900
     110    1139       0       0       0       0       0       000010000D    901
     110       0       0       2       0                               0D    902
     508    1141       0       0       0       0       0       000010000D    903
     508       0       0       1       1                               0D    904
     510    1142       0       0       0       0       0       000010000D    905
     510       0   -2717       1       1                               0D    906
     116    1143       0       0       0       0       0       000010000D    907
     116       0       0       1       0                               0D    908
     123    1144       0       0       0       0       0       000010200D    909
     123       0       0       1       0                               0D    910
     192    1145       0       0       0       0       0       000010000D    911
     192       0       0       1       1                               0D    912
     123    1146       0       0       0       0       0       000010200D    913
     123       0       0       1       0                               0D    914
     110    1147       0       0       0       0       0       000010000D    915
     110       0       0       2       0                               0D    916
     100    1149       0       0       0       0     919       000010000D    917
     100       0       0       2       0                               0D    918
     124    1151       0       0       0       0       0       000000000D    919
     124       0       0       3       0                               0D    920
     110    1154       0       0       0       0       0       000010000D    921
     110       0       0       2       0                               0D    922
     508    1156       0       0       0       0       0       000010000D    923
     508       0       0       1       1                               0D    924
     510    1157       0       0       0       0       0       000010000D    925
     510       0   -2717       1       1                               0D    926
     116    1158       0       0       0       0       0       000010000D    927
     116       0       0       1       0                               0D    928
     123    1159       0       0       0       0       0       000010200D    929
     123       0       0       1       0                               0D    930
     190    1160       0       0       0       0       0       000010000D    931
     190       0       0       1       1                               0D    932
     123    1161       0       0       0       0       0       000010200D    933
     123       0       0       1       0                               0D    934
     110    1162       0       0       0       0       0       000010000D    935
     110       0       0       2       0                               0D    936
     110    1164       0       0       0       0       0       000010000D    937
     110       0       0       2       0                               0D    938
     508    1166       0       0       0       0       0       000010000D    939
     508       0       0       1       1                               0D    940
     510    1167       0       0       0       0       0       000010000D    941
     510       0   -2717       1       1                               0D    942
     116    1168       0       0       0       0       0       000010000D    943
     116       0       0       1       0                               0D    944
     123    1169       0       0       0       0       0       000010200D    945
     123       0       0       1       0                               0D    946
     192    1170       0       0       0       0       0       000010000D    947
     192       0       0       1       1                               0D    948
     123    1171       0       0       0       0       0       000010200D    949
     123       0       0       1       0                               0D    950
     110    1172       0       0       0       0       0       000010000D    951
     110       0       0       2       0                               0D    952
     100    1174       0       0       0       0     955       000010000D    953
     100       0       0       2       0                               0D    954
     124    1176       0       0       0       0       0       000000000D    955
     124       0       0       3       0                               0D    956
     110    1179       0       0       0       0       0       000010000D    957
     110       0       0       2       0                               0D    958
     508    1181       0       0       0       0       0       000010000D    959
     508       0       0       1       1                               0D    960
     510    1182       0       0       0       0       0       000010000D    961
     510       0   -2717       1       1                               0D    962
     116    1183       0       0       0       0       0       000010000D    963
     116       0       0       1       0                               0D    964
     123    1184       0       0       0       0       0       000010200D    965
     123       0       0       1       0                               0D    966
     190    1185       0       0       0       0       0       000010000D    967
     190       0       0       1       1                               0D    968
     123    1186       0       0       0       0       0       000010200D    969
     123       0       0       1       0                               0D    970
     110    1187       0       0       0       0       0       000010000D    971
     110       0       0       2       0                               0D    972
     110    1189       0       0       0       0       0       000010000D    973
     110       0       0       2       0                               0D    974
     508    1191       0       0       0       0       0       000010000D    975
     508       0       0       1       1                               0D    976
     510    1192       0       0       0       0       0       000010000D    977
     510       0   -2717       1       1                               0D    978
     116    1193       0       0       0       0       0       000010000D    979
     116       0       0       1       0                               0D    980
     123    1194       0       0       0       0       0       000010200D    981
     123       0       0       1       0                               0D    982
     192    1195       0       0       0       0       0       000010000D    983
     192       0       0       1       1                               0D    984
     123    1196       0       0       0       0       0       000010200D    985
     123       0       0       1       0                               0D    986
     110    1197       0       0       0       0       0       000010000D    987
     110       0       0       2       0                               0D    988
     100    1199       0       0       0       0     991       000010000D    989
     100       0       0       2       0                               0D    990
     124    1201       0       0       0       0       0       000000000D    991
     124       0       0       3       0                               0D    992
     110    1204       0       0       0       0       0       000010000D    993
     110       0       0       2       0                               0D    994
     508    1206       0       0       0       0       0       000010000D    995
     508       0       0       1       1                               0D    996
     510    1207       0       0       0       0       0       000010000D    997
     510       0   -2717       1       1                               0D    998
     116    1208       0       0       0       0       0       000010000D    999
     116       0       0       1       0                               0D   1000
     123    1209       0       0       0       0       0       000010200D   1001
     123       0       0       1       0                               0D   1002
     190    1210       0       0       0       0       0       000010000D   1003
     190       0       0       1       1                               0D   1004
     123    1211       0       0       0       0       0       000010200D   1005
     123       0       0       1       0                               0D   1006
     110    1212       0       0       0       0       0       000010000D   1007
     110       0       0       2       0                               0D   1008
     110    1214       0       0       0       0       0       000010000D   1009
     110       0       0       2       0                               0D   1010
     508    1216       0       0       0       0       0       000010000D   1011
     508       0       0       1       1                               0D   1012
     510    1217       0       0       0       0       0       000010000D   1013
     510       0   -2717       1       1                               0D   1014
     116    1218       0       0       0       0       0       000010000D   1015
     116       0       0       1       0                               0D   1016
     123    1219       0       0       0       0       0       000010200D   1017
     123       0       0       1       0                               0D   1018
     192    1220       0       0       0       0       0       000010000D   1019
     192       0       0       1       1                               0D   1020
     123    1221       0       0       0       0       0       000010200D   1021
     123       0       0       1       0                               0D   1022
     110    1222       0       0       0       0       0       000010000D   1023
     110       0       0       2       0                               0D   1024
     100    1224       0       0       0       0    1027       000010000D   1025
     100       0       0       2       0                               0D   1026
     124    1226       0       0       0       0       0       000000000D   1027
     124       0       0       3       0                               0D   1028
     110    1229       0       0       0       0       0       000010000D   1029
     110       0       0       2       0                               0D   1030
     508    1231       0       0       0       0       0       000010000D   1031
     508       0       0       1       1                               0D   1032
     510    1232       0       0       0       0       0       000010000D   1033
     510       0   -2717       1       1                               0D   1034
     116    1233       0       0       0       0       0       000010000D   1035
     116       0       0       1       0                               0D   1036
     123    1234       0       0       0       0       0       000010200D   1037
     123       0       0       1       0                               0D   1038
     190    1235       0       0       0       0       0       000010000D   1039
     190       0       0       1       1                               0D   1040
     123    1236       0       0       0       0       0       000010200D   1041
     123       0       0       1       0                               0D   1042
     110    1237       0       0       0       0       0       000010000D   1043
     110       0       0       2       0                               0D   1044
     110    1239       0       0       0       0       0       000010000D   1045
     110       0       0       2       0                               0D   1046
     508    1241       0       0       0       0       0       000010000D   1047
     508       0       0       1       1                               0D   1048
     510    1242       0       0       0       0       0       000010000D   1049
     510       0   -2717       1       1                               0D   1050
     116    1243       0       0       0       0       0       000010000D   1051
     116       0       0       1       0                               0D   1052
     123    1244       0       0       0       0       0       000010200D   1053
     123       0       0       1       0                               0D   1054
     192    1245       0       0       0       0       0       000010000D   1055
     192       0       0       1       1                               0D   1056
     123    1246       0       0       0       0       0       000010200D   1057
     123       0       0       1       0                               0D   1058
     110    1247       0       0       0       0       0       000010000D   1059
     110       0       0       2       0                               0D   1060
     100    1249       0       0       0       0    1063       000010000D   1061
     100       0       0       2       0                               0D   1062
     124    1251       0       0       0       0       0       000000000D   1063
     124       0       0       3       0                               0D   1064
     110    1254       0       0       0       0       0       000010000D   1065
     110       0       0       2       0                               0D   1066
     508    1256       0       0       0       0       0       000010000D   1067
     508       0       0       1       1                               0D   1068
     510    1257       0       0       0       0       0       000010000D   1069
     510       0   -2717       1       1                               0D   1070
     116    1258       0       0       0       0       0       000010000D   1071
     116       0       0       1       0                               0D   1072
     123    1259       0       0       0       0       0       000010200D   1073
     123       0       0       1       0                               0D   1074
     190    1260       0       0       0       0       0       000010000D   1075
     190       0       0       1       1                               0D   1076
     123    1261       0       0       0       0       0       000010200D   1077
     123       0       0       1       0                               0D   1078
     110    1262       0       0       0       0       0       000010000D   1079
     110       0       0       2       0                               0D   1080
     110    1264       0       0       0       0       0       000010000D   1081
     110       0       0       2       0                               0D   1082
     508    1266       0       0       0       0       0       000010000D   1083
     508       0       0       1       1                               0D   1084
     510    1267       0       0       0       0       0       000010000D   1085
     510       0   -2717       1       1                               0D   1086
     116    1268       0       0       0       0       0       000010000D   1087
     116       0       0       1       0                               0D   1088
     123    1269       0       0       0       0       0       000010200D   1089
     123       0       0       1       0                               0D   1090
     192    1270       0       0       0       0       0       000010000D   1091
     192       0       0       1       1                               0D   1092
     123    1271       0       0       0       0       0       000010200D   1093
     123       0       0       1       0                               0D   1094
     110    1272       0       0       0       0       0       000010000D   1095
     110       0       0       2       0                               0D   1096
     100    1274       0       0       0       0    1099       000010000D   1097
     100       0       0       2       0                               0D   1098
     124    1276       0       0       0       0       0       000000000D   1099
     124       0       0       3       0                               0D   1100
     110    1279       0       0       0       0       0       000010000D   1101
     110       0       0       2       0                               0D   1102
     508    1281       0       0       0       0       0       000010000D   1103
     508       0       0       1       1                               0D   1104
     510    1282       0       0       0       0       0       000010000D   1105
     510       0   -2717       1       1                               0D   1106
     116    1283       0       0       0       0       0       000010000D   1107
     116       0       0       1       0                               0D   1108
     123    1284       0       0       0       0       0       000010200D   1109
     123       0       0       1       0                               0D   1110
     190    1285       0       0       0       0       0       000010000D   1111
     190       0       0       1       1                               0D   1112
     123    1286       0       0       0       0       0       000010200D   1113
     123       0       0       1       0                               0D   1114
     110    1287       0       0       0       0       0       000010000D   1115
     110       0       0       2       0                               0D   1116
     110    1289       0       0       0       0       0       000010000D   1117
     110       0       0       2       0                               0D   1118
     508    1291       0       0       0       0       0       000010000D   1119
     508       0       0       1       1                               0D   1120
     510    1292       0       0       0       0       0       000010000D   1121
     510       0   -2717       1       1                               0D   1122
     116    1293       0       0       0       0       0       000010000D   1123
     116       0       0       1       0                               0D   1124
     123    1294       0       0       0       0       0       000010200D   1125
     123       0       0       1       0                               0D   1126
     192    1295       0       0       0       0       0       000010000D   1127
     192       0       0       1       1                               0D   1128
     123    1296       0       0       0       0       0       000010200D   1129
     123       0       0       1       0                               0D   1130
     110    1297       0       0       0       0       0       000010000D   1131
     110       0       0       2       0                               0D   1132
     100    1299       0       0       0       0    1135       000010000D   1133
     100       0       0       2       0                               0D   1134
     124    1301       0       0       0       0       0       000000000D   1135
     124       0       0       3       0                               0D   1136
     110    1304       0       0       0       0       0       000010000D   1137
     110       0       0       2       0                               0D   1138
     508    1306       0       0       0       0       0       000010000D   1139
     508       0       0       1       1                               0D   1140
     510    1307       0       0       0       0       0       000010000D   1141
     510       0   -2717       1       1                               0D   1142
     116    1308       0       0       0       0       0       000010000D   1143
     116       0       0       1       0                               0D   1144
     123    1309       0       0       0       0       0       000010200D   1145
     123       0       0       1       0                               0D   1146
     190    1310       0       0       0       0       0       000010000D   1147
     190       0       0       1       1                               0D   1148
     123    1311       0       0       0       0       0       000010200D   1149
     123       0       0       1       0                               0D   1150
     110    1312       0       0       0       0       0       000010000D   1151
     110       0       0       2       0                               0D   1152
     110    1314       0       0       0       0       0       000010000D   1153
     110       0       0       2       0                               0D   1154
     508    1316       0       0       0       0       0       000010000D   1155
     508       0       0       1       1                               0D   1156
     510    1317       0       0       0       0       0       000010000D   1157
     510       0   -2717       1       1                               0D   1158
     116    1318       0       0       0       0       0       000010000D   1159
     116       0       0       1       0                               0D   1160
     123    1319       0       0       0       0       0       000010200D   1161
     123       0       0       1       0                               0D   1162
     192    1320       0       0       0       0       0       000010000D   1163
     192       0       0       1       1                               0D   1164
     123    1321       0       0       0       0       0       000010200D   1165
     123       0       0       1       0                               0D   1166
     110    1322       0       0       0       0       0       000010000D   1167
     110       0       0       2       0                               0D   1168
     100    1324       0       0       0       0    1171       000010000D   1169
     100       0       0       2       0                               0D   1170
     124    1326       0       0       0       0       0       000000000D   1171
     124       0       0       3       0                               0D   1172
     110    1329       0       0       0       0       0       000010000D   1173
     110       0       0       2       0                               0D   1174
     508    1331       0       0       0       0       0       000010000D   1175
     508       0       0       1       1                               0D   1176
     510    1332       0       0       0       0       0       000010000D   1177
     510       0   -2717       1       1                               0D   1178
     116    1333       0       0       0       0       0       000010000D   1179
     116       0       0       1       0                               0D   1180
     123    1334       0       0       0       0       0       000010200D   1181
     123       0       0       1       0                               0D   1182
     190    1335       0       0       0       0       0       000010000D   1183
     190       0       0       1       1                               0D   1184
     123    1336       0       0       0       0       0       000010200D   1185
     123       0       0       1       0                               0D   1186
     110    1337       0       0       0       0       0       000010000D   1187
     110       0       0       2       0                               0D   1188
     110    1339       0       0       0       0       0       000010000D   1189
     110       0       0       2       0                               0D   1190
     508    1341       0       0       0       0       0       000010000D   1191
     508       0       0       1       1                               0D   1192
     510    1342       0       0       0       0       0       000010000D   1193
     510       0   -2717       1       1                               0D   1194
     116    1343       0       0       0       0       0       000010000D   1195
     116       0       0       1       0                               0D   1196
     123    1344       0       0       0       0       0       000010200D   1197
     123       0       0       1       0                               0D   1198
     192    1345       0       0       0       0       0       000010000D   1199
     192       0       0       1       1                               0D   1200
     123    1346       0       0       0       0       0       000010200D   1201
     123       0       0       1       0                               0D   1202
     110    1347       0       0       0       0       0       000010000D   1203
     110       0       0       2       0                               0D   1204
     100    1349       0       0       0       0    1207       000010000D   1205
     100       0       0       2       0                               0D   1206
     124    1351       0       0       0       0       0       000000000D   1207
     124       0       0       3       0                               0D   1208
     110    1354       0       0       0       0       0       000010000D   1209
     110       0       0       2       0                               0D   1210
     508    1356       0       0       0       0       0       000010000D   1211
     508       0       0       1       1                               0D   1212
     510    1357       0       0       0       0       0       000010000D   1213
     510       0   -2717       1       1                               0D   1214
     116    1358       0       0       0       0       0       000010000D   1215
     116       0       0       1       0                               0D   1216
     123    1359       0       0       0       0       0       000010200D   1217
     123       0       0       1       0                               0D   1218
     190    1360       0       0       0       0       0       000010000D   1219
     190       0       0       1       1                               0D   1220
     123    1361       0       0       0       0       0       000010200D   1221
     123       0       0       1       0                               0D   1222
     110    1362       0       0       0       0       0       000010000D   1223
     110       0       0       2       0                               0D   1224
     110    1364       0       0       0       0       0       000010000D   1225
     110       0       0       2       0                               0D   1226
     508    1366       0       0       0       0       0       000010000D   1227
     508       0       0       1       1                               0D   1228
     510    1367       0       0       0       0       0       000010000D   1229
     510       0   -2717       1       1                               0D   1230
     116    1368       0       0       0       0       0       000010000D   1231
     116       0       0       1       0                               0D   1232
     123    1369       0       0       0       0       0       000010200D   1233
     123       0       0       1       0                               0D   1234
     192    1370       0       0       0       0       0       000010000D   1235
     192       0       0       1       1                               0D   1236
     123    1371       0       0       0       0       0       000010200D   1237
     123       0       0       1       0                               0D   1238
     110    1372       0       0       0       0       0       000010000D   1239
     110       0       0       2       0                               0D   1240
     100    1374       0       0       0       0    1243       000010000D   1241
     100       0       0       2       0                               0D   1242
     124    1376       0       0       0       0       0       000000000D   1243
     124       0       0       3       0                               0D   1244
     110    1379       0       0       0       0       0       000010000D   1245
     110       0       0       2       0                               0D   1246
     508    1381       0       0       0       0       0       000010000D   1247
     508       0       0       1       1                               0D   1248
     510    1382       0       0       0       0       0       000010000D   1249
     510       0   -2717       1       1                               0D   1250
     116    1383       0       0       0       0       0       000010000D   1251
     116       0       0       1       0                               0D   1252
     123    1384       0       0       0       0       0       000010200D   1253
     123       0       0       1       0                               0D   1254
     190    1385       0       0       0       0       0       000010000D   1255
     190       0       0       1       1                               0D   1256
     123    1386       0       0       0       0       0       000010200D   1257
     123       0       0       1       0                               0D   1258
     110    1387       0       0       0       0       0       000010000D   1259
     110       0       0       2       0                               0D   1260
     110    1389       0       0       0       0       0       000010000D   1261
     110       0       0       2       0                               0D   1262
     508    1391       0       0       0       0       0       000010000D   1263
     508       0       0       1       1                               0D   1264
     510    1392       0       0       0       0       0       000010000D   1265
     510       0   -2717       1       1                               0D   1266
     116    1393       0       0       0       0       0       000010000D   1267
     116       0       0       1       0                               0D   1268
     123    1394       0       0       0       0       0       000010200D   1269
     123       0       0       1       0                               0D   1270
     192    1395       0       0       0       0       0       000010000D   1271
     192       0       0       1       1                               0D   1272
     123    1396       0       0       0       0       0       000010200D   1273
     123       0       0       1       0                               0D   1274
     110    1397       0       0       0       0       0       000010000D   1275
     110       0       0       2       0                               0D   1276
     100    1399       0       0       0       0    1279       000010000D   1277
     100       0       0       2       0                               0D   1278
     124    1401       0       0       0       0       0       000000000D   1279
     124       0       0       3       0                               0D   1280
     110    1404       0       0       0       0       0       000010000D   1281
     110       0       0       2       0                               0D   1282
     508    1406       0       0       0       0       0       000010000D   1283
     508       0       0       1       1                               0D   1284
     510    1407       0       0       0       0       0       000010000D   1285
     510       0   -2717       1       1                               0D   1286
     116    1408       0       0       0       0       0       000010000D   1287
     116       0       0       1       0                               0D   1288
     123    1409       0       0       0       0       0       000010200D   1289
     123       0       0       1       0                               0D   1290
     190    1410       0       0       0       0       0       000010000D   1291
     190       0       0       1       1                               0D   1292
     123    1411       0       0       0       0       0       000010200D   1293
     123       0       0       1       0                               0D   1294
     110    1412       0       0       0       0       0       000010000D   1295
     110       0       0       2       0                               0D   1296
     110    1414       0       0       0       0       0       000010000D   1297
     110       0       0       2       0                               0D   1298
     508    1416       0       0       0       0       0       000010000D   1299
     508       0       0       1       1                               0D   1300
     510    1417       0       0       0       0       0       000010000D   1301
     510       0   -2717       1       1                               0D   1302
     116    1418       0       0       0       0       0       000010000D   1303
     116       0       0       1       0                               0D   1304
     123    1419       0       0       0       0       0       000010200D   1305
     123       0       0       1       0                               0D   1306
     192    1420       0       0       0       0       0       000010000D   1307
     192       0       0       1       1                               0D   1308
     123    1421       0       0       0       0       0       000010200D   1309
     123       0       0       1       0                               0D   1310
     110    1422       0       0       0       0       0       000010000D   1311
     110       0       0       2       0                               0D   1312
     100    1424       0       0       0       0    1315       000010000D   1313
     100       0       0       2       0                               0D   1314
     124    1426       0       0       0       0       0       000000000D   1315
     124       0       0       3       0                               0D   1316
     110    1429       0       0       0       0       0       000010000D   1317
     110       0       0       2       0                               0D   1318
     508    1431       0       0       0       0       0       000010000D   1319
     508       0       0       1       1                               0D   1320
     510    1432       0       0       0       0       0       000010000D   1321
     510       0   -2717       1       1                               0D   1322
     116    1433       0       0       0       0       0       000010000D   1323
     116       0       0       1       0                               0D   1324
     123    1434       0       0       0       0       0       000010200D   1325
     123       0       0       1       0                               0D   1326
     190    1435       0       0       0       0       0       000010000D   1327
     190       0       0       1       1                               0D   1328
     123    1436       0       0       0       0       0       000010200D   1329
     123       0       0       1       0                               0D   1330
     110    1437       0       0       0       0       0       000010000D   1331
     110       0       0       2       0                               0D   1332
     110    1439       0       0       0       0       0       000010000D   1333
     110       0       0       2       0                               0D   1334
     508    1441       0       0       0       0       0       000010000D   1335
     508       0       0       1       1                               0D   1336
     510    1442       0       0       0       0       0       000010000D   1337
     510       0   -2717       1       1                               0D   1338
     116    1443       0       0       0       0       0       000010000D   1339
     116       0       0       1       0                               0D   1340
     123    1444       0       0       0       0       0       000010200D   1341
     123       0       0       1       0                               0D   1342
     192    1445       0       0       0       0       0       000010000D   1343
     192       0       0       1       1                               0D   1344
     123    1446       0       0       0       0       0       000010200D   1345
     123       0       0       1       0                               0D   1346
     110    1447       0       0       0       0       0       000010000D   1347
     110       0       0       2       0                               0D   1348
     100    1449       0       0       0       0    1351       000010000D   1349
     100       0       0       2       0                               0D   1350
     124    1451       0       0       0       0       0       000000000D   1351
     124       0       0       3       0                               0D   1352
     110    1454       0       0       0       0       0       000010000D   1353
     110       0       0       2       0                               0D   1354
     508    1456       0       0       0       0       0       000010000D   1355
     508       0       0       1       1                               0D   1356
     510    1457       0       0       0       0       0       000010000D   1357
     510       0   -2717       1       1                               0D   1358
     116    1458       0       0       0       0       0       000010000D   1359
     116       0       0       1       0                               0D   1360
     123    1459       0       0       0       0       0       000010200D   1361
     123       0       0       1       0                               0D   1362
     190    1460       0       0       0       0       0       000010000D   1363
     190       0       0       1       1                               0D   1364
     123    1461       0       0       0       0       0       000010200D   1365
     123       0       0       1       0                               0D   1366
     110    1462       0       0       0       0       0       000010000D   1367
     110       0       0       2       0                               0D   1368
     110    1464       0       0       0       0       0       000010000D   1369
     110       0       0       2       0                               0D   1370
     508    1466       0       0       0       0       0       000010000D   1371
     508       0       0       1       1                               0D   1372
     510    1467       0       0       0       0       0       000010000D   1373
     510       0   -2717       1       1                               0D   1374
     116    1468       0       0       0       0       0       000010000D   1375
     116       0       0       1       0                               0D   1376
     123    1469       0       0       0       0       0       000010200D   1377
     123       0       0       1       0                               0D   1378
     190    1470       0       0       0       0       0       000010000D   1379
     190       0       0       1       1                               0D   1380
     123    1471       0       0       0       0       0       000010200D   1381
     123       0       0       1       0                               0D   1382
     110    1472       0       0       0       0       0       000010000D   1383
     110       0       0       2       0                               0D   1384
     110    1474       0       0       0       0       0       000010000D   1385
     110       0       0       2       0                               0D   1386
     508    1476       0       0       0       0       0       000010000D   1387
     508       0       0       1       1                               0D   1388
     510    1477       0       0       0       0       0       000010000D   1389
     510       0   -2717       1       1                               0D   1390
     116    1478       0       0       0       0       0       000010000D   1391
     116       0       0       1       0                               0D   1392
     123    1479       0       0       0       0       0       000010200D   1393
     123       0       0       1       0                               0D   1394
     190    1480       0       0       0       0       0       000010000D   1395
     190       0       0       1       1                               0D   1396
     123    1481       0       0       0       0       0       000010200D   1397
     123       0       0       1       0                               0D   1398
     110    1482       0       0       0       0       0       000010000D   1399
     110       0       0       2       0                               0D   1400
     110    1484       0       0       0       0       0       000010000D   1401
     110       0       0       2       0                               0D   1402
     508    1486       0       0       0       0       0       000010000D   1403
     508       0       0       1       1                               0D   1404
     510    1487       0       0       0       0       0       000010000D   1405
     510       0   -2717       1       1                               0D   1406
     116    1488       0       0       0       0       0       000010000D   1407
     116       0       0       1       0                               0D   1408
     123    1489       0       0       0       0       0       000010200D   1409
     123       0       0       1       0                               0D   1410
     192    1490       0       0       0       0       0       000010000D   1411
     192       0       0       1       1                               0D   1412
     123    1491       0       0       0       0       0       000010200D   1413
     123       0       0       1       0                               0D   1414
     110    1492       0       0       0       0       0       000010000D   1415
     110       0       0       2       0                               0D   1416
     100    1494       0       0       0       0    1419       000010000D   1417
     100       0       0       2       0                               0D   1418
     124    1496       0       0       0       0       0       000000000D   1419
     124       0       0       3       0                               0D   1420
     508    1499       0       0       0       0       0       000010000D   1421
     508       0       0       1       1                               0D   1422
     510    1500       0       0       0       0       0       000010000D   1423
     510       0   -2717       1       1                               0D   1424
     116    1501       0       0       0       0       0       000010000D   1425
     116       0       0       1       0                               0D   1426
     123    1502       0       0       0       0       0       000010200D   1427
     123       0       0       1       0                               0D   1428
     192    1503       0       0       0       0       0       000010000D   1429
     192       0       0       1       1                               0D   1430
     123    1504       0       0       0       0       0       000010200D   1431
     123       0       0       1       0                               0D   1432
     100    1505       0       0       0       0    1419       000010000D   1433
     100       0       0       2       0                               0D   1434
     508    1507       0       0       0       0       0       000010000D   1435
     508       0       0       1       1                               0D   1436
     510    1508       0       0       0       0       0       000010000D   1437
     510       0   -2717       1       1                               0D   1438
     116    1509       0       0       0       0       0       000010000D   1439
     116       0       0       1       0                               0D   1440
     123    1510       0       0       0       0       0       000010200D   1441
     123       0       0       1       0                               0D   1442
     190    1511       0       0       0       0       0       000010000D   1443
     190       0       0       1       1                               0D   1444
     123    1512       0       0       0       0       0       000010200D   1445
     123       0       0       1       0                               0D   1446
     110    1513       0       0       0       0       0       000010000D   1447
     110       0       0       2       0                               0D   1448
     508    1515       0       0       0       0       0       000010000D   1449
     508       0       0       1       1                               0D   1450
     510    1516       0       0       0       0       0       000010000D   1451
     510       0   -2717       1       1                               0D   1452
     116    1517       0       0       0       0       0       000010000D   1453
     116       0       0       1       0                               0D   1454
     123    1518       0       0       0       0       0       000010200D   1455
     123       0       0       1       0                               0D   1456
     192    1519       0       0       0       0       0       000010000D   1457
     192       0       0       1       1                               0D   1458
     123    1520       0       0       0       0       0       000010200D   1459
     123       0       0       1       0                               0D   1460
     110    1521       0       0       0       0       0       000010000D   1461
     110       0       0       2       0                               0D   1462
     100    1523       0       0       0       0    1419       000010000D   1463
     100       0       0       2       0                               0D   1464
     508    1525       0       0       0       0       0       000010000D   1465
     508       0       0       1       1                               0D   1466
     510    1526       0       0       0       0       0       000010000D   1467
     510       0   -2717       1       1                               0D   1468
     116    1527       0       0       0       0       0       000010000D   1469
     116       0       0       1       0                               0D   1470
     123    1528       0       0       0       0       0       000010200D   1471
     123       0       0       1       0                               0D   1472
     190    1529       0       0       0       0       0       000010000D   1473
     190       0       0       1       1                               0D   1474
     123    1530       0       0       0       0       0       000010200D   1475
     123       0       0       1       0                               0D   1476
     110    1531       0       0       0       0       0       000010000D   1477
     110       0       0       2       0                               0D   1478
     508    1533       0       0       0       0       0       000010000D   1479
     508       0       0       1       1                               0D   1480
     510    1534       0       0       0       0       0       000010000D   1481
     510       0   -2717       1       1                               0D   1482
     116    1535       0       0       0       0       0       000010000D   1483
     116       0       0       1       0                               0D   1484
     123    1536       0       0       0       0       0       000010200D   1485
     123       0       0       1       0                               0D   1486
     192    1537       0       0       0       0       0       000010000D   1487
     192       0       0       1       1                               0D   1488
     123    1538       0       0       0       0       0       000010200D   1489
     123       0       0       1       0                               0D   1490
     110    1539       0       0       0       0       0       000010000D   1491
     110       0       0       2       0                               0D   1492
     100    1541       0       0       0       0    1419       000010000D   1493
     100       0       0       2       0                               0D   1494
     508    1543       0       0       0       0       0       000010000D   1495
     508       0       0       1       1                               0D   1496
     510    1544       0       0       0       0       0       000010000D   1497
     510       0   -2717       1       1                               0D   1498
     116    1545       0       0       0       0       0       000010000D   1499
     116       0       0       1       0                               0D   1500
     123    1546       0       0       0       0       0       000010200D   1501
     123       0       0       1       0                               0D   1502
     190    1547       0       0       0       0       0       000010000D   1503
     190       0       0       1       1                               0D   1504
     123    1548       0       0       0       0       0       000010200D   1505
     123       0       0       1       0                               0D   1506
     110    1549       0       0       0       0       0       000010000D   1507
     110       0       0       2       0                               0D   1508
     508    1551       0       0       0       0       0       000010000D   1509
     508       0       0       1       1                               0D   1510
     510    1552       0       0       0       0       0       000010000D   1511
     510       0   -2717       1       1                               0D   1512
     116    1553       0       0       0       0       0       000010000D   1513
     116       0       0       1       0                               0D   1514
     123    1554       0       0       0       0       0       000010200D   1515
     123       0       0       1       0                               0D   1516
     192    1555       0       0       0       0       0       000010000D   1517
     192       0       0       1       1                               0D   1518
     123    1556       0       0       0       0       0       000010200D   1519
     123       0       0       1       0                               0D   1520
     110    1557       0       0       0       0       0       000010000D   1521
     110       0       0       2       0                               0D   1522
     100    1559       0       0       0       0    1419       000010000D   1523
     100       0       0       2       0                               0D   1524
     508    1561       0       0       0       0       0       000010000D   1525
     508       0       0       1       1                               0D   1526
     510    1562       0       0       0       0       0       000010000D   1527
     510       0   -2717       1       1                               0D   1528
     116    1563       0       0       0       0       0       000010000D   1529
     116       0       0       1       0                               0D   1530
     123    1564       0       0       0       0       0       000010200D   1531
     123       0       0       1       0                               0D   1532
     190    1565       0       0       0       0       0       000010000D   1533
     190       0       0       1       1                               0D   1534
     123    1566       0       0       0       0       0       000010200D   1535
     123       0       0       1       0                               0D   1536
     110    1567       0       0       0       0       0       000010000D   1537
     110       0       0       2       0                               0D   1538
     508    1569       0       0       0       0       0       000010000D   1539
     508       0       0       1       1                               0D   1540
     510    1570       0       0       0       0       0       000010000D   1541
     510       0   -2717       1       1                               0D   1542
     116    1571       0       0       0       0       0       000010000D   1543
     116       0       0       1       0                               0D   1544
     123    1572       0       0       0       0       0       000010200D   1545
     123       0       0       1       0                               0D   1546
     192    1573       0       0       0       0       0       000010000D   1547
     192       0       0       1       1                               0D   1548
     123    1574       0       0       0       0       0       000010200D   1549
     123       0       0       1       0                               0D   1550
     110    1575       0       0       0       0       0       000010000D   1551
     110       0       0       2       0                               0D   1552
     100    1577       0       0       0       0    1419       000010000D   1553
     100       0       0       2       0                               0D   1554
     508    1579       0       0       0       0       0       000010000D   1555
     508       0       0       1       1                               0D   1556
     510    1580       0       0       0       0       0       000010000D   1557
     510       0   -2717       1       1                               0D   1558
     116    1581       0       0       0       0       0       000010000D   1559
     116       0       0       1       0                               0D   1560
     123    1582       0       0       0       0       0       000010200D   1561
     123       0       0       1       0                               0D   1562
     190    1583       0       0       0       0       0       000010000D   1563
     190       0       0       1       1                               0D   1564
     123    1584       0       0       0       0       0       000010200D   1565
     123       0       0       1       0                               0D   1566
     110    1585       0       0       0       0       0       000010000D   1567
     110       0       0       2       0                               0D   1568
     508    1587       0       0       0       0       0       000010000D   1569
     508       0       0       1       1                               0D   1570
     510    1588       0       0       0       0       0       000010000D   1571
     510       0   -2717       1       1                               0D   1572
     116    1589       0       0       0       0       0       000010000D   1573
     116       0       0       1       0                               0D   1574
     123    1590       0       0       0       0       0       000010200D   1575
     123       0       0       1       0                               0D   1576
     192    1591       0       0       0       0       0       000010000D   1577
     192       0       0       1       1                               0D   1578
     123    1592       0       0       0       0       0       000010200D   1579
     123       0       0       1       0                               0D   1580
     110    1593       0       0       0       0       0       000010000D   1581
     110       0       0       2       0                               0D   1582
     100    1595       0       0       0       0    1419       000010000D   1583
     100       0       0       2       0                               0D   1584
     508    1597       0       0       0       0       0       000010000D   1585
     508       0       0       1       1                               0D   1586
     510    1598       0       0       0       0       0       000010000D   1587
     510       0   -2717       1       1                               0D   1588
     116    1599       0       0       0       0       0       000010000D   1589
     116       0       0       1       0                               0D   1590
     123    1600       0       0       0       0       0       000010200D   1591
     123       0       0       1       0                               0D   1592
     190    1601       0       0       0       0       0       000010000D   1593
     190       0       0       1       1                               0D   1594
     123    1602       0       0       0       0       0       000010200D   1595
     123       0       0       1       0                               0D   1596
     110    1603       0       0       0       0       0       000010000D   1597
     110       0       0       2       0                               0D   1598
     508    1605       0       0       0       0       0       000010000D   1599
     508       0       0       1       1                               0D   1600
     510    1606       0       0       0       0       0       000010000D   1601
     510       0   -2717       1       1                               0D   1602
     116    1607       0       0       0       0       0       000010000D   1603
     116       0       0       1       0                               0D   1604
     123    1608       0       0       0       0       0       000010200D   1605
     123       0       0       1       0                               0D   1606
     192    1609       0       0       0       0       0       000010000D   1607
     192       0       0       1       1                               0D   1608
     123    1610       0       0       0       0       0       000010200D   1609
     123       0       0       1       0                               0D   1610
     110    1611       0       0       0       0       0       000010000D   1611
     110       0       0       2       0                               0D   1612
     100    1613       0       0       0       0    1419       000010000D   1613
     100       0       0       2       0                               0D   1614
     508    1615       0       0       0       0       0       000010000D   1615
     508       0       0       1       1                               0D   1616
     510    1616       0       0       0       0       0       000010000D   1617
     510       0   -2717       1       1                               0D   1618
     116    1617       0       0       0       0       0       000010000D   1619
     116       0       0       1       0                               0D   1620
     123    1618       0       0       0       0       0       000010200D   1621
     123       0       0       1       0                               0D   1622
     190    1619       0       0       0       0       0       000010000D   1623
     190       0       0       1       1                               0D   1624
     123    1620       0       0       0       0       0       000010200D   1625
     123       0       0       1       0                               0D   1626
     110    1621       0       0       0       0       0       000010000D   1627
     110       0       0       2       0                               0D   1628
     508    1623       0       0       0       0       0       000010000D   1629
     508       0       0       1       1                               0D   1630
     510    1624       0       0       0       0       0       000010000D   1631
     510       0   -2717       1       1                               0D   1632
     116    1625       0       0       0       0       0       000010000D   1633
     116       0       0       1       0                               0D   1634
     123    1626       0       0       0       0       0       000010200D   1635
     123       0       0       1       0                               0D   1636
     192    1627       0       0       0       0       0       000010000D   1637
     192       0       0       1       1                               0D   1638
     123    1628       0       0       0       0       0       000010200D   1639
     123       0       0       1       0                               0D   1640
     110    1629       0       0       0       0       0       000010000D   1641
     110       0       0       2       0                               0D   1642
     100    1631       0       0       0       0    1419       000010000D   1643
     100       0       0       2       0                               0D   1644
     508    1633       0       0       0       0       0       000010000D   1645
     508       0       0       1       1                               0D   1646
     510    1634       0       0       0       0       0       000010000D   1647
     510       0   -2717       1       1                               0D   1648
     116    1635       0       0       0       0       0       000010000D   1649
     116       0       0       1       0                               0D   1650
     123    1636       0       0       0       0       0       000010200D   1651
     123       0       0       1       0                               0D   1652
     190    1637       0       0       0       0       0       000010000D   1653
     190       0       0       1       1                               0D   1654
     123    1638       0       0       0       0       0       000010200D   1655
     123       0       0       1       0                               0D   1656
     110    1639       0       0       0       0       0       000010000D   1657
     110       0       0       2       0                               0D   1658
     508    1641       0       0       0       0       0       000010000D   1659
     508       0       0       1       1                               0D   1660
     510    1642       0       0       0       0       0       000010000D   1661
     510       0   -2717       1       1                               0D   1662
     116    1643       0       0       0       0       0       000010000D   1663
     116       0       0       1       0                               0D   1664
     123    1644       0       0       0       0       0       000010200D   1665
     123       0       0       1       0                               0D   1666
     192    1645       0       0       0       0       0       000010000D   1667
     192       0       0       1       1                               0D   1668
     123    1646       0       0       0       0       0       000010200D   1669
     123       0       0       1       0                               0D   1670
     110    1647       0       0       0       0       0       000010000D   1671
     110       0       0       2       0                               0D   1672
     100    1649       0       0       0       0    1419       000010000D   1673
     100       0       0       2       0                               0D   1674
     508    1651       0       0       0       0       0       000010000D   1675
     508       0       0       1       1                               0D   1676
     510    1652       0       0       0       0       0       000010000D   1677
     510       0   -2717       1       1                               0D   1678
     116    1653       0       0       0       0       0       000010000D   1679
     116       0       0       1       0                               0D   1680
     123    1654       0       0       0       0       0       000010200D   1681
     123       0       0       1       0                               0D   1682
     190    1655       0       0       0       0       0       000010000D   1683
     190       0       0       1       1                               0D   1684
     123    1656       0       0       0       0       0       000010200D   1685
     123       0       0       1       0                               0D   1686
     110    1657       0       0       0       0       0       000010000D   1687
     110       0       0       2       0                               0D   1688
     508    1659       0       0       0       0       0       000010000D   1689
     508       0       0       1       1                               0D   1690
     510    1660       0       0       0       0       0       000010000D   1691
     510       0   -2717       1       1                               0D   1692
     116    1661       0       0       0       0       0       000010000D   1693
     116       0       0       1       0                               0D   1694
     123    1662       0       0       0       0       0       000010200D   1695
     123       0       0       1       0                               0D   1696
     192    1663       0       0       0       0       0       000010000D   1697
     192       0       0       1       1                               0D   1698
     123    1664       0       0       0       0       0       000010200D   1699
     123       0       0       1       0                               0D   1700
     110    1665       0       0       0       0       0       000010000D   1701
     110       0       0       2       0                               0D   1702
     100    1667       0       0       0       0    1419       000010000D   1703
     100       0       0       2       0                               0D   1704
     508    1669       0       0       0       0       0       000010000D   1705
     508       0       0       1       1                               0D   1706
     510    1670       0       0       0       0       0       000010000D   1707
     510       0   -2717       1       1                               0D   1708
     116    1671       0       0       0       0       0       000010000D   1709
     116       0       0       1       0                               0D   1710
     123    1672       0       0       0       0       0       000010200D   1711
     123       0       0       1       0                               0D   1712
     190    1673       0       0       0       0       0       000010000D   1713
     190       0       0       1       1                               0D   1714
     123    1674       0       0       0       0       0       000010200D   1715
     123       0       0       1       0                               0D   1716
     110    1675       0       0       0       0       0       000010000D   1717
     110       0       0       2       0                               0D   1718
     508    1677       0       0       0       0       0       000010000D   1719
     508       0       0       1       1                               0D   1720
     510    1678       0       0       0       0       0       000010000D   1721
     510       0   -2717       1       1                               0D   1722
     116    1679       0       0       0       0       0       000010000D   1723
     116       0       0       1       0                               0D   1724
     123    1680       0       0       0       0       0       000010200D   1725
     123       0       0       1       0                               0D   1726
     192    1681       0       0       0       0       0       000010000D   1727
     192       0       0       1       1                               0D   1728
     123    1682       0       0       0       0       0       000010200D   1729
     123       0       0       1       0                               0D   1730
     110    1683       0       0       0       0       0       000010000D   1731
     110       0       0       2       0                               0D   1732
     100    1685       0       0       0       0    1419       000010000D   1733
     100       0       0       2       0                               0D   1734
     508    1687       0       0       0       0       0       000010000D   1735
     508       0       0       1       1                               0D   1736
     510    1688       0       0       0       0       0       000010000D   1737
     510       0   -2717       1       1                               0D   1738
     116    1689       0       0       0       0       0       000010000D   1739
     116       0       0       1       0                               0D   1740
     123    1690       0       0       0       0       0       000010200D   1741
     123       0       0       1       0                               0D   1742
     190    1691       0       0       0       0       0       000010000D   1743
     190       0       0       1       1                               0D   1744
     123    1692       0       0       0       0       0       000010200D   1745
     123       0       0       1       0                               0D   1746
     110    1693       0       0       0       0       0       000010000D   1747
     110       0       0       2       0                               0D   1748
     508    1695       0       0       0       0       0       000010000D   1749
     508       0       0       1       1                               0D   1750
     510    1696       0       0       0       0       0       000010000D   1751
     510       0   -2717       1       1                               0D   1752
     116    1697       0       0       0       0       0       000010000D   1753
     116       0       0       1       0                               0D   1754
     123    1698       0       0       0       0       0       000010200D   1755
     123       0       0       1       0                               0D   1756
     192    1699       0       0       0       0       0       000010000D   1757
     192       0       0       1       1                               0D   1758
     123    1700       0       0       0       0       0       000010200D   1759
     123       0       0       1       0                               0D   1760
     110    1701       0       0       0       0       0       000010000D   1761
     110       0       0       2       0                               0D   1762
     100    1703       0       0       0       0    1419       000010000D   1763
     100       0       0       2       0                               0D   1764
     508    1705       0       0       0       0       0       000010000D   1765
     508       0       0       1       1                               0D   1766
     510    1706       0       0       0       0       0       000010000D   1767
     510       0   -2717       1       1                               0D   1768
     116    1707       0       0       0       0       0       000010000D   1769
     116       0       0       1       0                               0D   1770
     123    1708       0       0       0       0       0       000010200D   1771
     123       0       0       1       0                               0D   1772
     190    1709       0       0       0       0       0       000010000D   1773
     190       0       0       1       1                               0D   1774
     123    1710       0       0       0       0       0       000010200D   1775
     123       0       0       1       0                               0D   1776
     110    1711       0       0       0       0       0       000010000D   1777
     110       0       0       2       0                               0D   1778
     508    1713       0       0       0       0       0       000010000D   1779
     508       0       0       1       1                               0D   1780
     510    1714       0       0       0       0       0       000010000D   1781
     510       0   -2717       1       1                               0D   1782
     116    1715       0       0       0       0       0       000010000D   1783
     116       0       0       1       0                               0D   1784
     123    1716       0       0       0       0       0       000010200D   1785
     123       0       0       1       0                               0D   1786
     192    1717       0       0       0       0       0       000010000D   1787
     192       0       0       1       1                               0D   1788
     123    1718       0       0       0       0       0       000010200D   1789
     123       0       0       1       0                               0D   1790
     110    1719       0       0       0       0       0       000010000D   1791
     110       0       0       2       0                               0D   1792
     100    1721       0       0       0       0    1419       000010000D   1793
     100       0       0       2       0                               0D   1794
     508    1723       0       0       0       0       0       000010000D   1795
     508       0       0       1       1                               0D   1796
     510    1724       0       0       0       0       0       000010000D   1797
     510       0   -2717       1       1                               0D   1798
     116    1725       0       0       0       0       0       000010000D   1799
     116       0       0       1       0                               0D   1800
     123    1726       0       0       0       0       0       000010200D   1801
     123       0       0       1       0                               0D   1802
     190    1727       0       0       0       0       0       000010000D   1803
     190       0       0       1       1                               0D   1804
     123    1728       0       0       0       0       0       000010200D   1805
     123       0       0       1       0                               0D   1806
     110    1729       0       0       0       0       0       000010000D   1807
     110       0       0       2       0                               0D   1808
     508    1731       0       0       0       0       0       000010000D   1809
     508       0       0       1       1                               0D   1810
     510    1732       0       0       0       0       0       000010000D   1811
     510       0   -2717       1       1                               0D   1812
     116    1733       0       0       0       0       0       000010000D   1813
     116       0       0       1       0                               0D   1814
     123    1734       0       0       0       0       0       000010200D   1815
     123       0       0       1       0                               0D   1816
     192    1735       0       0       0       0       0       000010000D   1817
     192       0       0       1       1                               0D   1818
     123    1736       0       0       0       0       0       000010200D   1819
     123       0       0       1       0                               0D   1820
     110    1737       0       0       0       0       0       000010000D   1821
     110       0       0       2       0                               0D   1822
     100    1739       0       0       0       0    1419       000010000D   1823
     100       0       0       2       0                               0D   1824
     508    1741       0       0       0       0       0       000010000D   1825
     508       0       0       1       1                               0D   1826
     510    1742       0       0       0       0       0       000010000D   1827
     510       0   -2717       1       1                               0D   1828
     116    1743       0       0       0       0       0       000010000D   1829
     116       0       0       1       0                               0D   1830
     123    1744       0       0       0       0       0       000010200D   1831
     123       0       0       1       0                               0D   1832
     190    1745       0       0       0       0       0       000010000D   1833
     190       0       0       1       1                               0D   1834
     123    1746       0       0       0       0       0       000010200D   1835
     123       0       0       1       0                               0D   1836
     110    1747       0       0       0       0       0       000010000D   1837
     110       0       0       2       0                               0D   1838
     508    1749       0       0       0       0       0       000010000D   1839
     508       0       0       1       1                               0D   1840
     510    1750       0       0       0       0       0       000010000D   1841
     510       0   -2717       1       1                               0D   1842
     116    1751       0       0       0       0       0       000010000D   1843
     116       0       0       1       0                               0D   1844
     123    1752       0       0       0       0       0       000010200D   1845
     123       0       0       1       0                               0D   1846
     192    1753       0       0       0       0       0       000010000D   1847
     192       0       0       1       1                               0D   1848
     123    1754       0       0       0       0       0       000010200D   1849
     123       0       0       1       0                               0D   1850
     110    1755       0       0       0       0       0       000010000D   1851
     110       0       0       2       0                               0D   1852
     100    1757       0       0       0       0    1419       000010000D   1853
     100       0       0       2       0                               0D   1854
     508    1759       0       0       0       0       0       000010000D   1855
     508       0       0       1       1                               0D   1856
     510    1760       0       0       0       0       0       000010000D   1857
     510       0   -2717       1       1                               0D   1858
     116    1761       0       0       0       0       0       000010000D   1859
     116       0       0       1       0                               0D   1860
     123    1762       0       0       0       0       0       000010200D   1861
     123       0       0       1       0                               0D   1862
     190    1763       0       0       0       0       0       000010000D   1863
     190       0       0       1       1                               0D   1864
     123    1764       0       0       0       0       0       000010200D   1865
     123       0       0       1       0                               0D   1866
     110    1765       0       0       0       0       0       000010000D   1867
     110       0       0       2       0                               0D   1868
     508    1767       0       0       0       0       0       000010000D   1869
     508       0       0       1       1                               0D   1870
     510    1768       0       0       0       0       0       000010000D   1871
     510       0   -2717       1       1                               0D   1872
     116    1769       0       0       0       0       0       000010000D   1873
     116       0       0       1       0                               0D   1874
     123    1770       0       0       0       0       0       000010200D   1875
     123       0       0       1       0                               0D   1876
     192    1771       0       0       0       0       0       000010000D   1877
     192       0       0       1       1                               0D   1878
     123    1772       0       0       0       0       0       000010200D   1879
     123       0       0       1       0                               0D   1880
     110    1773       0       0       0       0       0       000010000D   1881
     110       0       0       2       0                               0D   1882
     100    1775       0       0       0       0    1419       000010000D   1883
     100       0       0       2       0                               0D   1884
     508    1777       0       0       0       0       0       000010000D   1885
     508       0       0       1       1                               0D   1886
     510    1778       0       0       0       0       0       000010000D   1887
     510       0   -2717       1       1                               0D   1888
     116    1779       0       0       0       0       0       000010000D   1889
     116       0       0       1       0                               0D   1890
     123    1780       0       0       0       0       0       000010200D   1891
     123       0       0       1       0                               0D   1892
     190    1781       0       0       0       0       0       000010000D   1893
     190       0       0       1       1                               0D   1894
     123    1782       0       0       0       0       0       000010200D   1895
     123       0       0       1       0                               0D   1896
     110    1783       0       0       0       0       0       000010000D   1897
     110       0       0       2       0                               0D   1898
     508    1785       0       0       0       0       0       000010000D   1899
     508       0       0       1       1                               0D   1900
     510    1786       0       0       0       0       0       000010000D   1901
     510       0   -2717       1       1                               0D   1902
     116    1787       0       0       0       0       0       000010000D   1903
     116       0       0       1       0                               0D   1904
     123    1788       0       0       0       0       0       000010200D   1905
     123       0       0       1       0                               0D   1906
     192    1789       0       0       0       0       0       000010000D   1907
     192       0       0       1       1                               0D   1908
     123    1790       0       0       0       0       0       000010200D   1909
     123       0       0       1       0                               0D   1910
     110    1791       0       0       0       0       0       000010000D   1911
     110       0       0       2       0                               0D   1912
     100    1793       0       0       0       0    1419       000010000D   1913
     100       0       0       2       0                               0D   1914
     508    1795       0       0       0       0       0       000010000D   1915
     508       0       0       1       1                               0D   1916
     510    1796       0       0       0       0       0       000010000D   1917
     510       0   -2717       1       1                               0D   1918
     116    1797       0       0       0       0       0       000010000D   1919
     116       0       0       1       0                               0D   1920
     123    1798       0       0       0       0       0       000010200D   1921
     123       0       0       1       0                               0D   1922
     190    1799       0       0       0       0       0       000010000D   1923
     190       0       0       1       1                               0D   1924
     123    1800       0       0       0       0       0       000010200D   1925
     123       0       0       1       0                               0D   1926
     110    1801       0       0       0       0       0       000010000D   1927
     110       0       0       2       0                               0D   1928
     508    1803       0       0       0       0       0       000010000D   1929
     508       0       0       1       1                               0D   1930
     510    1804       0       0       0       0       0       000010000D   1931
     510       0   -2717       1       1                               0D   1932
     116    1805       0       0       0       0       0       000010000D   1933
     116       0       0       1       0                               0D   1934
     123    1806       0       0       0       0       0       000010200D   1935
     123       0       0       1       0                               0D   1936
     192    1807       0       0       0       0       0       000010000D   1937
     192       0       0       1       1                               0D   1938
     123    1808       0       0       0       0       0       000010200D   1939
     123       0       0       1       0                               0D   1940
     110    1809       0       0       0       0       0       000010000D   1941
     110       0       0       2       0                               0D   1942
     100    1811       0       0       0       0    1419       000010000D   1943
     100       0       0       2       0                               0D   1944
     508    1813       0       0       0       0       0       000010000D   1945
     508       0       0       1       1                               0D   1946
     510    1814       0       0       0       0       0       000010000D   1947
     510       0   -2717       1       1                               0D   1948
     116    1815       0       0       0       0       0       000010000D   1949
     116       0       0       1       0                               0D   1950
     123    1816       0       0       0       0       0       000010200D   1951
     123       0       0       1       0                               0D   1952
     190    1817       0       0       0       0       0       000010000D   1953
     190       0       0       1       1                               0D   1954
     123    1818       0       0       0       0       0       000010200D   1955
     123       0       0       1       0                               0D   1956
     110    1819       0       0       0       0       0       000010000D   1957
     110       0       0       2       0                               0D   1958
     508    1821       0       0       0       0       0       000010000D   1959
     508       0       0       1       1                               0D   1960
     510    1822       0       0       0       0       0       000010000D   1961
     510       0   -2717       1       1                               0D   1962
     116    1823       0       0       0       0       0       000010000D   1963
     116       0       0       1       0                               0D   1964
     123    1824       0       0       0       0       0       000010200D   1965
     123       0       0       1       0                               0D   1966
     192    1825       0       0       0       0       0       000010000D   1967
     192       0       0       1       1                               0D   1968
     123    1826       0       0       0       0       0       000010200D   1969
     123       0       0       1       0                               0D   1970
     110    1827       0       0       0       0       0       000010000D   1971
     110       0       0       2       0                               0D   1972
     100    1829       0       0       0       0    1419       000010000D   1973
     100       0       0       2       0                               0D   1974
     508    1831       0       0       0       0       0       000010000D   1975
     508       0       0       1       1                               0D   1976
     510    1832       0       0       0       0       0       000010000D   1977
     510       0   -2717       1       1                               0D   1978
     116    1833       0       0       0       0       0       000010000D   1979
     116       0       0       1       0                               0D   1980
     123    1834       0       0       0       0       0       000010200D   1981
     123       0       0       1       0                               0D   1982
     190    1835       0       0       0       0       0       000010000D   1983
     190       0       0       1       1                               0D   1984
     123    1836       0       0       0       0       0       000010200D   1985
     123       0       0       1       0                               0D   1986
     110    1837       0       0       0       0       0       000010000D   1987
     110       0       0       2       0                               0D   1988
     508    1839       0       0       0       0       0       000010000D   1989
     508       0       0       1       1                               0D   1990
     510    1840       0       0       0       0       0       000010000D   1991
     510       0   -2717       1       1                               0D   1992
     116    1841       0       0       0       0       0       000010000D   1993
     116       0       0       1       0                               0D   1994
     123    1842       0       0       0       0       0       000010200D   1995
     123       0       0       1       0                               0D   1996
     192    1843       0       0       0       0       0       000010000D   1997
     192       0       0       1       1                               0D   1998
     123    1844       0       0       0       0       0       000010200D   1999
     123       0       0       1       0                               0D   2000
     110    1845       0       0       0       0       0       000010000D   2001
     110       0       0       2       0                               0D   2002
     100    1847       0       0       0       0    1419       000010000D   2003
     100       0       0       2       0                               0D   2004
     508    1849       0       0       0       0       0       000010000D   2005
     508       0       0       1       1                               0D   2006
     510    1850       0       0       0       0       0       000010000D   2007
     510       0   -2717       1       1                               0D   2008
     116    1851       0       0       0       0       0       000010000D   2009
     116       0       0       1       0                               0D   2010
     123    1852       0       0       0       0       0       000010200D   2011
     123       0       0       1       0                               0D   2012
     190    1853       0       0       0       0       0       000010000D   2013
     190       0       0       1       1                               0D   2014
     123    1854       0       0       0       0       0       000010200D   2015
     123       0       0       1       0                               0D   2016
     110    1855       0       0       0       0       0       000010000D   2017
     110       0       0       2       0                               0D   2018
     508    1857       0       0       0       0       0       000010000D   2019
     508       0       0       1       1                               0D   2020
     510    1858       0       0       0       0       0       000010000D   2021
     510       0   -2717       1       1                               0D   2022
     116    1859       0       0       0       0       0       000010000D   2023
     116       0       0       1       0                               0D   2024
     123    1860       0       0       0       0       0       000010200D   2025
     123       0       0       1       0                               0D   2026
     192    1861       0       0       0       0       0       000010000D   2027
     192       0       0       1       1                               0D   2028
     123    1862       0       0       0       0       0       000010200D   2029
     123       0       0       1       0                               0D   2030
     110    1863       0       0       0       0       0       000010000D   2031
     110       0       0       2       0                               0D   2032
     100    1865       0       0       0       0    1419       000010000D   2033
     100       0       0       2       0                               0D   2034
     508    1867       0       0       0       0       0       000010000D   2035
     508       0       0       1       1                               0D   2036
     510    1868       0       0       0       0       0       000010000D   2037
     510       0   -2717       1       1                               0D   2038
     116    1869       0       0       0       0       0       000010000D   2039
     116       0       0       1       0                               0D   2040
     123    1870       0       0       0       0       0       000010200D   2041
     123       0       0       1       0                               0D   2042
     190    1871       0       0       0       0       0       000010000D   2043
     190       0       0       1       1                               0D   2044
     123    1872       0       0       0       0       0       000010200D   2045
     123       0       0       1       0                               0D   2046
     110    1873       0       0       0       0       0       000010000D   2047
     110       0       0       2       0                               0D   2048
     508    1875       0       0       0       0       0       000010000D   2049
     508       0       0       1       1                               0D   2050
     510    1876       0       0       0       0       0       000010000D   2051
     510       0   -2717       1       1                               0D   2052
     116    1877       0       0       0       0       0       000010000D   2053
     116       0       0       1       0                               0D   2054
     123    1878       0       0       0       0       0       000010200D   2055
     123       0       0       1       0                               0D   2056
     192    1879       0       0       0       0       0       000010000D   2057
     192       0       0       1       1                               0D   2058
     123    1880       0       0       0       0       0       000010200D   2059
     123       0       0       1       0                               0D   2060
     110    1881       0       0       0       0       0       000010000D   2061
     110       0       0       2       0                               0D   2062
     100    1883       0       0       0       0    1419       000010000D   2063
     100       0       0       2       0                               0D   2064
     508    1885       0       0       0       0       0       000010000D   2065
     508       0       0       1       1                               0D   2066
     510    1886       0       0       0       0       0       000010000D   2067
     510       0   -2717       1       1                               0D   2068
     116    1887       0       0       0       0       0       000010000D   2069
     116       0       0       1       0                               0D   2070
     123    1888       0       0       0       0       0       000010200D   2071
     123       0       0       1       0                               0D   2072
     190    1889       0       0       0       0       0       000010000D   2073
     190       0       0       1       1                               0D   2074
     123    1890       0       0       0       0       0       000010200D   2075
     123       0       0       1       0                               0D   2076
     110    1891       0       0       0       0       0       000010000D   2077
     110       0       0       2       0                               0D   2078
     508    1893       0       0       0       0       0       000010000D   2079
     508       0       0       1       1                               0D   2080
     510    1894       0       0       0       0       0       000010000D   2081
     510       0   -2717       1       1                               0D   2082
     116    1895       0       0       0       0       0       000010000D   2083
     116       0       0       1       0                               0D   2084
     123    1896       0       0       0       0       0       000010200D   2085
     123       0       0       1       0                               0D   2086
     192    1897       0       0       0       0       0       000010000D   2087
     192       0       0       1       1                               0D   2088
     123    1898       0       0       0       0       0       000010200D   2089
     123       0       0       1       0                               0D   2090
     110    1899       0       0       0       0       0       000010000D   2091
     110       0       0       2       0                               0D   2092
     100    1901       0       0       0       0    1419       000010000D   2093
     100       0       0       2       0                               0D   2094
     508    1903       0       0       0       0       0       000010000D   2095
     508       0       0       1       1                               0D   2096
     510    1904       0       0       0       0       0       000010000D   2097
     510       0   -2717       1       1                               0D   2098
     116    1905       0       0       0       0       0       000010000D   2099
     116       0       0       1       0                               0D   2100
     123    1906       0       0       0       0       0       000010200D   2101
     123       0       0       1       0                               0D   2102
     190    1907       0       0       0       0       0       000010000D   2103
     190       0       0       1       1                               0D   2104
     123    1908       0       0       0       0       0       000010200D   2105
     123       0       0       1       0                               0D   2106
     110    1909       0       0       0       0       0       000010000D   2107
     110       0       0       2       0                               0D   2108
     508    1911       0       0       0       0       0       000010000D   2109
     508       0       0       1       1                               0D   2110
     510    1912       0       0       0       0       0       000010000D   2111
     510       0   -2717       1       1                               0D   2112
     116    1913       0       0       0       0       0       000010000D   2113
     116       0       0       1       0                               0D   2114
     123    1914       0       0       0       0       0       000010200D   2115
     123       0       0       1       0                               0D   2116
     192    1915       0       0       0       0       0       000010000D   2117
     192       0       0       1       1                               0D   2118
     123    1916       0       0       0       0       0       000010200D   2119
     123       0       0       1       0                               0D   2120
     110    1917       0       0       0       0       0       000010000D   2121
     110       0       0       2       0                               0D   2122
     100    1919       0       0       0       0    1419       000010000D   2123
     100       0       0       2       0                               0D   2124
     508    1921       0       0       0       0       0       000010000D   2125
     508       0       0       1       1                               0D   2126
     510    1922       0       0       0       0       0       000010000D   2127
     510       0   -2717       1       1                               0D   2128
     116    1923       0       0       0       0       0       000010000D   2129
     116       0       0       1       0                               0D   2130
     123    1924       0       0       0       0       0       000010200D   2131
     123       0       0       1       0                               0D   2132
     190    1925       0       0       0       0       0       000010000D   2133
     190       0       0       1       1                               0D   2134
     123    1926       0       0       0       0       0       000010200D   2135
     123       0       0       1       0                               0D   2136
     110    1927       0       0       0       0       0       000010000D   2137
     110       0       0       2       0                               0D   2138
     508    1929       0       0       0       0       0       000010000D   2139
     508       0       0       1       1                               0D   2140
     510    1930       0       0       0       0       0       000010000D   2141
     510       0   -2717       1       1                               0D   2142
     116    1931       0       0       0       0       0       000010000D   2143
     116       0       0       1       0                               0D   2144
     123    1932       0       0       0       0       0       000010200D   2145
     123       0       0       1       0                               0D   2146
     192    1933       0       0       0       0       0       000010000D   2147
     192       0       0       1       1                               0D   2148
     123    1934       0       0       0       0       0       000010200D   2149
     123       0       0       1       0                               0D   2150
     110    1935       0       0       0       0       0       000010000D   2151
     110       0       0       2       0                               0D   2152
     100    1937       0       0       0       0    1419       000010000D   2153
     100       0       0       2       0                               0D   2154
     508    1939       0       0       0       0       0       000010000D   2155
     508       0       0       1       1                               0D   2156
     510    1940       0       0       0       0       0       000010000D   2157
     510       0   -2717       1       1                               0D   2158
     116    1941       0       0       0       0       0       000010000D   2159
     116       0       0       1       0                               0D   2160
     123    1942       0       0       0       0       0       000010200D   2161
     123       0       0       1       0                               0D   2162
     190    1943       0       0       0       0       0       000010000D   2163
     190       0       0       1       1                               0D   2164
     123    1944       0       0       0       0       0       000010200D   2165
     123       0       0       1       0                               0D   2166
     110    1945       0       0       0       0       0       000010000D   2167
     110       0       0       2       0                               0D   2168
     508    1947       0       0       0       0       0       000010000D   2169
     508       0       0       1       1                               0D   2170
     510    1948       0       0       0       0       0       000010000D   2171
     510       0   -2717       1       1                               0D   2172
     116    1949       0       0       0       0       0       000010000D   2173
     116       0       0       1       0                               0D   2174
     123    1950       0       0       0       0       0       000010200D   2175
     123       0       0       1       0                               0D   2176
     192    1951       0       0       0       0       0       000010000D   2177
     192       0       0       1       1                               0D   2178
     123    1952       0       0       0       0       0       000010200D   2179
     123       0       0       1       0                               0D   2180
     110    1953       0       0       0       0       0       000010000D   2181
     110       0       0       2       0                               0D   2182
     100    1955       0       0       0       0    1419       000010000D   2183
     100       0       0       2       0                               0D   2184
     508    1957       0       0       0       0       0       000010000D   2185
     508       0       0       1       1                               0D   2186
     510    1958       0       0       0       0       0       000010000D   2187
     510       0   -2717       1       1                               0D   2188
     116    1959       0       0       0       0       0       000010000D   2189
     116       0       0       1       0                               0D   2190
     123    1960       0       0       0       0       0       000010200D   2191
     123       0       0       1       0                               0D   2192
     190    1961       0       0       0       0       0       000010000D   2193
     190       0       0       1       1                               0D   2194
     123    1962       0       0       0       0       0       000010200D   2195
     123       0       0       1       0                               0D   2196
     110    1963       0       0       0       0       0       000010000D   2197
     110       0       0       2       0                               0D   2198
     508    1965       0       0       0       0       0       000010000D   2199
     508       0       0       1       1                               0D   2200
     510    1966       0       0       0       0       0       000010000D   2201
     510       0   -2717       1       1                               0D   2202
     116    1967       0       0       0       0       0       000010000D   2203
     116       0       0       1       0                               0D   2204
     123    1968       0       0       0       0       0       000010200D   2205
     123       0       0       1       0                               0D   2206
     192    1969       0       0       0       0       0       000010000D   2207
     192       0       0       1       1                               0D   2208
     123    1970       0       0       0       0       0       000010200D   2209
     123       0       0       1       0                               0D   2210
     110    1971       0       0       0       0       0       000010000D   2211
     110       0       0       2       0                               0D   2212
     100    1973       0       0       0       0    1419       000010000D   2213
     100       0       0       2       0                               0D   2214
     508    1975       0       0       0       0       0       000010000D   2215
     508       0       0       1       1                               0D   2216
     510    1976       0       0       0       0       0       000010000D   2217
     510       0   -2717       1       1                               0D   2218
     116    1977       0       0       0       0       0       000010000D   2219
     116       0       0       1       0                               0D   2220
     123    1978       0       0       0       0       0       000010200D   2221
     123       0       0       1       0                               0D   2222
     190    1979       0       0       0       0       0       000010000D   2223
     190       0       0       1       1                               0D   2224
     123    1980       0       0       0       0       0       000010200D   2225
     123       0       0       1       0                               0D   2226
     110    1981       0       0       0       0       0       000010000D   2227
     110       0       0       2       0                               0D   2228
     508    1983       0       0       0       0       0       000010000D   2229
     508       0       0       1       1                               0D   2230
     510    1984       0       0       0       0       0       000010000D   2231
     510       0   -2717       1       1                               0D   2232
     116    1985       0       0       0       0       0       000010000D   2233
     116       0       0       1       0                               0D   2234
     123    1986       0       0       0       0       0       000010200D   2235
     123       0       0       1       0                               0D   2236
     192    1987       0       0       0       0       0       000010000D   2237
     192       0       0       1       1                               0D   2238
     123    1988       0       0       0       0       0       000010200D   2239
     123       0       0       1       0                               0D   2240
     110    1989       0       0       0       0       0       000010000D   2241
     110       0       0       2       0                               0D   2242
     100    1991       0       0       0       0    2245       000010000D   2243
     100       0       0       2       0                               0D   2244
     124    1993       0       0       0       0       0       000000000D   2245
     124       0       0       3       0                               0D   2246
     110    1996       0       0       0       0       0       000010000D   2247
     110       0       0       2       0                               0D   2248
     508    1998       0       0       0       0       0       000010000D   2249
     508       0       0       1       1                               0D   2250
     510    1999       0       0       0       0       0       000010000D   2251
     510       0   -2717       1       1                               0D   2252
     116    2000       0       0       0       0       0       000010000D   2253
     116       0       0       1       0                               0D   2254
     123    2001       0       0       0       0       0       000010200D   2255
     123       0       0       1       0                               0D   2256
     190    2002       0       0       0       0       0       000010000D   2257
     190       0       0       1       1                               0D   2258
     123    2003       0       0       0       0       0       000010200D   2259
     123       0       0       1       0                               0D   2260
     100    2004       0       0       0       0    1419       000010000D   2261
     100       0       0       2       0                               0D   2262
     110    2006       0       0       0       0       0       000010000D   2263
     110       0       0       2       0                               0D   2264
     110    2008       0       0       0       0       0       000010000D   2265
     110       0       0       2       0                               0D   2266
     100    2010       0       0       0       0    1419       000010000D   2267
     100       0       0       2       0                               0D   2268
     110    2012       0       0       0       0       0       000010000D   2269
     110       0       0       2       0                               0D   2270
     100    2014       0       0       0       0    2273       000010000D   2271
     100       0       0       2       0                               0D   2272
     124    2016       0       0       0       0       0       000000000D   2273
     124       0       0       3       0                               0D   2274
     110    2019       0       0       0       0       0       000010000D   2275
     110       0       0       2       0                               0D   2276
     508    2021       0       0       0       0       0       000010000D   2277
     508       0       0      26       1                               0D   2278
     510    2047       0       0       0       0       0       000010000D   2279
     510       0   -2717       1       1                               0D   2280
     116    2048       0       0       0       0       0       000010000D   2281
     116       0       0       1       0                               0D   2282
     123    2049       0       0       0       0       0       000010200D   2283
     123       0       0       1       0                               0D   2284
     190    2050       0       0       0       0       0       000010000D   2285
     190       0       0       1       1                               0D   2286
     123    2051       0       0       0       0       0       000010200D   2287
     123       0       0       1       0                               0D   2288
     110    2052       0       0       0       0       0       000010000D   2289
     110       0       0       2       0                               0D   2290
     508    2054       0       0       0       0       0       000010000D   2291
     508       0       0       1       1                               0D   2292
     510    2055       0       0       0       0       0       000010000D   2293
     510       0   -2717       1       1                               0D   2294
     116    2056       0       0       0       0       0       000010000D   2295
     116       0       0       1       0                               0D   2296
     123    2057       0       0       0       0       0       000010200D   2297
     123       0       0       1       0                               0D   2298
     190    2058       0       0       0       0       0       000010000D   2299
     190       0       0       1       1                               0D   2300
     123    2059       0       0       0       0       0       000010200D   2301
     123       0       0       1       0                               0D   2302
     110    2060       0       0       0       0       0       000010000D   2303
     110       0       0       2       0                               0D   2304
     508    2062       0       0       0       0       0       000010000D   2305
     508       0       0       1       1                               0D   2306
     510    2063       0       0       0       0       0       000010000D   2307
     510       0   -2717       1       1                               0D   2308
     116    2064       0       0       0       0       0       000010000D   2309
     116       0       0       1       0                               0D   2310
     123    2065       0       0       0       0       0       000010200D   2311
     123       0       0       1       0                               0D   2312
     192    2066       0       0       0       0       0       000010000D   2313
     192       0       0       1       1                               0D   2314
     123    2067       0       0       0       0       0       000010200D   2315
     123       0       0       1       0                               0D   2316
     508    2068       0       0       0       0       0       000010000D   2317
     508       0       0       1       1                               0D   2318
     510    2069       0       0       0       0       0       000010000D   2319
     510       0   -2717       1       1                               0D   2320
     116    2070       0       0       0       0       0       000010000D   2321
     116       0       0       1       0                               0D   2322
     123    2071       0       0       0       0       0       000010200D   2323
     123       0       0       1       0                               0D   2324
     192    2072       0       0       0       0       0       000010000D   2325
     192       0       0       1       1                               0D   2326
     123    2073       0       0       0       0       0       000010200D   2327
     123       0       0       1       0                               0D   2328
     110    2074       0       0       0       0       0       000010000D   2329
     110       0       0       2       0                               0D   2330
     508    2076       0       0       0       0       0       000010000D   2331
     508       0       0       1       1                               0D   2332
     510    2077       0       0       0       0       0       000010000D   2333
     510       0   -2717       1       1                               0D   2334
     116    2078       0       0       0       0       0       000010000D   2335
     116       0       0       1       0                               0D   2336
     123    2079       0       0       0       0       0       000010200D   2337
     123       0       0       1       0                               0D   2338
     190    2080       0       0       0       0       0       000010000D   2339
     190       0       0       1       1                               0D   2340
     123    2081       0       0       0       0       0       000010200D   2341
     123       0       0       1       0                               0D   2342
     110    2082       0       0       0       0       0       000010000D   2343
     110       0       0       2       0                               0D   2344
     508    2084       0       0       0       0       0       000010000D   2345
     508       0       0       1       1                               0D   2346
     510    2085       0       0       0       0       0       000010000D   2347
     510       0   -2717       1       1                               0D   2348
     116    2086       0       0       0       0       0       000010000D   2349
     116       0       0       1       0                               0D   2350
     123    2087       0       0       0       0       0       000010200D   2351
     123       0       0       1       0                               0D   2352
     190    2088       0       0       0       0       0       000010000D   2353
     190       0       0       1       1                               0D   2354
     123    2089       0       0       0       0       0       000010200D   2355
     123       0       0       1       0                               0D   2356
     110    2090       0       0       0       0       0       000010000D   2357
     110       0       0       2       0                               0D   2358
     508    2092       0       0       0       0       0       000010000D   2359
     508       0       0       1       1                               0D   2360
     510    2093       0       0       0       0       0       000010000D   2361
     510       0   -2717       1       1                               0D   2362
     116    2094       0       0       0       0       0       000010000D   2363
     116       0       0       1       0                               0D   2364
     123    2095       0       0       0       0       0       000010200D   2365
     123       0       0       1       0                               0D   2366
     192    2096       0       0       0       0       0       000010000D   2367
     192       0       0       1       1                               0D   2368
     123    2097       0       0       0       0       0       000010200D   2369
     123       0       0       2       0                               0D   2370
     100    2099       0       0       0       0    2375       000010000D   2371
     100       0       0       2       0                               0D   2372
     124    2101       0       0       0       0       0       000000000D   2373
     124       0       0       3       0                               0D   2374
     124    2104       0       0       0       0       0       000000000D   2375
     124       0       0       4       0                               0D   2376
     110    2108       0       0       0       0       0       000010000D   2377
     110       0       0       2       0                               0D   2378
     100    2110       0       0       0       0    2383       000010000D   2379
     100       0       0       2       0                               0D   2380
     124    2112       0       0       0       0       0       000000000D   2381
     124       0       0       4       0                               0D   2382
     124    2116       0       0       0       0       0       000000000D   2383
     124       0       0       3       0                               0D   2384
     110    2119       0       0       0       0       0       000010000D   2385
     110       0       0       2       0                               0D   2386
     508    2121       0       0       0       0       0       000010000D   2387
     508       0       0       1       1                               0D   2388
     510    2122       0       0       0       0       0       000010000D   2389
     510       0   -2717       1       1                               0D   2390
     116    2123       0       0       0       0       0       000010000D   2391
     116       0       0       1       0                               0D   2392
     123    2124       0       0       0       0       0       000010200D   2393
     123       0       0       1       0                               0D   2394
     190    2125       0       0       0       0       0       000010000D   2395
     190       0       0       1       1                               0D   2396
     123    2126       0       0       0       0       0       000010200D   2397
     123       0       0       1       0                               0D   2398
     110    2127       0       0       0       0       0       000010000D   2399
     110       0       0       2       0                               0D   2400
     110    2129       0       0       0       0       0       000010000D   2401
     110       0       0       2       0                               0D   2402
     110    2131       0       0       0       0       0       000010000D   2403
     110       0       0       2       0                               0D   2404
     508    2133       0       0       0       0       0       000010000D   2405
     508       0       0       1       1                               0D   2406
     510    2134       0       0       0       0       0       000010000D   2407
     510       0   -2717       1       1                               0D   2408
     116    2135       0       0       0       0       0       000010000D   2409
     116       0       0       1       0                               0D   2410
     123    2136       0       0       0       0       0       000010200D   2411
     123       0       0       1       0                               0D   2412
     192    2137       0       0       0       0       0       000010000D   2413
     192       0       0       1       1                               0D   2414
     123    2138       0       0       0       0       0       000010200D   2415
     123       0       0       1       0                               0D   2416
     100    2139       0       0       0       0    2421       000010000D   2417
     100       0       0       2       0                               0D   2418
     124    2141       0       0       0       0       0       000000000D   2419
     124       0       0       3       0                               0D   2420
     124    2144       0       0       0       0       0       000000000D   2421
     124       0       0       4       0                               0D   2422
     100    2148       0       0       0       0    2427       000010000D   2423
     100       0       0       2       0                               0D   2424
     124    2150       0       0       0       0       0       000000000D   2425
     124       0       0       3       0                               0D   2426
     124    2153       0       0       0       0       0       000000000D   2427
     124       0       0       4       0                               0D   2428
     110    2157       0       0       0       0       0       000010000D   2429
     110       0       0       2       0                               0D   2430
     508    2159       0       0       0       0       0       000010000D   2431
     508       0       0       1       1                               0D   2432
     510    2160       0       0       0       0       0       000010000D   2433
     510       0   -2717       1       1                               0D   2434
     116    2161       0       0       0       0       0       000010000D   2435
     116       0       0       1       0                               0D   2436
     123    2162       0       0       0       0       0       000010200D   2437
     123       0       0       1       0                               0D   2438
     190    2163       0       0       0       0       0       000010000D   2439
     190       0       0       1       1                               0D   2440
     123    2164       0       0       0       0       0       000010200D   2441
     123       0       0       1       0                               0D   2442
     110    2165       0       0       0       0       0       000010000D   2443
     110       0       0       2       0                               0D   2444
     110    2167       0       0       0       0       0       000010000D   2445
     110       0       0       2       0                               0D   2446
     100    2169       0       0       0       0    2449       000010000D   2447
     100       0       0       2       0                               0D   2448
     124    2171       0       0       0       0       0       000000000D   2449
     124       0       0       2       0                               0D   2450
     508    2173       0       0       0       0       0       000010000D   2451
     508       0       0       2       1                               0D   2452
     100    2175       0       0       0       0    2455       000010000D   2453
     100       0       0       2       0                               0D   2454
     124    2177       0       0       0       0       0       000000000D   2455
     124       0       0       2       0                               0D   2456
     508    2179       0       0       0       0       0       000010000D   2457
     508       0       0       1       1                               0D   2458
     510    2180       0       0       0       0       0       000010000D   2459
     510       0   -2717       1       1                               0D   2460
     116    2181       0       0       0       0       0       000010000D   2461
     116       0       0       1       0                               0D   2462
     123    2182       0       0       0       0       0       000010200D   2463
     123       0       0       1       0                               0D   2464
     190    2183       0       0       0       0       0       000010000D   2465
     190       0       0       1       1                               0D   2466
     123    2184       0       0       0       0       0       000010200D   2467
     123       0       0       1       0                               0D   2468
     110    2185       0       0       0       0       0       000010000D   2469
     110       0       0       2       0                               0D   2470
     100    2187       0       0       0       0    2473       000010000D   2471
     100       0       0       2       0                               0D   2472
     124    2189       0       0       0       0       0       000000000D   2473
     124       0       0       2       0                               0D   2474
     110    2191       0       0       0       0       0       000010000D   2475
     110       0       0       2       0                               0D   2476
     508    2193       0       0       0       0       0       000010000D   2477
     508       0       0       2       1                               0D   2478
     100    2195       0       0       0       0    2481       000010000D   2479
     100       0       0       2       0                               0D   2480
     124    2197       0       0       0       0       0       000000000D   2481
     124       0       0       2       0                               0D   2482
     508    2199       0       0       0       0       0       000010000D   2483
     508       0       0       1       1                               0D   2484
     510    2200       0       0       0       0       0       000010000D   2485
     510       0   -2717       1       1                               0D   2486
     116    2201       0       0       0       0       0       000010000D   2487
     116       0       0       1       0                               0D   2488
     123    2202       0       0       0       0       0       000010200D   2489
     123       0       0       1       0                               0D   2490
     190    2203       0       0       0       0       0       000010000D   2491
     190       0       0       1       1                               0D   2492
     123    2204       0       0       0       0       0       000010200D   2493
     123       0       0       1       0                               0D   2494
     110    2205       0       0       0       0       0       000010000D   2495
     110       0       0       2       0                               0D   2496
     110    2207       0       0       0       0       0       000010000D   2497
     110       0       0       2       0                               0D   2498
     110    2209       0       0       0       0       0       000010000D   2499
     110       0       0       2       0                               0D   2500
     110    2211       0       0       0       0       0       000010000D   2501
     110       0       0       2       0                               0D   2502
     110    2213       0       0       0       0       0       000010000D   2503
     110       0       0       2       0                               0D   2504
     110    2215       0       0       0       0       0       000010000D   2505
     110       0       0       2       0                               0D   2506
     508    2217       0       0       0       0       0       000010000D   2507
     508       0       0       2       1                               0D   2508
     510    2219       0       0       0       0       0       000010000D   2509
     510       0   -2717       1       1                               0D   2510
     116    2220       0       0       0       0       0       000010000D   2511
     116       0       0       1       0                               0D   2512
     123    2221       0       0       0       0       0       000010200D   2513
     123       0       0       1       0                               0D   2514
     192    2222       0       0       0       0       0       000010000D   2515
     192       0       0       1       1                               0D   2516
     123    2223       0       0       0       0       0       000010200D   2517
     123       0       0       1       0                               0D   2518
     110    2224       0       0       0       0       0       000010000D   2519
     110       0       0       2       0                               0D   2520
     100    2226       0       0       0       0    2523       000010000D   2521
     100       0       0       2       0                               0D   2522
     124    2228       0       0       0       0       0       000000000D   2523
     124       0       0       2       0                               0D   2524
     508    2230       0       0       0       0       0       000010000D   2525
     508       0       0       1       1                               0D   2526
     510    2231       0       0       0       0       0       000010000D   2527
     510       0   -2717       1       1                               0D   2528
     120    2232       0       0       0       0       0       000010000D   2529
     120       0       0       1       0                               0D   2530
     110    2233       0       0       0       0       0       000010000D   2531
     110       0       0       2       0                               0D   2532
     110    2235       0       0       0       0       0       001010000D   2533
     110       0       0       2       0                               0D   2534
     100    2237       0       0       0       0    2537       000010000D   2535
     100       0       0       2       0                               0D   2536
     124    2239       0       0       0       0       0       000000000D   2537
     124       0       0       2       0                               0D   2538
     508    2241       0       0       0       0       0       000010000D   2539
     508       0       0       1       1                               0D   2540
     508    2242       0       0       0       0       0       000010000D   2541
     508       0       0       1       1                               0D   2542
     510    2243       0       0       0       0       0       000010000D   2543
     510       0   -2717       1       1                               0D   2544
     120    2244       0       0       0       0       0       000010000D   2545
     120       0       0       1       0                               0D   2546
     110    2245       0       0       0       0       0       000010000D   2547
     110       0       0       2       0                               0D   2548
     110    2247       0       0       0       0       0       001010000D   2549
     110       0       0       2       0                               0D   2550
     508    2249       0       0       0       0       0       000010000D   2551
     508       0       0       1       1                               0D   2552
     100    2250       0       0       0       0    2555       000010000D   2553
     100       0       0       2       0                               0D   2554
     124    2252       0       0       0       0       0       000000000D   2555
     124       0       0       2       0                               0D   2556
     508    2254       0       0       0       0       0       000010000D   2557
     508       0       0       1       1                               0D   2558
     510    2255       0       0       0       0       0       000010000D   2559
     510       0   -2717       1       1                               0D   2560
     116    2256       0       0       0       0       0       000010000D   2561
     116       0       0       1       0                               0D   2562
     123    2257       0       0       0       0       0       000010200D   2563
     123       0       0       1       0                               0D   2564
     190    2258       0       0       0       0       0       000010000D   2565
     190       0       0       1       1                               0D   2566
     123    2259       0       0       0       0       0       000010200D   2567
     123       0       0       1       0                               0D   2568
     110    2260       0       0       0       0       0       000010000D   2569
     110       0       0       2       0                               0D   2570
     126    2262       0       0       0       0       0       000010000D   2571
     126       0       0      10       0                               0D   2572
     100    2272       0       0       0       0    2575       000010000D   2573
     100       0       0       2       0                               0D   2574
     124    2274       0       0       0       0       0       000000000D   2575
     124       0       0       3       0                               0D   2576
     126    2277       0       0       0       0       0       000010000D   2577
     126       0       0       8       0                               0D   2578
     100    2285       0       0       0       0    2581       000010000D   2579
     100       0       0       2       0                               0D   2580
     124    2287       0       0       0       0       0       000000000D   2581
     124       0       0       3       0                               0D   2582
     126    2290       0       0       0       0       0       000010000D   2583
     126       0       0       8       0                               0D   2584
     508    2298       0       0       0       0       0       000010000D   2585
     508       0       0       2       1                               0D   2586
     508    2300       0       0       0       0       0       000010000D   2587
     508       0       0       1       1                               0D   2588
     510    2301       0       0       0       0       0       000010000D   2589
     510       0   -2717       1       1                               0D   2590
     128    2302       0       0       0       0       0       000010000D   2591
     128       0       0      17       0                               0D   2592
     126    2319       0       0       0       0       0       000010000D   2593
     126       0       0      10       0                               0D   2594
     110    2329       0       0       0       0       0       000010000D   2595
     110       0       0       2       0                               0D   2596
     110    2331       0       0       0       0       0       000010000D   2597
     110       0       0       2       0                               0D   2598
     110    2333       0       0       0       0       0       000010000D   2599
     110       0       0       2       0                               0D   2600
     110    2335       0       0       0       0       0       000010000D   2601
     110       0       0       2       0                               0D   2602
     508    2337       0       0       0       0       0       000010000D   2603
     508       0       0       2       1                               0D   2604
     510    2339       0       0       0       0       0       000010000D   2605
     510       0   -2717       1       1                               0D   2606
     116    2340       0       0       0       0       0       000010000D   2607
     116       0       0       1       0                               0D   2608
     123    2341       0       0       0       0       0       000010200D   2609
     123       0       0       1       0                               0D   2610
     192    2342       0       0       0       0       0       000010000D   2611
     192       0       0       1       1                               0D   2612
     123    2343       0       0       0       0       0       000010200D   2613
     123       0       0       1       0                               0D   2614
     100    2344       0       0       0       0    2617       000010000D   2615
     100       0       0       2       0                               0D   2616
     124    2346       0       0       0       0       0       000000000D   2617
     124       0       0       3       0                               0D   2618
     110    2349       0       0       0       0       0       000010000D   2619
     110       0       0       2       0                               0D   2620
     110    2351       0       0       0       0       0       000010000D   2621
     110       0       0       2       0                               0D   2622
     508    2353       0       0       0       0       0       000010000D   2623
     508       0       0       2       1                               0D   2624
     508    2355       0       0       0       0       0       000010000D   2625
     508       0       0       1       1                               0D   2626
     510    2356       0       0       0       0       0       000010000D   2627
     510       0   -2717       1       1                               0D   2628
     128    2357       0       0       0       0       0       000010000D   2629
     128       0       0      14       0                               0D   2630
     126    2371       0       0       0       0       0       000010000D   2631
     126       0       0       8       0                               0D   2632
     110    2379       0       0       0       0       0       000010000D   2633
     110       0       0       2       0                               0D   2634
     110    2381       0       0       0       0       0       000010000D   2635
     110       0       0       2       0                               0D   2636
     508    2383       0       0       0       0       0       000010000D   2637
     508       0       0       2       1                               0D   2638
     510    2385       0       0       0       0       0       000010000D   2639
     510       0   -2717       1       1                               0D   2640
     120    2386       0       0       0       0       0       000010000D   2641
     120       0       0       1       0                               0D   2642
     110    2387       0       0       0       0       0       000010000D   2643
     110       0       0       2       0                               0D   2644
     110    2389       0       0       0       0       0       001010000D   2645
     110       0       0       2       0                               0D   2646
     100    2391       0       0       0       0    2649       000010000D   2647
     100       0       0       2       0                               0D   2648
     124    2393       0       0       0       0       0       000000000D   2649
     124       0       0       3       0                               0D   2650
     110    2396       0       0       0       0       0       000010000D   2651
     110       0       0       2       0                               0D   2652
     110    2398       0       0       0       0       0       000010000D   2653
     110       0       0       2       0                               0D   2654
     508    2400       0       0       0       0       0       000010000D   2655
     508       0       0       2       1                               0D   2656
     510    2402       0       0       0       0       0       000010000D   2657
     510       0   -2717       1       1                               0D   2658
     128    2403       0       0       0       0       0       000010000D   2659
     128       0       0      13       0                               0D   2660
     126    2416       0       0       0       0       0       000010000D   2661
     126       0       0       8       0                               0D   2662
     508    2424       0       0       0       0       0       000010000D   2663
     508       0       0       2       1                               0D   2664
     510    2426       0       0       0       0       0       000010000D   2665
     510       0   -2717       1       1                               0D   2666
     116    2427       0       0       0       0       0       000010000D   2667
     116       0       0       1       0                               0D   2668
     123    2428       0       0       0       0       0       000010200D   2669
     123       0       0       1       0                               0D   2670
     192    2429       0       0       0       0       0       000010000D   2671
     192       0       0       1       1                               0D   2672
     123    2430       0       0       0       0       0       000010200D   2673
     123       0       0       1       0                               0D   2674
     100    2431       0       0       0       0    2677       000010000D   2675
     100       0       0       1       0                               0D   2676
     124    2432       0       0       0       0       0       000000000D   2677
     124       0       0       2       0                               0D   2678
     110    2434       0       0       0       0       0       000010000D   2679
     110       0       0       2       0                               0D   2680
     508    2436       0       0       0       0       0       000010000D   2681
     508       0       0       1       1                               0D   2682
     510    2437       0       0       0       0       0       000010000D   2683
     510       0   -2717       1       1                               0D   2684
     116    2438       0       0       0       0       0       000010000D   2685
     116       0       0       1       0                               0D   2686
     123    2439       0       0       0       0       0       000010200D   2687
     123       0       0       1       0                               0D   2688
     190    2440       0       0       0       0       0       000010000D   2689
     190       0       0       1       1                               0D   2690
     123    2441       0       0       0       0       0       000010200D   2691
     123       0       0       1       0                               0D   2692
     110    2442       0       0       0       0       0       000010000D   2693
     110       0       0       2       0                               0D   2694
     508    2444       0       0       0       0       0       000010000D   2695
     508       0       0       2       1                               0D   2696
     510    2446       0       0       0       0       0       000010000D   2697
     510       0   -2717       1       1                               0D   2698
     116    2447       0       0       0       0       0       000010000D   2699
     116       0       0       1       0                               0D   2700
     123    2448       0       0       0       0       0       000010200D   2701
     123       0       0       1       0                               0D   2702
     190    2449       0       0       0       0       0       000010000D   2703
     190       0       0       1       1                               0D   2704
     123    2450       0       0       0       0       0       000010200D   2705
     123       0       0       1       0                               0D   2706
     508    2451       0       0       0       0       0       000010000D   2707
     508       0       0       2       1                               0D   2708
     508    2453       0       0       0       0       0       000010000D   2709
     508       0       0       1       1                               0D   2710
     510    2454       0       0       0       0       0       000010000D   2711
     510       0   -2717       1       1                               0D   2712
     514    2455       0       0       0       0       0       000010000D   2713
     514       0       0      16       1                               0D   2714
     186    2471       0       0       1       0       0       000010000D   2715
     186       0       0       1       0                  Solid1       0D   2716
     314    2472       0       0       0       0       0       000000000D   2717
     314       0       8       1       0                               0D   2718
     406    2473       0       0       2       0       0       000000000D   2719
     406       0       0       1       3                               0D   2720
     110    2474       0       0       2       0       0       000010000D   2721
     110       0       0       2       0                               0D   2722
     110    2476       0       0       2       0       0       000010000D   2723
     110       0       0       2       0                               0D   2724
     110    2478       0       0       2       0       0       000010000D   2725
     110       0       0       2       0                               0D   2726
     110    2480       0       0       2       0       0       000010000D   2727
     110       0       0       2       0                               0D   2728
     100    2482       0       0       2       0    2731       000010000D   2729
     100       0       0       2       0                               0D   2730
     124    2484       0       0       0       0       0       000000000D   2731
     124       0       0       2       0                               0D   2732
     100    2486       0       0       2       0    2731       000010000D   2733
     100       0   -2735       2       0                               0D   2734
     314    2488       0       0       0       0       0       000000000D   2735
     314       0       2       1       0                               0D   2736
     408    2489       0       0       0       0       0       000000001D   2737
     408       0       0       1       0                               0D   2738
     308    2490       0       0       0       0       0       000010001D   2739
     308       0       0       1       0                               0D   2740
     406    2491       0       0       1       0       0       000000000D   2741
     406       0       0       1       3                               0D   2742
     116    2492       0       0       0       0       0       000010000D   2743
     116       0       0       1       0                               0D   2744
     123    2493       0       0       0       0       0       000010200D   2745
     123       0       0       1       0                               0D   2746
     190    2494       0       0       0       0       0       000010000D   2747
     190       0       0       1       1                               0D   2748
     123    2495       0       0       0       0       0       000010200D   2749
     123       0       0       1       0                               0D   2750
     504    2496       0       0       0       0       0       000010001D   2751
     504       0       0      28       1                               0D   2752
     502    2524       0       0       0       0       0       000010000D   2753
     502       0       0      51       1                               0D   2754
     110    2575       0       0       0       0       0       000010000D   2755
     110       0       0       2       0                               0D   2756
     126    2577       0       0       0       0       0       000010000D   2757
     126       0       0      10       0                               0D   2758
     110    2587       0       0       0       0       0       000010000D   2759
     110       0       0       2       0                               0D   2760
     126    2589       0       0       0       0       0       000010000D   2761
     126       0       0      15       0                               0D   2762
     126    2604       0       0       0       0       0       000010000D   2763
     126       0       0       8       0                               0D   2764
     126    2612       0       0       0       0       0       000010000D   2765
     126       0       0       8       0                               0D   2766
     110    2620       0       0       0       0       0       000010000D   2767
     110       0       0       2       0                               0D   2768
     100    2622       0       0       0       0    2771       000010000D   2769
     100       0       0       2       0                               0D   2770
     124    2624       0       0       0       0       0       000000000D   2771
     124       0       0       3       0                               0D   2772
     110    2627       0       0       0       0       0       000010000D   2773
     110       0       0       2       0                               0D   2774
     126    2629       0       0       0       0       0       000010000D   2775
     126       0       0      10       0                               0D   2776
     126    2639       0       0       0       0       0       000010000D   2777
     126       0       0      16       0                               0D   2778
     110    2655       0       0       0       0       0       000010000D   2779
     110       0       0       2       0                               0D   2780
     100    2657       0       0       0       0    2783       000010000D   2781
     100       0       0       2       0                               0D   2782
     124    2659       0       0       0       0       0       000000000D   2783
     124       0       0       4       0                               0D   2784
     100    2663       0       0       0       0    2787       000010000D   2785
     100       0       0       2       0                               0D   2786
     124    2665       0       0       0       0       0       000000000D   2787
     124       0       0       3       0                               0D   2788
     110    2668       0       0       0       0       0       000010000D   2789
     110       0       0       2       0                               0D   2790
     100    2670       0       0       0       0    2793       000010000D   2791
     100       0       0       2       0                               0D   2792
     124    2672       0       0       0       0       0       000000000D   2793
     124       0       0       3       0                               0D   2794
     508    2675       0       0       0       0       0       000010000D   2795
     508       0       0       4       1                               0D   2796
     510    2679       0       0       0       0       0       000010000D   2797
     510       0   -2717       1       1                               0D   2798
     120    2680       0       0       0       0       0       000010000D   2799
     120       0       0       1       0                               0D   2800
     110    2681       0       0       0       0       0       000010000D   2801
     110       0       0       2       0                               0D   2802
     110    2683       0       0       0       0       0       001010000D   2803
     110       0       0       2       0                               0D   2804
     110    2685       0       0       0       0       0       000010000D   2805
     110       0       0       2       0                               0D   2806
     100    2687       0       0       0       0    2809       000010000D   2807
     100       0       0       2       0                               0D   2808
     124    2689       0       0       0       0       0       000000000D   2809
     124       0       0       3       0                               0D   2810
     110    2692       0       0       0       0       0       000010000D   2811
     110       0       0       2       0                               0D   2812
     508    2694       0       0       0       0       0       000010000D   2813
     508       0       0       1       1                               0D   2814
     510    2695       0       0       0       0       0       000010000D   2815
     510       0   -2717       1       1                               0D   2816
     116    2696       0       0       0       0       0       000010000D   2817
     116       0       0       1       0                               0D   2818
     123    2697       0       0       0       0       0       000010200D   2819
     123       0       0       1       0                               0D   2820
     190    2698       0       0       0       0       0       000010000D   2821
     190       0       0       1       1                               0D   2822
     123    2699       0       0       0       0       0       000010200D   2823
     123       0       0       1       0                               0D   2824
     110    2700       0       0       0       0       0       000010000D   2825
     110       0       0       2       0                               0D   2826
     110    2702       0       0       0       0       0       000010000D   2827
     110       0       0       2       0                               0D   2828
     110    2704       0       0       0       0       0       000010000D   2829
     110       0       0       2       0                               0D   2830
     110    2706       0       0       0       0       0       000010000D   2831
     110       0       0       2       0                               0D   2832
     508    2708       0       0       0       0       0       000010000D   2833
     508       0       0       2       1                               0D   2834
     510    2710       0       0       0       0       0       000010000D   2835
     510       0   -2717       1       1                               0D   2836
     116    2711       0       0       0       0       0       000010000D   2837
     116       0       0       1       0                               0D   2838
     123    2712       0       0       0       0       0       000010200D   2839
     123       0       0       1       0                               0D   2840
     190    2713       0       0       0       0       0       000010000D   2841
     190       0       0       1       1                               0D   2842
     123    2714       0       0       0       0       0       000010200D   2843
     123       0       0       1       0                               0D   2844
     110    2715       0       0       0       0       0       000010000D   2845
     110       0       0       2       0                               0D   2846
     110    2717       0       0       0       0       0       000010000D   2847
     110       0       0       2       0                               0D   2848
     110    2719       0       0       0       0       0       000010000D   2849
     110       0       0       2       0                               0D   2850
     508    2721       0       0       0       0       0       000010000D   2851
     508       0       0       2       1                               0D   2852
     510    2723       0       0       0       0       0       000010000D   2853
     510       0   -2717       1       1                               0D   2854
     116    2724       0       0       0       0       0       000010000D   2855
     116       0       0       1       0                               0D   2856
     123    2725       0       0       0       0       0       000010200D   2857
     123       0       0       1       0                               0D   2858
     190    2726       0       0       0       0       0       000010000D   2859
     190       0       0       1       1                               0D   2860
     123    2727       0       0       0       0       0       000010200D   2861
     123       0       0       1       0                               0D   2862
     110    2728       0       0       0       0       0       000010000D   2863
     110       0       0       2       0                               0D   2864
     110    2730       0       0       0       0       0       000010000D   2865
     110       0       0       2       0                               0D   2866
     110    2732       0       0       0       0       0       000010000D   2867
     110       0       0       2       0                               0D   2868
     508    2734       0       0       0       0       0       000010000D   2869
     508       0       0       1       1                               0D   2870
     510    2735       0       0       0       0       0       000010000D   2871
     510       0   -2717       1       1                               0D   2872
     128    2736       0       0       0       0       0       000010000D   2873
     128       0       0      32       0                               0D   2874
     126    2768       0       0       0       0       0       000010000D   2875
     126       0       0      14       0                               0D   2876
     126    2782       0       0       0       0       0       000010000D   2877
     126       0       0       8       0                               0D   2878
     126    2790       0       0       0       0       0       000010000D   2879
     126       0       0      14       0                               0D   2880
     126    2804       0       0       0       0       0       000010000D   2881
     126       0       0       8       0                               0D   2882
     508    2812       0       0       0       0       0       000010000D   2883
     508       0       0       1       1                               0D   2884
     510    2813       0       0       0       0       0       000010000D   2885
     510       0   -2717       1       1                               0D   2886
     128    2814       0       0       0       0       0       000010000D   2887
     128       0       0      15       0                               0D   2888
     126    2829       0       0       0       0       0       000010000D   2889
     126       0       0       8       0                               0D   2890
     126    2837       0       0       0       0       0       000010000D   2891
     126       0       0      12       0                               0D   2892
     110    2849       0       0       0       0       0       000010000D   2893
     110       0       0       2       0                               0D   2894
     110    2851       0       0       0       0       0       000010000D   2895
     110       0       0       2       0                               0D   2896
     126    2853       0       0       0       0       0       000010000D   2897
     126       0       0      13       0                               0D   2898
     126    2866       0       0       0       0       0       000010000D   2899
     126       0       0       8       0                               0D   2900
     126    2874       0       0       0       0       0       000010000D   2901
     126       0       0       6       0                               0D   2902
     110    2880       0       0       0       0       0       000010000D   2903
     110       0       0       1       0                               0D   2904
     110    2881       0       0       0       0       0       000010000D   2905
     110       0       0       1       0                               0D   2906
     126    2882       0       0       0       0       0       000010000D   2907
     126       0       0      10       0                               0D   2908
     508    2892       0       0       0       0       0       000010000D   2909
     508       0       0       3       1                               0D   2910
     510    2895       0       0       0       0       0       000010000D   2911
     510       0   -2717       1       1                               0D   2912
     116    2896       0       0       0       0       0       000010000D   2913
     116       0       0       2       0                               0D   2914
     123    2898       0       0       0       0       0       000010200D   2915
     123       0       0       1       0                               0D   2916
     192    2899       0       0       0       0       0       000010000D   2917
     192       0       0       1       1                               0D   2918
     123    2900       0       0       0       0       0       000010200D   2919
     123       0       0       1       0                               0D   2920
     100    2901       0       0       0       0    2925       000010000D   2921
     100       0       0       2       0                               0D   2922
     124    2903       0       0       0       0       0       000000000D   2923
     124       0       0       4       0                               0D   2924
     124    2907       0       0       0       0       0       000000000D   2925
     124       0       0       4       0                               0D   2926
     110    2911       0       0       0       0       0       000010000D   2927
     110       0       0       2       0                               0D   2928
     100    2913       0       0       0       0    2931       000010000D   2929
     100       0       0       2       0                               0D   2930
     124    2915       0       0       0       0       0       000000000D   2931
     124       0       0       4       0                               0D   2932
     110    2919       0       0       0       0       0       000010000D   2933
     110       0       0       2       0                               0D   2934
     508    2921       0       0       0       0       0       000010000D   2935
     508       0       0       1       1                               0D   2936
     510    2922       0       0       0       0       0       000010000D   2937
     510       0   -2717       1       1                               0D   2938
     116    2923       0       0       0       0       0       000010000D   2939
     116       0       0       1       0                               0D   2940
     123    2924       0       0       0       0       0       000010200D   2941
     123       0       0       1       0                               0D   2942
     190    2925       0       0       0       0       0       000010000D   2943
     190       0       0       1       1                               0D   2944
     123    2926       0       0       0       0       0       000010200D   2945
     123       0       0       1       0                               0D   2946
     110    2927       0       0       0       0       0       000010000D   2947
     110       0       0       2       0                               0D   2948
     110    2929       0       0       0       0       0       000010000D   2949
     110       0       0       2       0                               0D   2950
     508    2931       0       0       0       0       0       000010000D   2951
     508       0       0       1       1                               0D   2952
     510    2932       0       0       0       0       0       000010000D   2953
     510       0   -2717       1       1                               0D   2954
     128    2933       0       0       0       0       0       000010000D   2955
     128       0       0       9       0                               0D   2956
     126    2942       0       0       0       0       0       000010000D   2957
     126       0       0       8       0                               0D   2958
     110    2950       0       0       0       0       0       000010000D   2959
     110       0       0       2       0                               0D   2960
     110    2952       0       0       0       0       0       000010000D   2961
     110       0       0       2       0                               0D   2962
     126    2954       0       0       0       0       0       000010000D   2963
     126       0       0       8       0                               0D   2964
     126    2962       0       0       0       0       0       000010000D   2965
     126       0       0      10       0                               0D   2966
     110    2972       0       0       0       0       0       000010000D   2967
     110       0       0       2       0                               0D   2968
     110    2974       0       0       0       0       0       000010000D   2969
     110       0       0       2       0                               0D   2970
     126    2976       0       0       0       0       0       000010000D   2971
     126       0       0      11       0                               0D   2972
     508    2987       0       0       0       0       0       000010000D   2973
     508       0       0       2       1                               0D   2974
     510    2989       0       0       0       0       0       000010000D   2975
     510       0   -2717       1       1                               0D   2976
     128    2990       0       0       0       0       0       000010000D   2977
     128       0       0      30       0                               0D   2978
     126    3020       0       0       0       0       0       000010000D   2979
     126       0       0      15       0                               0D   2980
     126    3035       0       0       0       0       0       000010000D   2981
     126       0       0       6       0                               0D   2982
     508    3041       0       0       0       0       0       000010000D   2983
     508       0       0       1       1                               0D   2984
     510    3042       0       0       0       0       0       000010000D   2985
     510       0   -2717       1       1                               0D   2986
     116    3043       0       0       0       0       0       000010000D   2987
     116       0       0       1       0                               0D   2988
     123    3044       0       0       0       0       0       000010200D   2989
     123       0       0       1       0                               0D   2990
     190    3045       0       0       0       0       0       000010000D   2991
     190       0       0       1       1                               0D   2992
     123    3046       0       0       0       0       0       000010200D   2993
     123       0       0       1       0                               0D   2994
     110    3047       0       0       0       0       0       000010000D   2995
     110       0       0       2       0                               0D   2996
     110    3049       0       0       0       0       0       000010000D   2997
     110       0       0       2       0                               0D   2998
     508    3051       0       0       0       0       0       000010000D   2999
     508       0       0       1       1                               0D   3000
     510    3052       0       0       0       0       0       000010000D   3001
     510       0   -2717       1       1                               0D   3002
     116    3053       0       0       0       0       0       000010000D   3003
     116       0       0       2       0                               0D   3004
     123    3055       0       0       0       0       0       000010200D   3005
     123       0       0       1       0                               0D   3006
     192    3056       0       0       0       0       0       000010000D   3007
     192       0       0       1       1                               0D   3008
     123    3057       0       0       0       0       0       000010200D   3009
     123       0       0       1       0                               0D   3010
     100    3058       0       0       0       0    3013       000010000D   3011
     100       0       0       2       0                               0D   3012
     124    3060       0       0       0       0       0       000000000D   3013
     124       0       0       4       0                               0D   3014
     110    3064       0       0       0       0       0       000010000D   3015
     110       0       0       2       0                               0D   3016
     508    3066       0       0       0       0       0       000010000D   3017
     508       0       0       1       1                               0D   3018
     510    3067       0       0       0       0       0       000010000D   3019
     510       0   -2717       1       1                               0D   3020
     116    3068       0       0       0       0       0       000010000D   3021
     116       0       0       1       0                               0D   3022
     123    3069       0       0       0       0       0       000010200D   3023
     123       0       0       1       0                               0D   3024
     190    3070       0       0       0       0       0       000010000D   3025
     190       0       0       1       1                               0D   3026
     123    3071       0       0       0       0       0       000010200D   3027
     123       0       0       1       0                               0D   3028
     100    3072       0       0       0       0    3031       000010000D   3029
     100       0       0       2       0                               0D   3030
     124    3074       0       0       0       0       0       000000000D   3031
     124       0       0       2       0                               0D   3032
     508    3076       0       0       0       0       0       000010000D   3033
     508       0       0       2       1                               0D   3034
     100    3078       0       0       0       0    3037       000010000D   3035
     100       0       0       2       0                               0D   3036
     124    3080       0       0       0       0       0       000000000D   3037
     124       0       0       2       0                               0D   3038
     508    3082       0       0       0       0       0       000010000D   3039
     508       0       0       1       1                               0D   3040
     510    3083       0       0       0       0       0       000010000D   3041
     510       0   -2717       1       1                               0D   3042
     116    3084       0       0       0       0       0       000010000D   3043
     116       0       0       1       0                               0D   3044
     123    3085       0       0       0       0       0       000010200D   3045
     123       0       0       1       0                               0D   3046
     190    3086       0       0       0       0       0       000010000D   3047
     190       0       0       1       1                               0D   3048
     123    3087       0       0       0       0       0       000010200D   3049
     123       0       0       1       0                               0D   3050
     100    3088       0       0       0       0    3053       000010000D   3051
     100       0       0       2       0                               0D   3052
     124    3090       0       0       0       0       0       000000000D   3053
     124       0       0       2       0                               0D   3054
     508    3092       0       0       0       0       0       000010000D   3055
     508       0       0       2       1                               0D   3056
     100    3094       0       0       0       0    3059       000010000D   3057
     100       0       0       2       0                               0D   3058
     124    3096       0       0       0       0       0       000000000D   3059
     124       0       0       2       0                               0D   3060
     508    3098       0       0       0       0       0       000010000D   3061
     508       0       0       1       1                               0D   3062
     510    3099       0       0       0       0       0       000010000D   3063
     510       0   -2717       1       1                               0D   3064
     116    3100       0       0       0       0       0       000010000D   3065
     116       0       0       1       0                               0D   3066
     123    3101       0       0       0       0       0       000010200D   3067
     123       0       0       1       0                               0D   3068
     192    3102       0       0       0       0       0       000010000D   3069
     192       0       0       1       1                               0D   3070
     123    3103       0       0       0       0       0       000010200D   3071
     123       0       0       1       0                               0D   3072
     508    3104       0       0       0       0       0       000010000D   3073
     508       0       0       2       1                               0D   3074
     510    3106       0       0       0       0       0       000010000D   3075
     510       0   -2717       1       1                               0D   3076
     116    3107       0       0       0       0       0       000010000D   3077
     116       0       0       1       0                               0D   3078
     123    3108       0       0       0       0       0       000010200D   3079
     123       0       0       1       0                               0D   3080
     190    3109       0       0       0       0       0       000010000D   3081
     190       0       0       1       1                               0D   3082
     123    3110       0       0       0       0       0       000010200D   3083
     123       0       0       1       0                               0D   3084
     126    3111       0       0       0       0       0       000010000D   3085
     126       0       0       8       0                               0D   3086
     126    3119       0       0       0       0       0       000010000D   3087
     126       0       0       8       0                               0D   3088
     126    3127       0       0       0       0       0       000010000D   3089
     126       0       0      15       0                               0D   3090
     110    3142       0       0       0       0       0       000010000D   3091
     110       0       0       2       0                               0D   3092
     126    3144       0       0       0       0       0       000010000D   3093
     126       0       0      10       0                               0D   3094
     100    3154       0       0       0       0    3097       000010000D   3095
     100       0       0       2       0                               0D   3096
     124    3156       0       0       0       0       0       000000000D   3097
     124       0       0       3       0                               0D   3098
     100    3159       0       0       0       0    3101       000010000D   3099
     100       0       0       2       0                               0D   3100
     124    3161       0       0       0       0       0       000000000D   3101
     124       0       0       3       0                               0D   3102
     110    3164       0       0       0       0       0       000010000D   3103
     110       0       0       2       0                               0D   3104
     508    3166       0       0       0       0       0       000010000D   3105
     508       0       0       4       1                               0D   3106
     510    3170       0       0       0       0       0       000010000D   3107
     510       0   -2717       1       1                               0D   3108
     120    3171       0       0       0       0       0       000010000D   3109
     120       0       0       1       0                               0D   3110
     110    3172       0       0       0       0       0       000010000D   3111
     110       0       0       2       0                               0D   3112
     110    3174       0       0       0       0       0       001010000D   3113
     110       0       0       2       0                               0D   3114
     508    3176       0       0       0       0       0       000010000D   3115
     508       0       0       1       1                               0D   3116
     508    3177       0       0       0       0       0       000010000D   3117
     508       0       0       1       1                               0D   3118
     510    3178       0       0       0       0       0       000010000D   3119
     510       0   -2717       1       1                               0D   3120
     128    3179       0       0       0       0       0       000010000D   3121
     128       0       0      26       0                               0D   3122
     110    3205       0       0       0       0       0       000010000D   3123
     110       0       0       2       0                               0D   3124
     110    3207       0       0       0       0       0       000010000D   3125
     110       0       0       2       0                               0D   3126
     110    3209       0       0       0       0       0       000010000D   3127
     110       0       0       2       0                               0D   3128
     110    3211       0       0       0       0       0       000010000D   3129
     110       0       0       2       0                               0D   3130
     508    3213       0       0       0       0       0       000010000D   3131
     508       0       0       2       1                               0D   3132
     510    3215       0       0       0       0       0       000010000D   3133
     510       0   -2717       1       1                               0D   3134
     128    3216       0       0       0       0       0       000010000D   3135
     128       0       0      13       0                               0D   3136
     110    3229       0       0       0       0       0       000010000D   3137
     110       0       0       2       0                               0D   3138
     110    3231       0       0       0       0       0       000010000D   3139
     110       0       0       2       0                               0D   3140
     508    3233       0       0       0       0       0       000010000D   3141
     508       0       0       2       1                               0D   3142
     510    3235       0       0       0       0       0       000010000D   3143
     510       0   -2717       1       1                               0D   3144
     128    3236       0       0       0       0       0       000010000D   3145
     128       0       0      14       0                               0D   3146
     508    3250       0       0       0       0       0       000010000D   3147
     508       0       0       2       1                               0D   3148
     510    3252       0       0       0       0       0       000010000D   3149
     510       0   -2717       1       1                               0D   3150
     116    3253       0       0       0       0       0       000010000D   3151
     116       0       0       1       0                               0D   3152
     123    3254       0       0       0       0       0       000010200D   3153
     123       0       0       1       0                               0D   3154
     190    3255       0       0       0       0       0       000010000D   3155
     190       0       0       1       1                               0D   3156
     123    3256       0       0       0       0       0       000010200D   3157
     123       0       0       1       0                               0D   3158
     508    3257       0       0       0       0       0       000010000D   3159
     508       0       0       2       1                               0D   3160
     510    3259       0       0       0       0       0       000010000D   3161
     510       0   -2717       1       1                               0D   3162
     120    3260       0       0       0       0       0       000010000D   3163
     120       0       0       1       0                               0D   3164
     110    3261       0       0       0       0       0       000010000D   3165
     110       0       0       2       0                               0D   3166
     110    3263       0       0       0       0       0       001010000D   3167
     110       0       0       2       0                               0D   3168
     508    3265       0       0       0       0       0       000010000D   3169
     508       0       0       2       1                               0D   3170
     510    3267       0       0       0       0       0       000010000D   3171
     510       0   -2717       1       1                               0D   3172
     116    3268       0       0       0       0       0       000010000D   3173
     116       0       0       1       0                               0D   3174
     123    3269       0       0       0       0       0       000010200D   3175
     123       0       0       1       0                               0D   3176
     192    3270       0       0       0       0       0       000010000D   3177
     192       0       0       1       1                               0D   3178
     123    3271       0       0       0       0       0       000010200D   3179
     123       0       0       1       0                               0D   3180
     508    3272       0       0       0       0       0       000010000D   3181
     508       0       0       1       1                               0D   3182
     510    3273       0       0       0       0       0       000010000D   3183
     510       0   -2717       1       1                               0D   3184
     128    3274       0       0       0       0       0       000010000D   3185
     128       0       0      17       0                               0D   3186
     110    3291       0       0       0       0       0       000010000D   3187
     110       0       0       2       0                               0D   3188
     110    3293       0       0       0       0       0       000010000D   3189
     110       0       0       2       0                               0D   3190
     508    3295       0       0       0       0       0       000010000D   3191
     508       0       0       2       1                               0D   3192
     510    3297       0       0       0       0       0       000010000D   3193
     510       0   -2717       1       1                               0D   3194
     116    3298       0       0       0       0       0       000010000D   3195
     116       0       0       1       0                               0D   3196
     123    3299       0       0       0       0       0       000010200D   3197
     123       0       0       1       0                               0D   3198
     190    3300       0       0       0       0       0       000010000D   3199
     190       0       0       1       1                               0D   3200
     123    3301       0       0       0       0       0       000010200D   3201
     123       0       0       1       0                               0D   3202
     508    3302       0       0       0       0       0       000010000D   3203
     508       0       0       2       1                               0D   3204
     510    3304       0       0       0       0       0       000010000D   3205
     510       0   -2717       1       1                               0D   3206
     514    3305       0       0       0       0       0       000010000D   3207
     514       0       0       3       1                               0D   3208
     186    3308       0       0       1       0       0       000010000D   3209
     186       0       0       1       0                  Solid2       0D   3210
     408    3309       0       0       0       0    3213       000000001D   3211
     408       0       0       1       0                               0D   3212
     124    3310       0       0       0       0       0       000000000D   3213
     124       0       0       4       0                               0D   3214
     308    3314       0       0       0       0       0       000010001D   3215
     308       0       0       1       0                               0D   3216
     406    3315       0       0       1       0       0       000000000D   3217
     406       0       0       1       3                               0D   3218
     116    3316       0       0       0       0       0       000010000D   3219
     116       0       0       1       0                               0D   3220
     123    3317       0       0       0       0       0       000010200D   3221
     123       0       0       1       0                               0D   3222
     192    3318       0       0       0       0       0       000010000D   3223
     192       0       0       1       1                               0D   3224
     123    3319       0       0       0       0       0       000010200D   3225
     123       0       0       1       0                               0D   3226
     504    3320       0       0       0       0       0       000010001D   3227
     504       0       0       1       1                               0D   3228
     502    3321       0       0       0       0       0       000010000D   3229
     502       0       0       2       1                               0D   3230
     100    3323       0       0       0       0    3233       000010000D   3231
     100       0       0       2       0                               0D   3232
     124    3325       0       0       0       0       0       000000000D   3233
     124       0       0       2       0                               0D   3234
     508    3327       0       0       0       0       0       000010000D   3235
     508       0       0       1       1                               0D   3236
     100    3328       0       0       0       0    3239       000010000D   3237
     100       0       0       2       0                               0D   3238
     124    3330       0       0       0       0       0       000000000D   3239
     124       0       0       2       0                               0D   3240
     508    3332       0       0       0       0       0       000010000D   3241
     508       0       0       1       1                               0D   3242
     510    3333       0       0       0       0       0       000010000D   3243
     510       0   -2717       1       1                               0D   3244
     116    3334       0       0       0       0       0       000010000D   3245
     116       0       0       1       0                               0D   3246
     123    3335       0       0       0       0       0       000010200D   3247
     123       0       0       1       0                               0D   3248
     190    3336       0       0       0       0       0       000010000D   3249
     190       0       0       1       1                               0D   3250
     123    3337       0       0       0       0       0       000010200D   3251
     123       0       0       1       0                               0D   3252
     508    3338       0       0       0       0       0       000010000D   3253
     508       0       0       1       1                               0D   3254
     510    3339       0       0       0       0       0       000010000D   3255
     510       0   -2717       1       1                               0D   3256
     116    3340       0       0       0       0       0       000010000D   3257
     116       0       0       1       0                               0D   3258
     123    3341       0       0       0       0       0       000010200D   3259
     123       0       0       1       0                               0D   3260
     190    3342       0       0       0       0       0       000010000D   3261
     190       0       0       1       1                               0D   3262
     123    3343       0       0       0       0       0       000010200D   3263
     123       0       0       1       0                               0D   3264
     508    3344       0       0       0       0       0       000010000D   3265
     508       0       0       1       1                               0D   3266
     510    3345       0       0       0       0       0       000010000D   3267
     510       0   -2717       1       1                               0D   3268
     514    3346       0       0       0       0       0       000010000D   3269
     514       0       0       1       1                               0D   3270
     186    3347       0       0       1       0       0       000010000D   3271
     186       0       0       1       0                  Solid1       0D   3272
     408    3348       0       0       0       0    3275       000000001D   3273
     408       0       0       1       0                               0D   3274
     124    3349       0       0       0       0       0       000000000D   3275
     124       0       0       3       0                               0D   3276
     308    3352       0       0       0       0       0       000010001D   3277
     308       0       0       1       0                               0D   3278
     406    3353       0       0       1       0       0       000000000D   3279
     406       0       0       1       3                               0D   3280
     116    3354       0       0       0       0       0       000010000D   3281
     116       0       0       1       0                               0D   3282
     123    3355       0       0       0       0       0       000010200D   3283
     123       0       0       1       0                               0D   3284
     190    3356       0       0       0       0       0       000010000D   3285
     190       0       0       1       1                               0D   3286
     123    3357       0       0       0       0       0       000010200D   3287
     123       0       0       1       0                               0D   3288
     504    3358       0       0       0       0       0       000010001D   3289
     504       0       0       4       1                               0D   3290
     502    3362       0       0       0       0       0       000010000D   3291
     502       0       0       4       1                               0D   3292
     110    3366       0       0       0       0       0       000010000D   3293
     110       0       0       1       0                               0D   3294
     110    3367       0       0       0       0       0       000010000D   3295
     110       0       0       2       0                               0D   3296
     110    3369       0       0       0       0       0       000010000D   3297
     110       0       0       1       0                               0D   3298
     110    3370       0       0       0       0       0       000010000D   3299
     110       0       0       1       0                               0D   3300
     508    3371       0       0       0       0       0       000010000D   3301
     508       0       0       1       1                               0D   3302
     510    3372       0       0       0       0       0       000010000D   3303
     510       0   -2717       1       1                               0D   3304
     128    3373       0       0       0       0       0       000010000D   3305
     128       0       0       6       0                               0D   3306
     126    3379       0       0       0       0       0       000010000D   3307
     126       0       0       4       0                               0D   3308
     110    3383       0       0       0       0       0       000010000D   3309
     110       0       0       1       0                               0D   3310
     126    3384       0       0       0       0       0       000010000D   3311
     126       0       0       4       0                               0D   3312
     508    3388       0       0       0       0       0       000010000D   3313
     508       0       0       1       1                               0D   3314
     510    3389       0       0       0       0       0       000010000D   3315
     510       0   -2717       1       1                               0D   3316
     116    3390       0       0       0       0       0       000010000D   3317
     116       0       0       1       0                               0D   3318
     123    3391       0       0       0       0       0       000010200D   3319
     123       0       0       1       0                               0D   3320
     190    3392       0       0       0       0       0       000010000D   3321
     190       0       0       1       1                               0D   3322
     123    3393       0       0       0       0       0       000010200D   3323
     123       0       0       1       0                               0D   3324
     110    3394       0       0       0       0       0       000010000D   3325
     110       0       0       1       0                               0D   3326
     110    3395       0       0       0       0       0       000010000D   3327
     110       0       0       1       0                               0D   3328
     110    3396       0       0       0       0       0       000010000D   3329
     110       0       0       1       0                               0D   3330
     508    3397       0       0       0       0       0       000010000D   3331
     508       0       0       1       1                               0D   3332
     510    3398       0       0       0       0       0       000010000D   3333
     510       0   -2717       1       1                               0D   3334
     116    3399       0       0       0       0       0       000010000D   3335
     116       0       0       1       0                               0D   3336
     123    3400       0       0       0       0       0       000010200D   3337
     123       0       0       1       0                               0D   3338
     190    3401       0       0       0       0       0       000010000D   3339
     190       0       0       1       1                               0D   3340
     123    3402       0       0       0       0       0       000010200D   3341
     123       0       0       1       0                               0D   3342
     110    3403       0       0       0       0       0       000010000D   3343
     110       0       0       1       0                               0D   3344
     110    3404       0       0       0       0       0       000010000D   3345
     110       0       0       1       0                               0D   3346
     508    3405       0       0       0       0       0       000010000D   3347
     508       0       0       1       1                               0D   3348
     510    3406       0       0       0       0       0       000010000D   3349
     510       0   -2717       1       1                               0D   3350
     116    3407       0       0       0       0       0       000010000D   3351
     116       0       0       1       0                               0D   3352
     123    3408       0       0       0       0       0       000010200D   3353
     123       0       0       1       0                               0D   3354
     190    3409       0       0       0       0       0       000010000D   3355
     190       0       0       1       1                               0D   3356
     123    3410       0       0       0       0       0       000010200D   3357
     123       0       0       1       0                               0D   3358
     508    3411       0       0       0       0       0       000010000D   3359
     508       0       0       1       1                               0D   3360
     510    3412       0       0       0       0       0       000010000D   3361
     510       0   -2717       1       1                               0D   3362
     116    3413       0       0       0       0       0       000010000D   3363
     116       0       0       1       0                               0D   3364
     123    3414       0       0       0       0       0       000010200D   3365
     123       0       0       1       0                               0D   3366
     190    3415       0       0       0       0       0       000010000D   3367
     190       0       0       1       1                               0D   3368
     123    3416       0       0       0       0       0       000010200D   3369
     123       0       0       1       0                               0D   3370
     508    3417       0       0       0       0       0       000010000D   3371
     508       0       0       1       1                               0D   3372
     510    3418       0       0       0       0       0       000010000D   3373
     510       0   -2717       1       1                               0D   3374
     514    3419       0       0       0       0       0       000010000D   3375
     514       0       0       1       1                               0D   3376
     186    3420       0       0       1       0       0       000010000D   3377
     186       0       0       1       0                  Solid1       0D   3378
     408    3421       0       0       0       0    3381       000000001D   3379
     408       0       0       1       0                               0D   3380
     124    3422       0       0       0       0       0       000000000D   3381
     124       0       0       4       0                               0D   3382
     308    3426       0       0       0       0       0       000010001D   3383
     308       0       0       5       0                               0D   3384
     406    3431       0       0       1       0       0       000000000D   3385
     406       0       0       1       3                               0D   3386
     116    3432       0       0       0       0       0       000010000D   3387
     116       0       0       1       0                               0D   3388
     123    3433       0       0       0       0       0       000010200D   3389
     123       0       0       1       0                               0D   3390
     190    3434       0       0       0       0       0       000010000D   3391
     190       0       0       1       1                               0D   3392
     123    3435       0       0       0       0       0       000010200D   3393
     123       0       0       1       0                               0D   3394
     504    3436       0       0       0       0       0       000010001D   3395
     504       0       0      40       1                               0D   3396
     502    3476       0       0       0       0       0       000010000D   3397
     502       0       0      27       1                               0D   3398
     110    3503       0       0       0       0       0       000010000D   3399
     110       0       0       1       0                               0D   3400
     110    3504       0       0       0       0       0       000010000D   3401
     110       0       0       2       0                               0D   3402
     110    3506       0       0       0       0       0       000010000D   3403
     110       0       0       1       0                               0D   3404
     110    3507       0       0       0       0       0       000010000D   3405
     110       0       0       1       0                               0D   3406
     508    3508       0       0       0       0       0       000010000D   3407
     508       0       0       1       1                               0D   3408
     510    3509       0       0       0       0       0       000010000D   3409
     510       0   -2717       1       1                               0D   3410
     116    3510       0       0       0       0       0       000010000D   3411
     116       0       0       1       0                               0D   3412
     123    3511       0       0       0       0       0       000010200D   3413
     123       0       0       1       0                               0D   3414
     190    3512       0       0       0       0       0       000010000D   3415
     190       0       0       1       1                               0D   3416
     123    3513       0       0       0       0       0       000010200D   3417
     123       0       0       1       0                               0D   3418
     110    3514       0       0       0       0       0       000010000D   3419
     110       0       0       1       0                               0D   3420
     110    3515       0       0       0       0       0       000010000D   3421
     110       0       0       1       0                               0D   3422
     110    3516       0       0       0       0       0       000010000D   3423
     110       0       0       1       0                               0D   3424
     508    3517       0       0       0       0       0       000010000D   3425
     508       0       0       1       1                               0D   3426
     510    3518       0       0       0       0       0       000010000D   3427
     510       0   -2717       1       1                               0D   3428
     116    3519       0       0       0       0       0       000010000D   3429
     116       0       0       1       0                               0D   3430
     123    3520       0       0       0       0       0       000010200D   3431
     123       0       0       1       0                               0D   3432
     190    3521       0       0       0       0       0       000010000D   3433
     190       0       0       1       1                               0D   3434
     123    3522       0       0       0       0       0       000010200D   3435
     123       0       0       1       0                               0D   3436
     110    3523       0       0       0       0       0       000010000D   3437
     110       0       0       1       0                               0D   3438
     110    3524       0       0       0       0       0       000010000D   3439
     110       0       0       1       0                               0D   3440
     110    3525       0       0       0       0       0       000010000D   3441
     110       0       0       1       0                               0D   3442
     508    3526       0       0       0       0       0       000010000D   3443
     508       0       0       1       1                               0D   3444
     510    3527       0       0       0       0       0       000010000D   3445
     510       0   -2717       1       1                               0D   3446
     116    3528       0       0       0       0       0       000010000D   3447
     116       0       0       1       0                               0D   3448
     123    3529       0       0       0       0       0       000010200D   3449
     123       0       0       1       0                               0D   3450
     190    3530       0       0       0       0       0       000010000D   3451
     190       0       0       1       1                               0D   3452
     123    3531       0       0       0       0       0       000010200D   3453
     123       0       0       1       0                               0D   3454
     110    3532       0       0       0       0       0       000010000D   3455
     110       0       0       1       0                               0D   3456
     110    3533       0       0       0       0       0       000010000D   3457
     110       0       0       1       0                               0D   3458
     110    3534       0       0       0       0       0       000010000D   3459
     110       0       0       1       0                               0D   3460
     508    3535       0       0       0       0       0       000010000D   3461
     508       0       0       1       1                               0D   3462
     510    3536       0       0       0       0       0       000010000D   3463
     510       0   -2717       1       1                               0D   3464
     116    3537       0       0       0       0       0       000010000D   3465
     116       0       0       1       0                               0D   3466
     123    3538       0       0       0       0       0       000010200D   3467
     123       0       0       1       0                               0D   3468
     190    3539       0       0       0       0       0       000010000D   3469
     190       0       0       1       1                               0D   3470
     123    3540       0       0       0       0       0       000010200D   3471
     123       0       0       1       0                               0D   3472
     110    3541       0       0       0       0       0       000010000D   3473
     110       0       0       1       0                               0D   3474
     110    3542       0       0       0       0       0       000010000D   3475
     110       0       0       1       0                               0D   3476
     110    3543       0       0       0       0       0       000010000D   3477
     110       0       0       1       0                               0D   3478
     508    3544       0       0       0       0       0       000010000D   3479
     508       0       0       1       1                               0D   3480
     510    3545       0       0       0       0       0       000010000D   3481
     510       0   -2717       1       1                               0D   3482
     116    3546       0       0       0       0       0       000010000D   3483
     116       0       0       1       0                               0D   3484
     123    3547       0       0       0       0       0       000010200D   3485
     123       0       0       1       0                               0D   3486
     190    3548       0       0       0       0       0       000010000D   3487
     190       0       0       1       1                               0D   3488
     123    3549       0       0       0       0       0       000010200D   3489
     123       0       0       1       0                               0D   3490
     110    3550       0       0       0       0       0       000010000D   3491
     110       0       0       1       0                               0D   3492
     110    3551       0       0       0       0       0       000010000D   3493
     110       0       0       1       0                               0D   3494
     110    3552       0       0       0       0       0       000010000D   3495
     110       0       0       1       0                               0D   3496
     508    3553       0       0       0       0       0       000010000D   3497
     508       0       0       1       1                               0D   3498
     510    3554       0       0       0       0       0       000010000D   3499
     510       0   -2717       1       1                               0D   3500
     116    3555       0       0       0       0       0       000010000D   3501
     116       0       0       1       0                               0D   3502
     123    3556       0       0       0       0       0       000010200D   3503
     123       0       0       1       0                               0D   3504
     190    3557       0       0       0       0       0       000010000D   3505
     190       0       0       1       1                               0D   3506
     123    3558       0       0       0       0       0       000010200D   3507
     123       0       0       1       0                               0D   3508
     110    3559       0       0       0       0       0       000010000D   3509
     110       0       0       1       0                               0D   3510
     110    3560       0       0       0       0       0       000010000D   3511
     110       0       0       1       0                               0D   3512
     110    3561       0       0       0       0       0       000010000D   3513
     110       0       0       1       0                               0D   3514
     508    3562       0       0       0       0       0       000010000D   3515
     508       0       0       1       1                               0D   3516
     510    3563       0       0       0       0       0       000010000D   3517
     510       0   -2717       1       1                               0D   3518
     116    3564       0       0       0       0       0       000010000D   3519
     116       0       0       1       0                               0D   3520
     123    3565       0       0       0       0       0       000010200D   3521
     123       0       0       1       0                               0D   3522
     190    3566       0       0       0       0       0       000010000D   3523
     190       0       0       1       1                               0D   3524
     123    3567       0       0       0       0       0       000010200D   3525
     123       0       0       1       0                               0D   3526
     110    3568       0       0       0       0       0       000010000D   3527
     110       0       0       1       0                               0D   3528
     110    3569       0       0       0       0       0       000010000D   3529
     110       0       0       1       0                               0D   3530
     110    3570       0       0       0       0       0       000010000D   3531
     110       0       0       1       0                               0D   3532
     508    3571       0       0       0       0       0       000010000D   3533
     508       0       0       1       1                               0D   3534
     510    3572       0       0       0       0       0       000010000D   3535
     510       0   -2717       1       1                               0D   3536
     116    3573       0       0       0       0       0       000010000D   3537
     116       0       0       1       0                               0D   3538
     123    3574       0       0       0       0       0       000010200D   3539
     123       0       0       1       0                               0D   3540
     190    3575       0       0       0       0       0       000010000D   3541
     190       0       0       1       1                               0D   3542
     123    3576       0       0       0       0       0       000010200D   3543
     123       0       0       1       0                               0D   3544
     110    3577       0       0       0       0       0       000010000D   3545
     110       0       0       1       0                               0D   3546
     110    3578       0       0       0       0       0       000010000D   3547
     110       0       0       1       0                               0D   3548
     110    3579       0       0       0       0       0       000010000D   3549
     110       0       0       1       0                               0D   3550
     508    3580       0       0       0       0       0       000010000D   3551
     508       0       0       1       1                               0D   3552
     510    3581       0       0       0       0       0       000010000D   3553
     510       0   -2717       1       1                               0D   3554
     116    3582       0       0       0       0       0       000010000D   3555
     116       0       0       1       0                               0D   3556
     123    3583       0       0       0       0       0       000010200D   3557
     123       0       0       1       0                               0D   3558
     190    3584       0       0       0       0       0       000010000D   3559
     190       0       0       1       1                               0D   3560
     123    3585       0       0       0       0       0       000010200D   3561
     123       0       0       1       0                               0D   3562
     110    3586       0       0       0       0       0       000010000D   3563
     110       0       0       1       0                               0D   3564
     110    3587       0       0       0       0       0       000010000D   3565
     110       0       0       1       0                               0D   3566
     110    3588       0       0       0       0       0       000010000D   3567
     110       0       0       1       0                               0D   3568
     508    3589       0       0       0       0       0       000010000D   3569
     508       0       0       1       1                               0D   3570
     510    3590       0       0       0       0       0       000010000D   3571
     510       0   -2717       1       1                               0D   3572
     116    3591       0       0       0       0       0       000010000D   3573
     116       0       0       1       0                               0D   3574
     123    3592       0       0       0       0       0       000010200D   3575
     123       0       0       1       0                               0D   3576
     190    3593       0       0       0       0       0       000010000D   3577
     190       0       0       1       1                               0D   3578
     123    3594       0       0       0       0       0       000010200D   3579
     123       0       0       1       0                               0D   3580
     110    3595       0       0       0       0       0       000010000D   3581
     110       0       0       1       0                               0D   3582
     110    3596       0       0       0       0       0       000010000D   3583
     110       0       0       1       0                               0D   3584
     110    3597       0       0       0       0       0       000010000D   3585
     110       0       0       1       0                               0D   3586
     508    3598       0       0       0       0       0       000010000D   3587
     508       0       0       1       1                               0D   3588
     510    3599       0       0       0       0       0       000010000D   3589
     510       0   -2717       1       1                               0D   3590
     116    3600       0       0       0       0       0       000010000D   3591
     116       0       0       1       0                               0D   3592
     123    3601       0       0       0       0       0       000010200D   3593
     123       0       0       1       0                               0D   3594
     190    3602       0       0       0       0       0       000010000D   3595
     190       0       0       1       1                               0D   3596
     123    3603       0       0       0       0       0       000010200D   3597
     123       0       0       1       0                               0D   3598
     110    3604       0       0       0       0       0       000010000D   3599
     110       0       0       1       0                               0D   3600
     110    3605       0       0       0       0       0       000010000D   3601
     110       0       0       1       0                               0D   3602
     110    3606       0       0       0       0       0       000010000D   3603
     110       0       0       1       0                               0D   3604
     508    3607       0       0       0       0       0       000010000D   3605
     508       0       0       1       1                               0D   3606
     510    3608       0       0       0       0       0       000010000D   3607
     510       0   -2717       1       1                               0D   3608
     116    3609       0       0       0       0       0       000010000D   3609
     116       0       0       1       0                               0D   3610
     123    3610       0       0       0       0       0       000010200D   3611
     123       0       0       1       0                               0D   3612
     190    3611       0       0       0       0       0       000010000D   3613
     190       0       0       1       1                               0D   3614
     123    3612       0       0       0       0       0       000010200D   3615
     123       0       0       1       0                               0D   3616
     110    3613       0       0       0       0       0       000010000D   3617
     110       0       0       1       0                               0D   3618
     110    3614       0       0       0       0       0       000010000D   3619
     110       0       0       1       0                               0D   3620
     110    3615       0       0       0       0       0       000010000D   3621
     110       0       0       1       0                               0D   3622
     508    3616       0       0       0       0       0       000010000D   3623
     508       0       0       1       1                               0D   3624
     510    3617       0       0       0       0       0       000010000D   3625
     510       0   -2717       1       1                               0D   3626
     116    3618       0       0       0       0       0       000010000D   3627
     116       0       0       1       0                               0D   3628
     123    3619       0       0       0       0       0       000010200D   3629
     123       0       0       1       0                               0D   3630
     190    3620       0       0       0       0       0       000010000D   3631
     190       0       0       1       1                               0D   3632
     123    3621       0       0       0       0       0       000010200D   3633
     123       0       0       1       0                               0D   3634
     110    3622       0       0       0       0       0       000010000D   3635
     110       0       0       1       0                               0D   3636
     110    3623       0       0       0       0       0       000010000D   3637
     110       0       0       1       0                               0D   3638
     110    3624       0       0       0       0       0       000010000D   3639
     110       0       0       1       0                               0D   3640
     508    3625       0       0       0       0       0       000010000D   3641
     508       0       0       1       1                               0D   3642
     510    3626       0       0       0       0       0       000010000D   3643
     510       0   -2717       1       1                               0D   3644
     116    3627       0       0       0       0       0       000010000D   3645
     116       0       0       1       0                               0D   3646
     123    3628       0       0       0       0       0       000010200D   3647
     123       0       0       1       0                               0D   3648
     190    3629       0       0       0       0       0       000010000D   3649
     190       0       0       1       1                               0D   3650
     123    3630       0       0       0       0       0       000010200D   3651
     123       0       0       1       0                               0D   3652
     110    3631       0       0       0       0       0       000010000D   3653
     110       0       0       1       0                               0D   3654
     110    3632       0       0       0       0       0       000010000D   3655
     110       0       0       1       0                               0D   3656
     110    3633       0       0       0       0       0       000010000D   3657
     110       0       0       1       0                               0D   3658
     508    3634       0       0       0       0       0       000010000D   3659
     508       0       0       1       1                               0D   3660
     510    3635       0       0       0       0       0       000010000D   3661
     510       0   -2717       1       1                               0D   3662
     116    3636       0       0       0       0       0       000010000D   3663
     116       0       0       1       0                               0D   3664
     123    3637       0       0       0       0       0       000010200D   3665
     123       0       0       1       0                               0D   3666
     190    3638       0       0       0       0       0       000010000D   3667
     190       0       0       1       1                               0D   3668
     123    3639       0       0       0       0       0       000010200D   3669
     123       0       0       1       0                               0D   3670
     110    3640       0       0       0       0       0       000010000D   3671
     110       0       0       1       0                               0D   3672
     110    3641       0       0       0       0       0       000010000D   3673
     110       0       0       1       0                               0D   3674
     110    3642       0       0       0       0       0       000010000D   3675
     110       0       0       1       0                               0D   3676
     508    3643       0       0       0       0       0       000010000D   3677
     508       0       0       1       1                               0D   3678
     510    3644       0       0       0       0       0       000010000D   3679
     510       0   -2717       1       1                               0D   3680
     116    3645       0       0       0       0       0       000010000D   3681
     116       0       0       1       0                               0D   3682
     123    3646       0       0       0       0       0       000010200D   3683
     123       0       0       1       0                               0D   3684
     190    3647       0       0       0       0       0       000010000D   3685
     190       0       0       1       1                               0D   3686
     123    3648       0       0       0       0       0       000010200D   3687
     123       0       0       1       0                               0D   3688
     110    3649       0       0       0       0       0       000010000D   3689
     110       0       0       1       0                               0D   3690
     110    3650       0       0       0       0       0       000010000D   3691
     110       0       0       1       0                               0D   3692
     110    3651       0       0       0       0       0       000010000D   3693
     110       0       0       1       0                               0D   3694
     508    3652       0       0       0       0       0       000010000D   3695
     508       0       0       1       1                               0D   3696
     510    3653       0       0       0       0       0       000010000D   3697
     510       0   -2717       1       1                               0D   3698
     116    3654       0       0       0       0       0       000010000D   3699
     116       0       0       1       0                               0D   3700
     123    3655       0       0       0       0       0       000010200D   3701
     123       0       0       1       0                               0D   3702
     190    3656       0       0       0       0       0       000010000D   3703
     190       0       0       1       1                               0D   3704
     123    3657       0       0       0       0       0       000010200D   3705
     123       0       0       1       0                               0D   3706
     110    3658       0       0       0       0       0       000010000D   3707
     110       0       0       1       0                               0D   3708
     110    3659       0       0       0       0       0       000010000D   3709
     110       0       0       1       0                               0D   3710
     110    3660       0       0       0       0       0       000010000D   3711
     110       0       0       1       0                               0D   3712
     508    3661       0       0       0       0       0       000010000D   3713
     508       0       0       1       1                               0D   3714
     510    3662       0       0       0       0       0       000010000D   3715
     510       0   -2717       1       1                               0D   3716
     116    3663       0       0       0       0       0       000010000D   3717
     116       0       0       1       0                               0D   3718
     123    3664       0       0       0       0       0       000010200D   3719
     123       0       0       1       0                               0D   3720
     190    3665       0       0       0       0       0       000010000D   3721
     190       0       0       1       1                               0D   3722
     123    3666       0       0       0       0       0       000010200D   3723
     123       0       0       1       0                               0D   3724
     110    3667       0       0       0       0       0       000010000D   3725
     110       0       0       1       0                               0D   3726
     110    3668       0       0       0       0       0       000010000D   3727
     110       0       0       1       0                               0D   3728
     110    3669       0       0       0       0       0       000010000D   3729
     110       0       0       1       0                               0D   3730
     508    3670       0       0       0       0       0       000010000D   3731
     508       0       0       1       1                               0D   3732
     510    3671       0       0       0       0       0       000010000D   3733
     510       0   -2717       1       1                               0D   3734
     116    3672       0       0       0       0       0       000010000D   3735
     116       0       0       1       0                               0D   3736
     123    3673       0       0       0       0       0       000010200D   3737
     123       0       0       1       0                               0D   3738
     190    3674       0       0       0       0       0       000010000D   3739
     190       0       0       1       1                               0D   3740
     123    3675       0       0       0       0       0       000010200D   3741
     123       0       0       1       0                               0D   3742
     110    3676       0       0       0       0       0       000010000D   3743
     110       0       0       1       0                               0D   3744
     110    3677       0       0       0       0       0       000010000D   3745
     110       0       0       1       0                               0D   3746
     110    3678       0       0       0       0       0       000010000D   3747
     110       0       0       1       0                               0D   3748
     508    3679       0       0       0       0       0       000010000D   3749
     508       0       0       1       1                               0D   3750
     510    3680       0       0       0       0       0       000010000D   3751
     510       0   -2717       1       1                               0D   3752
     116    3681       0       0       0       0       0       000010000D   3753
     116       0       0       1       0                               0D   3754
     123    3682       0       0       0       0       0       000010200D   3755
     123       0       0       1       0                               0D   3756
     190    3683       0       0       0       0       0       000010000D   3757
     190       0       0       1       1                               0D   3758
     123    3684       0       0       0       0       0       000010200D   3759
     123       0       0       1       0                               0D   3760
     110    3685       0       0       0       0       0       000010000D   3761
     110       0       0       1       0                               0D   3762
     110    3686       0       0       0       0       0       000010000D   3763
     110       0       0       1       0                               0D   3764
     110    3687       0       0       0       0       0       000010000D   3765
     110       0       0       1       0                               0D   3766
     508    3688       0       0       0       0       0       000010000D   3767
     508       0       0       1       1                               0D   3768
     510    3689       0       0       0       0       0       000010000D   3769
     510       0   -2717       1       1                               0D   3770
     116    3690       0       0       0       0       0       000010000D   3771
     116       0       0       1       0                               0D   3772
     123    3691       0       0       0       0       0       000010200D   3773
     123       0       0       1       0                               0D   3774
     190    3692       0       0       0       0       0       000010000D   3775
     190       0       0       1       1                               0D   3776
     123    3693       0       0       0       0       0       000010200D   3777
     123       0       0       1       0                               0D   3778
     110    3694       0       0       0       0       0       000010000D   3779
     110       0       0       1       0                               0D   3780
     110    3695       0       0       0       0       0       000010000D   3781
     110       0       0       1       0                               0D   3782
     110    3696       0       0       0       0       0       000010000D   3783
     110       0       0       1       0                               0D   3784
     508    3697       0       0       0       0       0       000010000D   3785
     508       0       0       1       1                               0D   3786
     510    3698       0       0       0       0       0       000010000D   3787
     510       0   -2717       1       1                               0D   3788
     116    3699       0       0       0       0       0       000010000D   3789
     116       0       0       1       0                               0D   3790
     123    3700       0       0       0       0       0       000010200D   3791
     123       0       0       1       0                               0D   3792
     190    3701       0       0       0       0       0       000010000D   3793
     190       0       0       1       1                               0D   3794
     123    3702       0       0       0       0       0       000010200D   3795
     123       0       0       1       0                               0D   3796
     110    3703       0       0       0       0       0       000010000D   3797
     110       0       0       1       0                               0D   3798
     110    3704       0       0       0       0       0       000010000D   3799
     110       0       0       1       0                               0D   3800
     110    3705       0       0       0       0       0       000010000D   3801
     110       0       0       1       0                               0D   3802
     508    3706       0       0       0       0       0       000010000D   3803
     508       0       0       1       1                               0D   3804
     510    3707       0       0       0       0       0       000010000D   3805
     510       0   -2717       1       1                               0D   3806
     116    3708       0       0       0       0       0       000010000D   3807
     116       0       0       1       0                               0D   3808
     123    3709       0       0       0       0       0       000010200D   3809
     123       0       0       1       0                               0D   3810
     190    3710       0       0       0       0       0       000010000D   3811
     190       0       0       1       1                               0D   3812
     123    3711       0       0       0       0       0       000010200D   3813
     123       0       0       1       0                               0D   3814
     110    3712       0       0       0       0       0       000010000D   3815
     110       0       0       1       0                               0D   3816
     110    3713       0       0       0       0       0       000010000D   3817
     110       0       0       1       0                               0D   3818
     110    3714       0       0       0       0       0       000010000D   3819
     110       0       0       1       0                               0D   3820
     508    3715       0       0       0       0       0       000010000D   3821
     508       0       0       1       1                               0D   3822
     510    3716       0       0       0       0       0       000010000D   3823
     510       0   -2717       1       1                               0D   3824
     116    3717       0       0       0       0       0       000010000D   3825
     116       0       0       1       0                               0D   3826
     123    3718       0       0       0       0       0       000010200D   3827
     123       0       0       1       0                               0D   3828
     190    3719       0       0       0       0       0       000010000D   3829
     190       0       0       1       1                               0D   3830
     123    3720       0       0       0       0       0       000010200D   3831
     123       0       0       1       0                               0D   3832
     110    3721       0       0       0       0       0       000010000D   3833
     110       0       0       1       0                               0D   3834
     110    3722       0       0       0       0       0       000010000D   3835
     110       0       0       1       0                               0D   3836
     110    3723       0       0       0       0       0       000010000D   3837
     110       0       0       1       0                               0D   3838
     508    3724       0       0       0       0       0       000010000D   3839
     508       0       0       1       1                               0D   3840
     510    3725       0       0       0       0       0       000010000D   3841
     510       0   -2717       1       1                               0D   3842
     116    3726       0       0       0       0       0       000010000D   3843
     116       0       0       1       0                               0D   3844
     123    3727       0       0       0       0       0       000010200D   3845
     123       0       0       1       0                               0D   3846
     190    3728       0       0       0       0       0       000010000D   3847
     190       0       0       1       1                               0D   3848
     123    3729       0       0       0       0       0       000010200D   3849
     123       0       0       1       0                               0D   3850
     110    3730       0       0       0       0       0       000010000D   3851
     110       0       0       1       0                               0D   3852
     110    3731       0       0       0       0       0       000010000D   3853
     110       0       0       1       0                               0D   3854
     110    3732       0       0       0       0       0       000010000D   3855
     110       0       0       1       0                               0D   3856
     508    3733       0       0       0       0       0       000010000D   3857
     508       0       0       1       1                               0D   3858
     510    3734       0       0       0       0       0       000010000D   3859
     510       0   -2717       1       1                               0D   3860
     116    3735       0       0       0       0       0       000010000D   3861
     116       0       0       1       0                               0D   3862
     123    3736       0       0       0       0       0       000010200D   3863
     123       0       0       1       0                               0D   3864
     190    3737       0       0       0       0       0       000010000D   3865
     190       0       0       1       1                               0D   3866
     123    3738       0       0       0       0       0       000010200D   3867
     123       0       0       1       0                               0D   3868
     110    3739       0       0       0       0       0       000010000D   3869
     110       0       0       1       0                               0D   3870
     110    3740       0       0       0       0       0       000010000D   3871
     110       0       0       1       0                               0D   3872
     110    3741       0       0       0       0       0       000010000D   3873
     110       0       0       1       0                               0D   3874
     508    3742       0       0       0       0       0       000010000D   3875
     508       0       0       1       1                               0D   3876
     510    3743       0       0       0       0       0       000010000D   3877
     510       0   -2717       1       1                               0D   3878
     116    3744       0       0       0       0       0       000010000D   3879
     116       0       0       1       0                               0D   3880
     123    3745       0       0       0       0       0       000010200D   3881
     123       0       0       1       0                               0D   3882
     190    3746       0       0       0       0       0       000010000D   3883
     190       0       0       1       1                               0D   3884
     123    3747       0       0       0       0       0       000010200D   3885
     123       0       0       1       0                               0D   3886
     110    3748       0       0       0       0       0       000010000D   3887
     110       0       0       1       0                               0D   3888
     110    3749       0       0       0       0       0       000010000D   3889
     110       0       0       1       0                               0D   3890
     110    3750       0       0       0       0       0       000010000D   3891
     110       0       0       1       0                               0D   3892
     508    3751       0       0       0       0       0       000010000D   3893
     508       0       0       1       1                               0D   3894
     510    3752       0       0       0       0       0       000010000D   3895
     510       0   -2717       1       1                               0D   3896
     116    3753       0       0       0       0       0       000010000D   3897
     116       0       0       1       0                               0D   3898
     123    3754       0       0       0       0       0       000010200D   3899
     123       0       0       1       0                               0D   3900
     190    3755       0       0       0       0       0       000010000D   3901
     190       0       0       1       1                               0D   3902
     123    3756       0       0       0       0       0       000010200D   3903
     123       0       0       1       0                               0D   3904
     110    3757       0       0       0       0       0       000010000D   3905
     110       0       0       1       0                               0D   3906
     110    3758       0       0       0       0       0       000010000D   3907
     110       0       0       1       0                               0D   3908
     110    3759       0       0       0       0       0       000010000D   3909
     110       0       0       1       0                               0D   3910
     508    3760       0       0       0       0       0       000010000D   3911
     508       0       0       1       1                               0D   3912
     510    3761       0       0       0       0       0       000010000D   3913
     510       0   -2717       1       1                               0D   3914
     116    3762       0       0       0       0       0       000010000D   3915
     116       0       0       1       0                               0D   3916
     123    3763       0       0       0       0       0       000010200D   3917
     123       0       0       1       0                               0D   3918
     190    3764       0       0       0       0       0       000010000D   3919
     190       0       0       1       1                               0D   3920
     123    3765       0       0       0       0       0       000010200D   3921
     123       0       0       1       0                               0D   3922
     110    3766       0       0       0       0       0       000010000D   3923
     110       0       0       1       0                               0D   3924
     110    3767       0       0       0       0       0       000010000D   3925
     110       0       0       1       0                               0D   3926
     110    3768       0       0       0       0       0       000010000D   3927
     110       0       0       1       0                               0D   3928
     508    3769       0       0       0       0       0       000010000D   3929
     508       0       0       1       1                               0D   3930
     510    3770       0       0       0       0       0       000010000D   3931
     510       0   -2717       1       1                               0D   3932
     116    3771       0       0       0       0       0       000010000D   3933
     116       0       0       1       0                               0D   3934
     123    3772       0       0       0       0       0       000010200D   3935
     123       0       0       1       0                               0D   3936
     190    3773       0       0       0       0       0       000010000D   3937
     190       0       0       1       1                               0D   3938
     123    3774       0       0       0       0       0       000010200D   3939
     123       0       0       1       0                               0D   3940
     110    3775       0       0       0       0       0       000010000D   3941
     110       0       0       1       0                               0D   3942
     110    3776       0       0       0       0       0       000010000D   3943
     110       0       0       1       0                               0D   3944
     110    3777       0       0       0       0       0       000010000D   3945
     110       0       0       1       0                               0D   3946
     508    3778       0       0       0       0       0       000010000D   3947
     508       0       0       1       1                               0D   3948
     510    3779       0       0       0       0       0       000010000D   3949
     510       0   -2717       1       1                               0D   3950
     116    3780       0       0       0       0       0       000010000D   3951
     116       0       0       1       0                               0D   3952
     123    3781       0       0       0       0       0       000010200D   3953
     123       0       0       1       0                               0D   3954
     190    3782       0       0       0       0       0       000010000D   3955
     190       0       0       1       1                               0D   3956
     123    3783       0       0       0       0       0       000010200D   3957
     123       0       0       1       0                               0D   3958
     110    3784       0       0       0       0       0       000010000D   3959
     110       0       0       1       0                               0D   3960
     110    3785       0       0       0       0       0       000010000D   3961
     110       0       0       1       0                               0D   3962
     110    3786       0       0       0       0       0       000010000D   3963
     110       0       0       1       0                               0D   3964
     508    3787       0       0       0       0       0       000010000D   3965
     508       0       0       1       1                               0D   3966
     510    3788       0       0       0       0       0       000010000D   3967
     510       0   -2717       1       1                               0D   3968
     116    3789       0       0       0       0       0       000010000D   3969
     116       0       0       1       0                               0D   3970
     123    3790       0       0       0       0       0       000010200D   3971
     123       0       0       1       0                               0D   3972
     190    3791       0       0       0       0       0       000010000D   3973
     190       0       0       1       1                               0D   3974
     123    3792       0       0       0       0       0       000010200D   3975
     123       0       0       1       0                               0D   3976
     110    3793       0       0       0       0       0       000010000D   3977
     110       0       0       1       0                               0D   3978
     110    3794       0       0       0       0       0       000010000D   3979
     110       0       0       1       0                               0D   3980
     110    3795       0       0       0       0       0       000010000D   3981
     110       0       0       1       0                               0D   3982
     508    3796       0       0       0       0       0       000010000D   3983
     508       0       0       1       1                               0D   3984
     510    3797       0       0       0       0       0       000010000D   3985
     510       0   -2717       1       1                               0D   3986
     116    3798       0       0       0       0       0       000010000D   3987
     116       0       0       1       0                               0D   3988
     123    3799       0       0       0       0       0       000010200D   3989
     123       0       0       1       0                               0D   3990
     190    3800       0       0       0       0       0       000010000D   3991
     190       0       0       1       1                               0D   3992
     123    3801       0       0       0       0       0       000010200D   3993
     123       0       0       1       0                               0D   3994
     110    3802       0       0       0       0       0       000010000D   3995
     110       0       0       1       0                               0D   3996
     110    3803       0       0       0       0       0       000010000D   3997
     110       0       0       1       0                               0D   3998
     110    3804       0       0       0       0       0       000010000D   3999
     110       0       0       1       0                               0D   4000
     508    3805       0       0       0       0       0       000010000D   4001
     508       0       0       2       1                               0D   4002
     510    3807       0       0       0       0       0       000010000D   4003
     510       0   -2717       1       1                               0D   4004
     116    3808       0       0       0       0       0       000010000D   4005
     116       0       0       1       0                               0D   4006
     123    3809       0       0       0       0       0       000010200D   4007
     123       0       0       1       0                               0D   4008
     190    3810       0       0       0       0       0       000010000D   4009
     190       0       0       1       1                               0D   4010
     123    3811       0       0       0       0       0       000010200D   4011
     123       0       0       1       0                               0D   4012
     110    3812       0       0       0       0       0       000010000D   4013
     110       0       0       1       0                               0D   4014
     110    3813       0       0       0       0       0       000010000D   4015
     110       0       0       1       0                               0D   4016
     110    3814       0       0       0       0       0       000010000D   4017
     110       0       0       1       0                               0D   4018
     508    3815       0       0       0       0       0       000010000D   4019
     508       0       0       2       1                               0D   4020
     510    3817       0       0       0       0       0       000010000D   4021
     510       0   -2717       1       1                               0D   4022
     116    3818       0       0       0       0       0       000010000D   4023
     116       0       0       1       0                               0D   4024
     123    3819       0       0       0       0       0       000010200D   4025
     123       0       0       1       0                               0D   4026
     190    3820       0       0       0       0       0       000010000D   4027
     190       0       0       1       1                               0D   4028
     123    3821       0       0       0       0       0       000010200D   4029
     123       0       0       1       0                               0D   4030
     110    3822       0       0       0       0       0       000010000D   4031
     110       0       0       1       0                               0D   4032
     110    3823       0       0       0       0       0       000010000D   4033
     110       0       0       1       0                               0D   4034
     110    3824       0       0       0       0       0       000010000D   4035
     110       0       0       1       0                               0D   4036
     508    3825       0       0       0       0       0       000010000D   4037
     508       0       0       2       1                               0D   4038
     510    3827       0       0       0       0       0       000010000D   4039
     510       0   -2717       1       1                               0D   4040
     116    3828       0       0       0       0       0       000010000D   4041
     116       0       0       1       0                               0D   4042
     123    3829       0       0       0       0       0       000010200D   4043
     123       0       0       1       0                               0D   4044
     190    3830       0       0       0       0       0       000010000D   4045
     190       0       0       1       1                               0D   4046
     123    3831       0       0       0       0       0       000010200D   4047
     123       0       0       1       0                               0D   4048
     110    3832       0       0       0       0       0       000010000D   4049
     110       0       0       1       0                               0D   4050
     110    3833       0       0       0       0       0       000010000D   4051
     110       0       0       1       0                               0D   4052
     110    3834       0       0       0       0       0       000010000D   4053
     110       0       0       1       0                               0D   4054
     508    3835       0       0       0       0       0       000010000D   4055
     508       0       0       2       1                               0D   4056
     510    3837       0       0       0       0       0       000010000D   4057
     510       0   -2717       1       1                               0D   4058
     116    3838       0       0       0       0       0       000010000D   4059
     116       0       0       1       0                               0D   4060
     123    3839       0       0       0       0       0       000010200D   4061
     123       0       0       1       0                               0D   4062
     190    3840       0       0       0       0       0       000010000D   4063
     190       0       0       1       1                               0D   4064
     123    3841       0       0       0       0       0       000010200D   4065
     123       0       0       1       0                               0D   4066
     110    3842       0       0       0       0       0       000010000D   4067
     110       0       0       1       0                               0D   4068
     110    3843       0       0       0       0       0       000010000D   4069
     110       0       0       1       0                               0D   4070
     110    3844       0       0       0       0       0       000010000D   4071
     110       0       0       1       0                               0D   4072
     508    3845       0       0       0       0       0       000010000D   4073
     508       0       0       2       1                               0D   4074
     510    3847       0       0       0       0       0       000010000D   4075
     510       0   -2717       1       1                               0D   4076
     116    3848       0       0       0       0       0       000010000D   4077
     116       0       0       1       0                               0D   4078
     123    3849       0       0       0       0       0       000010200D   4079
     123       0       0       1       0                               0D   4080
     190    3850       0       0       0       0       0       000010000D   4081
     190       0       0       1       1                               0D   4082
     123    3851       0       0       0       0       0       000010200D   4083
     123       0       0       1       0                               0D   4084
     110    3852       0       0       0       0       0       000010000D   4085
     110       0       0       1       0                               0D   4086
     110    3853       0       0       0       0       0       000010000D   4087
     110       0       0       1       0                               0D   4088
     110    3854       0       0       0       0       0       000010000D   4089
     110       0       0       1       0                               0D   4090
     508    3855       0       0       0       0       0       000010000D   4091
     508       0       0       2       1                               0D   4092
     510    3857       0       0       0       0       0       000010000D   4093
     510       0   -2717       1       1                               0D   4094
     116    3858       0       0       0       0       0       000010000D   4095
     116       0       0       1       0                               0D   4096
     123    3859       0       0       0       0       0       000010200D   4097
     123       0       0       1       0                               0D   4098
     190    3860       0       0       0       0       0       000010000D   4099
     190       0       0       1       1                               0D   4100
     123    3861       0       0       0       0       0       000010200D   4101
     123       0       0       1       0                               0D   4102
     110    3862       0       0       0       0       0       000010000D   4103
     110       0       0       1       0                               0D   4104
     110    3863       0       0       0       0       0       000010000D   4105
     110       0       0       1       0                               0D   4106
     508    3864       0       0       0       0       0       000010000D   4107
     508       0       0       1       1                               0D   4108
     510    3865       0       0       0       0       0       000010000D   4109
     510       0   -2717       1       1                               0D   4110
     116    3866       0       0       0       0       0       000010000D   4111
     116       0       0       1       0                               0D   4112
     123    3867       0       0       0       0       0       000010200D   4113
     123       0       0       1       0                               0D   4114
     190    3868       0       0       0       0       0       000010000D   4115
     190       0       0       1       1                               0D   4116
     123    3869       0       0       0       0       0       000010200D   4117
     123       0       0       1       0                               0D   4118
     508    3870       0       0       0       0       0       000010000D   4119
     508       0       0      10       1                               0D   4120
     510    3880       0       0       0       0       0       000010000D   4121
     510       0   -2717       1       1                               0D   4122
     116    3881       0       0       0       0       0       000010000D   4123
     116       0       0       1       0                               0D   4124
     123    3882       0       0       0       0       0       000010200D   4125
     123       0       0       1       0                               0D   4126
     190    3883       0       0       0       0       0       000010000D   4127
     190       0       0       1       1                               0D   4128
     123    3884       0       0       0       0       0       000010200D   4129
     123       0       0       1       0                               0D   4130
     508    3885       0       0       0       0       0       000010000D   4131
     508       0       0      10       1                               0D   4132
     510    3895       0       0       0       0       0       000010000D   4133
     510       0   -2717       1       1                               0D   4134
     514    3896       0       0       0       0       0       000010000D   4135
     514       0       0       5       1                               0D   4136
     186    3901       0       0       1       0       0       000010000D   4137
     186       0       0       1       0                  Solid1       0D   4138
     406    3902       0       0       2       0       0       000000000D   4139
     406       0       0       1       3                               0D   4140
     110    3903       0       0       2       0       0       000010000D   4141
     110       0       0       1       0                               0D   4142
     110    3904       0       0       2       0       0       000010000D   4143
     110       0       0       1       0                               0D   4144
     110    3905       0       0       2       0       0       000010000D   4145
     110       0       0       1       0                               0D   4146
     110    3906       0       0       2       0       0       000010000D   4147
     110       0       0       1       0                               0D   4148
     110    3907       0       0       2       0       0       000010000D   4149
     110       0       0       1       0                               0D   4150
     110    3908       0       0       2       0       0       000010000D   4151
     110       0       0       1       0                               0D   4152
     110    3909       0       0       2       0       0       000010000D   4153
     110       0       0       1       0                               0D   4154
     110    3910       0       0       2       0       0       000010000D   4155
     110       0       0       1       0                               0D   4156
     110    3911       0       0       2       0       0       000010000D   4157
     110       0       0       1       0                               0D   4158
     110    3912       0       0       2       0       0       000010000D   4159
     110       0       0       1       0                               0D   4160
     110    3913       0       0       2       0       0       000010000D   4161
     110       0       0       1       0                               0D   4162
     110    3914       0       0       2       0       0       000010000D   4163
     110       0       0       1       0                               0D   4164
     110    3915       0       0       2       0       0       000010000D   4165
     110       0       0       1       0                               0D   4166
     110    3916       0       0       2       0       0       000010000D   4167
     110       0       0       1       0                               0D   4168
     110    3917       0       0       2       0       0       000010000D   4169
     110       0       0       1       0                               0D   4170
     110    3918       0       0       2       0       0       000010000D   4171
     110       0       0       1       0                               0D   4172
     110    3919       0       0       2       0       0       000010000D   4173
     110       0       0       1       0                               0D   4174
     110    3920       0       0       2       0       0       000010000D   4175
     110       0       0       1       0                               0D   4176
     110    3921       0       0       2       0       0       000010000D   4177
     110       0       0       1       0                               0D   4178
     110    3922       0       0       2       0       0       000010000D   4179
     110       0       0       1       0                               0D   4180
     110    3923       0       0       2       0       0       000010000D   4181
     110       0       0       1       0                               0D   4182
     110    3924       0       0       2       0       0       000010000D   4183
     110       0       0       1       0                               0D   4184
     110    3925       0       0       2       0       0       000010000D   4185
     110       0       0       1       0                               0D   4186
     110    3926       0       0       2       0       0       000010000D   4187
     110       0       0       1       0                               0D   4188
     110    3927       0       0       2       0       0       000010000D   4189
     110       0       0       1       0                               0D   4190
     110    3928       0       0       2       0       0       000010000D   4191
     110       0       0       1       0                               0D   4192
     110    3929       0       0       2       0       0       000010000D   4193
     110       0       0       1       0                               0D   4194
     110    3930       0       0       2       0       0       000010000D   4195
     110       0       0       1       0                               0D   4196
     110    3931       0       0       2       0       0       000010000D   4197
     110       0       0       1       0                               0D   4198
     110    3932       0       0       2       0       0       000010000D   4199
     110       0       0       1       0                               0D   4200
     110    3933       0       0       2       0       0       000010000D   4201
     110       0       0       1       0                               0D   4202
     110    3934       0       0       2       0       0       000010000D   4203
     110       0       0       1       0                               0D   4204
     110    3935       0       0       2       0       0       000010000D   4205
     110       0       0       1       0                               0D   4206
     110    3936       0       0       2       0       0       000010000D   4207
     110       0       0       1       0                               0D   4208
     110    3937       0       0       2       0       0       000010000D   4209
     110       0       0       1       0                               0D   4210
     110    3938       0       0       2       0       0       000010000D   4211
     110       0       0       1       0                               0D   4212
     110    3939       0       0       2       0       0       000010000D   4213
     110       0       0       1       0                               0D   4214
     110    3940       0       0       2       0       0       000010000D   4215
     110       0       0       1       0                               0D   4216
     110    3941       0       0       2       0       0       000010000D   4217
     110       0       0       1       0                               0D   4218
     110    3942       0       0       2       0       0       000010000D   4219
     110       0       0       1       0                               0D   4220
     110    3943       0       0       2       0       0       000010000D   4221
     110       0       0       1       0                               0D   4222
     110    3944       0       0       2       0       0       000010000D   4223
     110       0       0       1       0                               0D   4224
     110    3945       0       0       2       0       0       000010000D   4225
     110       0       0       1       0                               0D   4226
     110    3946       0       0       2       0       0       000010000D   4227
     110       0       0       1       0                               0D   4228
     110    3947       0       0       2       0       0       000010000D   4229
     110       0       0       1       0                               0D   4230
     110    3948       0       0       2       0       0       000010000D   4231
     110       0       0       1       0                               0D   4232
     110    3949       0       0       2       0       0       000010000D   4233
     110       0       0       1       0                               0D   4234
     110    3950       0       0       2       0       0       000010000D   4235
     110       0   -4237       1       0                               0D   4236
     314    3951       0       0       0       0       0       000000000D   4237
     314       0       1       1       0                               0D   4238
     408    3952       0       0       0       0    4241       000000001D   4239
     408       0       0       1       0                               0D   4240
     124    3953       0       0       0       0       0       000000000D   4241
     124       0       0       3       0                               0D   4242
308,0,5Hcapo1,7,2715,2721,2723,2725,2727,2729,2733;                    1P      1
406,2,0,5Hcapo1;                                                       3P      2
116,57.4541929903937D0,4.75113267685557D0,0.0D0,0;                     5P      3
123,0.0D0,0.0D0,1.0D0;                                                 7P      4
192,5,7,.1D0,11;                                                       9P      5
123,.889114213765843D0,-.457685388536216D0,0.0D0;                     11P      6
504,421,17,15,1,15,2,21,15,2,15,3,23,15,3,15,4,27,15,4,15,1,41,       13P      7
15,2,15,5,43,15,6,15,5,45,15,6,15,3,59,15,7,15,1,61,15,8,15,7,        13P      8
63,15,9,15,8,67,15,10,15,9,69,15,11,15,10,73,15,12,15,11,75,15,       13P      9
13,15,12,79,15,14,15,13,81,15,15,15,14,83,15,16,15,15,85,15,17,       13P     10
15,16,89,15,18,15,17,91,15,19,15,18,93,15,20,15,19,95,15,21,15,       13P     11
20,99,15,22,15,21,101,15,23,15,22,103,15,24,15,23,105,15,25,15,       13P     12
24,109,15,26,15,25,111,15,27,15,26,113,15,28,15,27,115,15,29,15,      13P     13
28,119,15,30,15,29,121,15,31,15,30,123,15,32,15,31,125,15,33,15,      13P     14
32,129,15,34,15,33,131,15,35,15,34,133,15,36,15,35,135,15,37,15,      13P     15
36,139,15,38,15,37,141,15,39,15,38,143,15,40,15,39,145,15,41,15,      13P     16
40,149,15,42,15,41,151,15,43,15,42,153,15,44,15,43,155,15,45,15,      13P     17
44,159,15,46,15,45,161,15,47,15,46,163,15,48,15,47,165,15,49,15,      13P     18
48,169,15,50,15,49,171,15,51,15,50,173,15,52,15,51,175,15,53,15,      13P     19
52,179,15,54,15,53,181,15,55,15,54,183,15,56,15,55,185,15,57,15,      13P     20
56,189,15,58,15,57,191,15,59,15,58,193,15,60,15,59,195,15,61,15,      13P     21
60,199,15,62,15,61,201,15,63,15,62,203,15,64,15,63,205,15,65,15,      13P     22
64,209,15,66,15,65,211,15,67,15,66,213,15,68,15,67,215,15,69,15,      13P     23
68,219,15,70,15,69,221,15,71,15,70,223,15,72,15,71,225,15,73,15,      13P     24
72,229,15,74,15,73,231,15,75,15,74,233,15,76,15,75,235,15,77,15,      13P     25
76,239,15,78,15,77,241,15,79,15,78,243,15,80,15,79,245,15,81,15,      13P     26
80,249,15,82,15,81,251,15,83,15,82,253,15,84,15,83,255,15,85,15,      13P     27
84,259,15,86,15,85,261,15,87,15,86,263,15,88,15,87,265,15,89,15,      13P     28
88,269,15,90,15,89,271,15,91,15,90,273,15,92,15,91,275,15,93,15,      13P     29
92,279,15,94,15,93,281,15,95,15,94,283,15,96,15,95,285,15,97,15,      13P     30
96,289,15,98,15,97,291,15,99,15,98,293,15,100,15,99,295,15,101,       13P     31
15,100,299,15,102,15,101,301,15,103,15,102,303,15,104,15,103,         13P     32
305,15,105,15,104,309,15,106,15,105,311,15,107,15,106,313,15,         13P     33
108,15,107,315,15,109,15,108,319,15,110,15,109,321,15,111,15,         13P     34
110,323,15,112,15,111,325,15,113,15,112,329,15,114,15,113,331,        13P     35
15,115,15,114,333,15,116,15,115,335,15,117,15,116,339,15,118,15,      13P     36
117,341,15,119,15,118,343,15,120,15,119,345,15,121,15,120,349,        13P     37
15,122,15,121,351,15,123,15,122,353,15,124,15,123,355,15,125,15,      13P     38
124,359,15,126,15,125,361,15,5,15,126,375,15,124,15,127,377,15,       13P     39
127,15,128,381,15,128,15,125,395,15,129,15,123,397,15,129,15,         13P     40
127,411,15,120,15,130,413,15,130,15,131,417,15,131,15,121,431,        13P     41
15,132,15,119,433,15,132,15,130,447,15,116,15,133,449,15,133,15,      13P     42
134,453,15,134,15,117,467,15,135,15,115,469,15,135,15,133,483,        13P     43
15,112,15,136,485,15,136,15,137,489,15,137,15,113,503,15,138,15,      13P     44
111,505,15,138,15,136,519,15,108,15,139,521,15,139,15,140,525,        13P     45
15,140,15,109,539,15,141,15,107,541,15,141,15,139,555,15,104,15,      13P     46
142,557,15,142,15,143,561,15,143,15,105,575,15,144,15,103,577,        13P     47
15,144,15,142,591,15,100,15,145,593,15,145,15,146,597,15,146,15,      13P     48
101,611,15,147,15,99,613,15,147,15,145,627,15,96,15,148,629,15,       13P     49
148,15,149,633,15,149,15,97,647,15,150,15,95,649,15,150,15,148,       13P     50
663,15,92,15,151,665,15,151,15,152,669,15,152,15,93,683,15,153,       13P     51
15,91,685,15,153,15,151,699,15,88,15,154,701,15,154,15,155,705,       13P     52
15,155,15,89,719,15,156,15,87,721,15,156,15,154,735,15,84,15,         13P     53
157,737,15,157,15,158,741,15,158,15,85,755,15,159,15,83,757,15,       13P     54
159,15,157,771,15,80,15,160,773,15,160,15,161,777,15,161,15,81,       13P     55
791,15,162,15,79,793,15,162,15,160,807,15,76,15,163,809,15,163,       13P     56
15,164,813,15,164,15,77,827,15,165,15,75,829,15,165,15,163,843,       13P     57
15,72,15,166,845,15,166,15,167,849,15,167,15,73,863,15,168,15,        13P     58
71,865,15,168,15,166,879,15,68,15,169,881,15,169,15,170,885,15,       13P     59
170,15,69,899,15,171,15,67,901,15,171,15,169,915,15,64,15,172,        13P     60
917,15,172,15,173,921,15,173,15,65,935,15,174,15,63,937,15,174,       13P     61
15,172,951,15,60,15,175,953,15,175,15,176,957,15,176,15,61,971,       13P     62
15,177,15,59,973,15,177,15,175,987,15,56,15,178,989,15,178,15,        13P     63
179,993,15,179,15,57,1007,15,180,15,55,1009,15,180,15,178,1023,       13P     64
15,52,15,181,1025,15,181,15,182,1029,15,182,15,53,1043,15,183,        13P     65
15,51,1045,15,183,15,181,1059,15,48,15,184,1061,15,184,15,185,        13P     66
1065,15,185,15,49,1079,15,186,15,47,1081,15,186,15,184,1095,15,       13P     67
44,15,187,1097,15,187,15,188,1101,15,188,15,45,1115,15,189,15,        13P     68
43,1117,15,189,15,187,1131,15,40,15,190,1133,15,190,15,191,1137,      13P     69
15,191,15,41,1151,15,192,15,39,1153,15,192,15,190,1167,15,36,15,      13P     70
193,1169,15,193,15,194,1173,15,194,15,37,1187,15,195,15,35,1189,      13P     71
15,195,15,193,1203,15,32,15,196,1205,15,196,15,197,1209,15,197,       13P     72
15,33,1223,15,198,15,31,1225,15,198,15,196,1239,15,28,15,199,         13P     73
1241,15,199,15,200,1245,15,200,15,29,1259,15,201,15,27,1261,15,       13P     74
201,15,199,1275,15,24,15,202,1277,15,202,15,203,1281,15,203,15,       13P     75
25,1295,15,204,15,23,1297,15,204,15,202,1311,15,20,15,205,1313,       13P     76
15,205,15,206,1317,15,206,15,21,1331,15,207,15,19,1333,15,207,        13P     77
15,205,1347,15,16,15,208,1349,15,208,15,209,1353,15,209,15,17,        13P     78
1367,15,210,15,15,1369,15,210,15,208,1383,15,4,15,211,1385,15,        13P     79
211,15,7,1399,15,128,15,212,1401,15,126,15,212,1415,15,122,15,        13P     80
213,1417,15,213,15,129,1433,15,212,15,6,1447,15,131,15,213,1461,      13P     81
15,118,15,214,1463,15,214,15,132,1477,15,134,15,214,1491,15,114,      13P     82
15,215,1493,15,215,15,135,1507,15,137,15,215,1521,15,110,15,216,      13P     83
1523,15,216,15,138,1537,15,140,15,216,1551,15,106,15,217,1553,        13P     84
15,217,15,141,1567,15,143,15,217,1581,15,102,15,218,1583,15,218,      13P     85
15,144,1597,15,146,15,218,1611,15,98,15,219,1613,15,219,15,147,       13P     86
1627,15,149,15,219,1641,15,94,15,220,1643,15,220,15,150,1657,15,      13P     87
152,15,220,1671,15,90,15,221,1673,15,221,15,153,1687,15,155,15,       13P     88
221,1701,15,86,15,222,1703,15,222,15,156,1717,15,158,15,222,          13P     89
1731,15,82,15,223,1733,15,223,15,159,1747,15,161,15,223,1761,15,      13P     90
78,15,224,1763,15,224,15,162,1777,15,164,15,224,1791,15,74,15,        13P     91
225,1793,15,225,15,165,1807,15,167,15,225,1821,15,70,15,226,          13P     92
1823,15,226,15,168,1837,15,170,15,226,1851,15,66,15,227,1853,15,      13P     93
227,15,171,1867,15,173,15,227,1881,15,62,15,228,1883,15,228,15,       13P     94
174,1897,15,176,15,228,1911,15,58,15,229,1913,15,229,15,177,          13P     95
1927,15,179,15,229,1941,15,54,15,230,1943,15,230,15,180,1957,15,      13P     96
182,15,230,1971,15,50,15,231,1973,15,231,15,183,1987,15,185,15,       13P     97
231,2001,15,46,15,232,2003,15,232,15,186,2017,15,188,15,232,          13P     98
2031,15,42,15,233,2033,15,233,15,189,2047,15,191,15,233,2061,15,      13P     99
38,15,234,2063,15,234,15,192,2077,15,194,15,234,2091,15,34,15,        13P    100
235,2093,15,235,15,195,2107,15,197,15,235,2121,15,30,15,236,          13P    101
2123,15,236,15,198,2137,15,200,15,236,2151,15,26,15,237,2153,15,      13P    102
237,15,201,2167,15,203,15,237,2181,15,22,15,238,2183,15,238,15,       13P    103
204,2197,15,206,15,238,2211,15,18,15,239,2213,15,239,15,207,          13P    104
2227,15,209,15,239,2241,15,12,15,240,2243,15,240,15,241,2247,15,      13P    105
241,15,13,2261,15,242,15,210,2263,15,241,15,242,2265,15,243,15,       13P    106
240,2267,15,244,15,243,2269,15,245,15,244,2271,15,246,15,245,         13P    107
2275,15,211,15,246,2289,15,243,15,11,2303,15,14,15,242,2329,15,       13P    108
10,15,244,2343,15,245,15,9,2357,15,8,15,246,2371,15,247,15,248,       13P    109
2377,15,248,15,249,2379,15,249,15,250,2385,15,250,15,247,2399,        13P    110
15,251,15,248,2401,15,252,15,251,2403,15,252,15,249,2417,15,253,      13P    111
15,252,2423,15,251,15,254,2429,15,254,15,253,2443,15,255,15,250,      13P    112
2445,15,253,15,256,2447,15,255,15,256,2453,15,257,15,257,2469,        13P    113
15,247,15,258,2471,15,259,15,258,2475,15,259,15,254,2479,15,260,      13P    114
15,260,2495,15,255,15,261,2497,15,261,15,262,2499,15,263,15,262,      13P    115
2501,15,263,15,264,2503,15,264,15,265,2505,15,265,15,258,2519,        13P    116
15,266,15,256,2521,15,266,15,261,2535,15,267,15,267,2553,15,268,      13P    117
15,268,2569,15,269,15,266,2571,15,270,15,269,2573,15,271,15,270,      13P    118
2577,15,272,15,271,2579,15,273,15,272,2583,15,262,15,273,2593,        13P    119
15,274,15,275,2595,15,276,15,275,2597,15,276,15,270,2599,15,277,      13P    120
15,269,2601,15,277,15,274,2615,15,275,15,278,2619,15,279,15,278,      13P    121
2621,15,279,15,271,2631,15,278,15,280,2633,15,281,15,280,2635,        13P    122
15,281,15,272,2647,15,280,15,282,2651,15,283,15,282,2653,15,283,      13P    123
15,273,2661,15,282,15,264,2675,15,265,15,284,2679,15,259,15,284,      13P    124
2693,15,284,15,274;                                                   13P    125
502,284,57.5355799072698D0,4.80923749387966D0,4.5D0,                  15P    126
57.4541929903937D0,4.65113267685557D0,4.5D0,57.4541929903937D0,       15P    127
4.65113267685557D0,-4.5D0,57.5355799072698D0,4.80923749387966D0,      15P    128
-4.5D0,57.3418607336933D0,4.65113267685557D0,4.5D0,                   15P    129
57.3418607336933D0,4.65113267685557D0,-4.5D0,57.3677547973325D0,      15P    130
5.04430868025874D0,4.5D0,56.9551590767663D0,5.04430868025874D0,       15P    131
4.5D0,48.2547319038827D0,-21.6791297690481D0,4.5D0,                   15P    132
48.6049878432023D0,-21.8957386851388D0,4.5D0,48.7421219054286D0,      15P    133
-21.6791297690481D0,4.5D0,49.0739997829488D0,                         15P    134
-21.6791297690481D0,4.5D0,49.1553866998249D0,-21.521024952024D0,      15P    135
4.5D0,48.9875615898876D0,-21.2859537656449D0,4.5D0,                   15P    136
49.2506856666287D0,-20.8563435819992D0,4.5D0,49.5733732202581D0,      15P    137
-20.8563435819992D0,4.5D0,49.6547601371342D0,                         15P    138
-20.6982387649752D0,4.5D0,49.4869350271969D0,                         15P    139
-20.4631675785961D0,4.5D0,49.7450414139482D0,-20.025209379036D0,      15P    140
4.5D0,50.0587255419309D0,-20.025209379036D0,4.5D0,                    15P    141
50.140112458807D0,-19.8671045620119D0,4.5D0,49.9722873488697D0,       15P    142
-19.6320333756329D0,4.5D0,50.225060365887D0,-19.1859660710092D0,      15P    143
4.5D0,50.529917232669D0,-19.1859660710092D0,4.5D0,                    15P    144
50.6113041495451D0,-19.0278612539851D0,4.5D0,50.4434790396078D0,      15P    145
-18.792790067606D0,4.5D0,50.690617189951D0,-18.3388548997448D0,       15P    146
4.5D0,50.9868128476704D0,-18.3388548997448D0,4.5D0,                   15P    147
51.0681997645465D0,-18.1807500827207D0,4.5D0,50.9003746546092D0,      15P    148
-17.9456788963416D0,4.5D0,51.1415900925632D0,                         15P    149
-17.4841193686985D0,4.5D0,51.4292810515624D0,                         15P    150
-17.4841193686985D0,4.5D0,51.5106679684385D0,                         15P    151
-17.3260145516744D0,4.5D0,51.3428428585012D0,                         15P    152
-17.0909433652953D0,4.5D0,51.5778609031757D0,                         15P    153
-16.6220051729605D0,4.5D0,51.8571946561551D0,                         15P    154
-16.6220051729605D0,4.5D0,51.9385815730312D0,                         15P    155
-16.4639003559364D0,4.5D0,51.7707564630939D0,                         15P    156
-16.2288291695573D0,4.5D0,51.9993151530751D0,                         15P    157
-15.7527601286298D0,4.5D0,52.270430657001D0,-15.7527601286298D0,      15P    158
4.5D0,52.3518175738771D0,-15.5946553116057D0,4.5D0,                   15P    159
52.1839924639397D0,-15.3595841252266D0,4.5D0,52.4058421493079D0,      15P    160
-14.8766341015794D0,4.5D0,52.6688702687532D0,                         15P    161
-14.8766341015794D0,4.5D0,52.7502571856293D0,                         15P    162
-14.7185292845553D0,4.5D0,52.582432075692D0,-14.4834580981762D0,      15P    163
4.5D0,52.7973350441067D0,-13.9938789356314D0,4.5D0,                   15P    164
53.0523989593107D0,-13.9938789356314D0,4.5D0,53.1337858761868D0,      15P    165
-13.8357741186074D0,4.5D0,52.9659607662495D0,                         15P    166
-13.6007029322283D0,4.5D0,53.173690900149D0,-13.1047483801649D0,      15P    167
4.5D0,53.4209064827403D0,-13.1047483801649D0,4.5D0,                   15P    168
53.5022933996164D0,-12.9466435631408D0,4.5D0,53.3344682896791D0,      15P    169
-12.7115723767617D0,4.5D0,53.5348107519442D0,                         15P    170
-12.2094980171744D0,4.5D0,53.7742869109672D0,                         15P    171
-12.2094980171744D0,4.5D0,53.8556738278433D0,                         15P    172
-12.0513932001503D0,4.5D0,53.687848717906D0,-11.8163220137712D0,      15P    173
4.5D0,53.8805996636103D0,-11.3083851878031D0,4.5D0,                   15P    174
54.1124386642244D0,-11.3083851878031D0,4.5D0,54.1938255811005D0,      15P    175
-11.150280370779D0,4.5D0,54.0260004711632D0,-10.9152091843999D0,      15P    176
4.5D0,54.2109667832717D0,-10.4016689183694D0,4.5D0,                   15P    177
54.4352645402518D0,-10.4016689183694D0,4.5D0,54.5166514571278D0,      15P    178
-10.2435641013454D0,4.5D0,54.3488263471905D0,                         15P    179
-10.0084929149663D0,4.5D0,54.5258253942841D0,                         15P    180
-9.48960984590965D0,4.5D0,54.7426717422368D0,                         15P    181
-9.48960984590965D0,4.5D0,54.8240586591129D0,                         15P    182
-9.33150502888556D0,4.5D0,54.6562335491755D0,                         15P    183
-9.09643384250648D0,4.5D0,54.8250929634715D0,                         15P    184
-8.57247014325715D0,4.5D0,55.0345719054895D0,                         15P    185
-8.57247014325715D0,4.5D0,55.1159588223656D0,                         15P    186
-8.41436532623306D0,4.5D0,54.9481337124283D0,                         15P    187
-8.17929413985398D0,4.5D0,55.1086911865394D0,                         15P    188
-7.65051344368066D0,4.5D0,55.310881122843D0,-7.65051344368066D0,      15P    189
4.5D0,55.3922680397191D0,-7.49240862665658D0,4.5D0,                   15P    190
55.2244429297817D0,-7.2573374402775D0,4.5D0,55.3765460308101D0,       15P    191
-6.7240047651023D0,4.5D0,55.5715199687724D0,-6.7240047651023D0,       15P    192
4.5D0,55.6529068856485D0,-6.56589994807821D0,4.5D0,                   15P    193
55.4850817757112D0,-6.33082876169913D0,4.5D0,55.6285877754155D0,      15P    194
-5.79321043391783D0,4.5D0,55.8164135222265D0,                         15P    195
-5.79321043391783D0,4.5D0,55.8978004391026D0,                         15P    196
-5.63510561689374D0,4.5D0,55.7299753291652D0,                         15P    197
-5.40003443051466D0,4.5D0,55.8647510490632D0,                         15P    198
-4.85839800844066D0,4.5D0,56.0454913881629D0,                         15P    199
-4.85839800844066D0,4.5D0,56.126878305039D0,-4.70029319141657D0,      15P    200
4.5D0,55.9590531951016D0,-4.46522200503749D0,4.5D0,                   15P    201
56.0849748654865D0,-3.91983620199184D0,4.5D0,56.2586877177841D0,      15P    202
-3.91983620199184D0,4.5D0,56.3400746346602D0,                         15P    203
-3.76173138496775D0,4.5D0,56.1722495247229D0,                         15P    204
-3.52666019858867D0,4.5D0,56.2892026566739D0,                         15P    205
-2.97779480565791D0,4.5D0,56.4559412274657D0,                         15P    206
-2.97779480565791D0,4.5D0,56.5373281443418D0,                         15P    207
-2.81968998863382D0,4.5D0,56.3695030344045D0,                         15P    208
-2.58461880225475D0,4.5D0,56.4773823039688D0,                         15P    209
-2.03254461073909D0,4.5D0,56.6371952163719D0,                         15P    210
-2.03254461073909D0,4.5D0,56.718582133248D0,-1.874439793715D0,        15P    211
4.5D0,56.5507570233107D0,-1.63936860733592D0,4.5D0,                   15P    212
56.6494661671188D0,-1.08435733090988D0,4.5D0,56.8023975827549D0,      15P    213
-1.08435733090988D0,4.5D0,56.883784499631D0,-.926252513885788D0,      15P    214
4.5D0,56.7159593896937D0,-.691181327506709D0,4.5D0,                   15P    215
56.8054111113508D0,-.133505524114463D0,4.5D0,56.9515008389312D0,      15P    216
-.133505524114463D0,4.5D0,57.0328877558073D0,                         15P    217
2.45992929096235D-2,4.5D0,56.86506264587D0,.259670479288703D0,        15P    218
4.5D0,56.9451785325386D0,.819737485780383D0,4.5D0,                    15P    219
57.0844621249324D0,.819737485780383D0,4.5D0,57.1658490418085D0,       15P    220
.97784230280447D0,4.5D0,56.9980239318712D0,1.21291348918355D0,        15P    221
4.5D0,57.0687343805287D0,1.7750976875528D0,4.5D0,                     15P    222
57.2012432208249D0,1.7750976875528D0,4.5D0,57.282630137701D0,         15P    223
1.93320250457688D0,4.5D0,57.1148050277637D0,2.16827369095596D0,       15P    224
4.5D0,57.1760491806816D0,2.73230046139071D0,4.5D0,                    15P    225
57.3018105576966D0,2.73230046139071D0,4.5D0,57.3831974745727D0,       15P    226
2.8904052784148D0,4.5D0,57.2153723646354D0,3.12547646479388D0,        15P    227
4.5D0,57.2670980536855D0,3.69107065783179D0,4.5D0,                    15P    228
57.3861352273065D0,3.69107065783179D0,4.5D0,57.4675221441825D0,       15P    229
3.84917547485588D0,4.5D0,57.2996970342452D0,4.08424666123496D0,       15P    230
4.5D0,57.3861352273065D0,3.69107065783179D0,-4.5D0,                   15P    231
57.4675221441825D0,3.84917547485588D0,-4.5D0,57.2670980536855D0,      15P    232
3.69107065783179D0,-4.5D0,57.3018105576966D0,2.73230046139071D0,      15P    233
-4.5D0,57.3831974745727D0,2.8904052784148D0,-4.5D0,                   15P    234
57.1760491806816D0,2.73230046139071D0,-4.5D0,57.2012432208249D0,      15P    235
1.7750976875528D0,-4.5D0,57.282630137701D0,1.93320250457688D0,        15P    236
-4.5D0,57.0687343805287D0,1.7750976875528D0,-4.5D0,                   15P    237
57.0844621249324D0,.819737485780383D0,-4.5D0,57.1658490418085D0,      15P    238
.97784230280447D0,-4.5D0,56.9451785325386D0,.819737485780383D0,       15P    239
-4.5D0,56.9515008389312D0,-.133505524114463D0,-4.5D0,                 15P    240
57.0328877558073D0,2.45992929096235D-2,-4.5D0,                        15P    241
56.8054111113508D0,-.133505524114463D0,-4.5D0,                        15P    242
56.8023975827549D0,-1.08435733090988D0,-4.5D0,56.883784499631D0,      15P    243
-.926252513885788D0,-4.5D0,56.6494661671188D0,                        15P    244
-1.08435733090988D0,-4.5D0,56.6371952163719D0,                        15P    245
-2.03254461073909D0,-4.5D0,56.718582133248D0,-1.874439793715D0,       15P    246
-4.5D0,56.4773823039688D0,-2.03254461073909D0,-4.5D0,                 15P    247
56.4559412274657D0,-2.97779480565791D0,-4.5D0,                        15P    248
56.5373281443418D0,-2.81968998863382D0,-4.5D0,                        15P    249
56.2892026566739D0,-2.97779480565791D0,-4.5D0,                        15P    250
56.2586877177841D0,-3.91983620199184D0,-4.5D0,                        15P    251
56.3400746346602D0,-3.76173138496775D0,-4.5D0,                        15P    252
56.0849748654865D0,-3.91983620199184D0,-4.5D0,                        15P    253
56.0454913881629D0,-4.85839800844066D0,-4.5D0,56.126878305039D0,      15P    254
-4.70029319141657D0,-4.5D0,55.8647510490632D0,                        15P    255
-4.85839800844066D0,-4.5D0,55.8164135222265D0,                        15P    256
-5.79321043391783D0,-4.5D0,55.8978004391026D0,                        15P    257
-5.63510561689374D0,-4.5D0,55.6285877754155D0,                        15P    258
-5.79321043391783D0,-4.5D0,55.5715199687724D0,                        15P    259
-6.7240047651023D0,-4.5D0,55.6529068856485D0,                         15P    260
-6.56589994807821D0,-4.5D0,55.3765460308101D0,                        15P    261
-6.7240047651023D0,-4.5D0,55.310881122843D0,-7.65051344368066D0,      15P    262
-4.5D0,55.3922680397191D0,-7.49240862665658D0,-4.5D0,                 15P    263
55.1086911865394D0,-7.65051344368066D0,-4.5D0,                        15P    264
55.0345719054895D0,-8.57247014325715D0,-4.5D0,                        15P    265
55.1159588223656D0,-8.41436532623306D0,-4.5D0,                        15P    266
54.8250929634715D0,-8.57247014325715D0,-4.5D0,                        15P    267
54.7426717422368D0,-9.48960984590965D0,-4.5D0,                        15P    268
54.8240586591129D0,-9.33150502888556D0,-4.5D0,                        15P    269
54.5258253942841D0,-9.48960984590965D0,-4.5D0,                        15P    270
54.4352645402518D0,-10.4016689183694D0,-4.5D0,                        15P    271
54.5166514571278D0,-10.2435641013454D0,-4.5D0,                        15P    272
54.2109667832717D0,-10.4016689183694D0,-4.5D0,                        15P    273
54.1124386642244D0,-11.3083851878031D0,-4.5D0,                        15P    274
54.1938255811005D0,-11.150280370779D0,-4.5D0,53.8805996636103D0,      15P    275
-11.3083851878031D0,-4.5D0,53.7742869109672D0,                        15P    276
-12.2094980171744D0,-4.5D0,53.8556738278433D0,                        15P    277
-12.0513932001503D0,-4.5D0,53.5348107519442D0,                        15P    278
-12.2094980171744D0,-4.5D0,53.4209064827403D0,                        15P    279
-13.1047483801649D0,-4.5D0,53.5022933996164D0,                        15P    280
-12.9466435631408D0,-4.5D0,53.173690900149D0,                         15P    281
-13.1047483801649D0,-4.5D0,53.0523989593107D0,                        15P    282
-13.9938789356314D0,-4.5D0,53.1337858761868D0,                        15P    283
-13.8357741186074D0,-4.5D0,52.7973350441067D0,                        15P    284
-13.9938789356314D0,-4.5D0,52.6688702687532D0,                        15P    285
-14.8766341015794D0,-4.5D0,52.7502571856293D0,                        15P    286
-14.7185292845553D0,-4.5D0,52.4058421493079D0,                        15P    287
-14.8766341015794D0,-4.5D0,52.270430657001D0,                         15P    288
-15.7527601286298D0,-4.5D0,52.3518175738771D0,                        15P    289
-15.5946553116057D0,-4.5D0,51.9993151530751D0,                        15P    290
-15.7527601286298D0,-4.5D0,51.8571946561551D0,                        15P    291
-16.6220051729605D0,-4.5D0,51.9385815730312D0,                        15P    292
-16.4639003559364D0,-4.5D0,51.5778609031757D0,                        15P    293
-16.6220051729605D0,-4.5D0,51.4292810515624D0,                        15P    294
-17.4841193686985D0,-4.5D0,51.5106679684385D0,                        15P    295
-17.3260145516744D0,-4.5D0,51.1415900925632D0,                        15P    296
-17.4841193686985D0,-4.5D0,50.9868128476704D0,                        15P    297
-18.3388548997448D0,-4.5D0,51.0681997645465D0,                        15P    298
-18.1807500827207D0,-4.5D0,50.690617189951D0,                         15P    299
-18.3388548997448D0,-4.5D0,50.529917232669D0,                         15P    300
-19.1859660710092D0,-4.5D0,50.6113041495451D0,                        15P    301
-19.0278612539851D0,-4.5D0,50.225060365887D0,                         15P    302
-19.1859660710092D0,-4.5D0,50.0587255419309D0,                        15P    303
-20.025209379036D0,-4.5D0,50.140112458807D0,-19.8671045620119D0,      15P    304
-4.5D0,49.7450414139482D0,-20.025209379036D0,-4.5D0,                  15P    305
49.5733732202581D0,-20.8563435819992D0,-4.5D0,                        15P    306
49.6547601371342D0,-20.6982387649752D0,-4.5D0,                        15P    307
49.2506856666287D0,-20.8563435819992D0,-4.5D0,                        15P    308
57.3677547973325D0,5.04430868025874D0,-4.5D0,57.2996970342452D0,      15P    309
4.08424666123496D0,-4.5D0,57.2153723646354D0,3.12547646479388D0,      15P    310
-4.5D0,57.1148050277637D0,2.16827369095596D0,-4.5D0,                  15P    311
56.9980239318712D0,1.21291348918355D0,-4.5D0,56.86506264587D0,        15P    312
.259670479288703D0,-4.5D0,56.7159593896937D0,                         15P    313
-.691181327506709D0,-4.5D0,56.5507570233107D0,                        15P    314
-1.63936860733592D0,-4.5D0,56.3695030344045D0,                        15P    315
-2.58461880225475D0,-4.5D0,56.1722495247229D0,                        15P    316
-3.52666019858867D0,-4.5D0,55.9590531951016D0,                        15P    317
-4.46522200503749D0,-4.5D0,55.7299753291652D0,                        15P    318
-5.40003443051466D0,-4.5D0,55.4850817757112D0,                        15P    319
-6.33082876169913D0,-4.5D0,55.2244429297817D0,                        15P    320
-7.2573374402775D0,-4.5D0,54.9481337124283D0,                         15P    321
-8.17929413985398D0,-4.5D0,54.6562335491755D0,                        15P    322
-9.09643384250648D0,-4.5D0,54.3488263471905D0,                        15P    323
-10.0084929149663D0,-4.5D0,54.0260004711632D0,                        15P    324
-10.9152091843999D0,-4.5D0,53.687848717906D0,                         15P    325
-11.8163220137712D0,-4.5D0,53.3344682896791D0,                        15P    326
-12.7115723767617D0,-4.5D0,52.9659607662495D0,                        15P    327
-13.6007029322283D0,-4.5D0,52.582432075692D0,                         15P    328
-14.4834580981762D0,-4.5D0,52.1839924639397D0,                        15P    329
-15.3595841252266D0,-4.5D0,51.7707564630939D0,                        15P    330
-16.2288291695573D0,-4.5D0,51.3428428585012D0,                        15P    331
-17.0909433652953D0,-4.5D0,50.9003746546092D0,                        15P    332
-17.9456788963416D0,-4.5D0,50.4434790396078D0,                        15P    333
-18.792790067606D0,-4.5D0,49.9722873488697D0,                         15P    334
-19.6320333756329D0,-4.5D0,49.4869350271969D0,                        15P    335
-20.4631675785961D0,-4.5D0,49.0739997829488D0,                        15P    336
-21.6791297690481D0,-4.5D0,49.1553866998249D0,                        15P    337
-21.521024952024D0,-4.5D0,48.9875615898876D0,                         15P    338
-21.2859537656449D0,-4.5D0,48.7421219054286D0,                        15P    339
-21.6791297690481D0,-4.5D0,48.6049878432023D0,                        15P    340
-21.8957386851388D0,-4.5D0,48.2547319038827D0,                        15P    341
-21.6791297690481D0,-4.5D0,56.9551590767663D0,                        15P    342
5.04430868025874D0,-4.5D0,-8.31722222512239D0,                        15P    343
5.60577621445083D0,2.0D0,-10.3172222251224D0,7.60577621445083D0,      15P    344
2.0D0,-10.3172222251224D0,7.60577621445083D0,-2.0D0,                  15P    345
-8.31722222512239D0,5.60577621445083D0,-2.0D0,                        15P    346
-10.3172222251224D0,9.60577621445083D0,2.0D0,                         15P    347
-10.3172222251224D0,9.60577621445083D0,-2.0D0,                        15P    348
-8.31722222512239D0,11.6057762144508D0,-2.0D0,                        15P    349
-8.31722222512239D0,11.6057762144508D0,2.0D0,                         15P    350
-15.9863836332545D0,5.60577621445083D0,-2.0D0,                        15P    351
-15.9863836332545D0,11.6057762144508D0,-2.0D0,                        15P    352
-13.9863836332545D0,8.60577621445083D0,-2.0D0,                        15P    353
-15.9863836332545D0,5.60577621445083D0,2.0D0,                         15P    354
-15.9863836332545D0,11.6057762144508D0,2.0D0,                         15P    355
-13.9863836332545D0,8.60577621445083D0,2.0D0,                         15P    356
-15.9863836332545D0,5.60577621445083D0,-5.0D0,                        15P    357
49.0136163667455D0,5.60577621445083D0,-5.0D0,49.0136163667455D0,      15P    358
5.60577621445083D0,0.0D0,49.0136163667455D0,5.60577621445083D0,       15P    359
5.0D0,-15.9863836332545D0,5.60577621445083D0,5.0D0,                   15P    360
-15.9863836332545D0,11.6057762144508D0,-5.0D0,                        15P    361
-13.9863836332545D0,8.60577621445083D0,5.0D0,                         15P    362
-13.9863836332545D0,8.60577621445083D0,-5.0D0,                        15P    363
49.0136163667455D0,11.6057762144508D0,-5.0D0,57.0593291368165D0,      15P    364
7.70649845751116D0,-5.0D0,46.679526247021D0,-24.022580834985D0,       15P    365
-5.0D0,46.0150170671584D0,-22.3613077901249D0,-5.0D0,                 15P    366
51.828697678931D0,3.42557574307308D0,-5.0D0,49.0136163667455D0,       15P    367
11.6057762144508D0,5.0D0,57.0593291368165D0,7.70649845751116D0,       15P    368
5.0D0,57.0593291368165D0,7.70649845751116D0,0.0D0,                    15P    369
49.0136163667455D0,11.6057762144508D0,0.0D0,46.679526247021D0,        15P    370
-24.022580834985D0,5.0D0,46.679526247021D0,-24.022580834985D0,        15P    371
0.0D0,46.0150170671584D0,-22.3613077901249D0,5.0D0,                   15P    372
46.0150170671584D0,-22.3613077901249D0,0.0D0,51.828697678931D0,       15P    373
3.42557574307308D0,5.0D0,51.828697678931D0,3.42557574307308D0,        15P    374
0.0D0,-15.9863836332545D0,11.6057762144508D0,5.0D0;                   15P    375
100,0.0D0,0.0D0,0.0D0,4.57685388536255D-2,-8.89114213765823D-2,       17P    376
4.57685388536217D-2,8.89114213765843D-2;                              17P    377
124,.889114213765843D0,-.457685388536216D0,0.0D0,                     19P    378
57.4541929903937D0,-.457685388536216D0,-.889114213765843D0,           19P    379
0.0D0,4.75113267685557D0,0.0D0,0.0D0,-1.0D0,4.5D0;                    19P    380
110,57.4541929903937D0,4.65113267685557D0,4.5D0,                      21P    381
57.4541929903937D0,4.65113267685557D0,-4.5D0;                         21P    382
100,0.0D0,0.0D0,0.0D0,4.57685388536216D-2,-8.89114213765843D-2,       23P    383
4.57685388536256D-2,8.89114213765823D-2;                              23P    384
124,.889114213765843D0,.457685388536216D0,0.0D0,                      25P    385
57.4541929903937D0,-.457685388536216D0,.889114213765843D0,0.0D0,      25P    386
4.75113267685557D0,0.0D0,0.0D0,1.0D0,-4.5D0;                          25P    387
110,57.5355799072698D0,4.80923749387966D0,-4.5D0,                     27P    388
57.5355799072698D0,4.80923749387966D0,4.5D0;                          27P    389
508,4,0,13,1,1,0,0,13,2,1,0,0,13,3,1,0,0,13,4,1,0;                    29P    390
510,9,1,1,29;                                                         31P    391
116,57.6484561755501D0,4.65113267685557D0,0.0D0,0;                    33P    392
123,0.0D0,-1.0D0,0.0D0;                                               35P    393
190,33,35,39;                                                         37P    394
123,0.0D0,0.0D0,-1.0D0;                                               39P    395
110,57.4541929903937D0,4.65113267685557D0,4.5D0,                      41P    396
57.3418607336933D0,4.65113267685557D0,4.5D0;                          41P    397
110,57.3418607336933D0,4.65113267685557D0,-4.5D0,                     43P    398
57.3418607336933D0,4.65113267685557D0,4.5D0;                          43P    399
110,57.3418607336933D0,4.65113267685557D0,-4.5D0,                     45P    400
57.4541929903937D0,4.65113267685557D0,-4.5D0;                         45P    401
508,4,0,13,2,0,0,0,13,5,1,0,0,13,6,0,0,0,13,7,1,0;                    47P    402
510,37,1,1,47;                                                        49P    403
116,53.8049577813664D0,-8.70014436085891D0,4.5D0,0;                   51P    404
123,0.0D0,0.0D0,1.0D0;                                                53P    405
190,51,53,57;                                                         55P    406
123,1.0D0,0.0D0,0.0D0;                                                57P    407
110,57.3677547973325D0,5.04430868025874D0,4.5D0,                      59P    408
57.5355799072698D0,4.80923749387966D0,4.5D0;                          59P    409
110,56.9551590767663D0,5.04430868025874D0,4.5D0,                      61P    410
57.3677547973325D0,5.04430868025874D0,4.5D0;                          61P    411
100,0.0D0,0.0D0,0.0D0,-56.2857106469325D0,-2.82277026285249D0,        63P    412
-47.9237601488247D0,-29.6540464049173D0;                              63P    413
124,-.815699059405341D0,-.578476485680483D0,0.0D0,                    65P    414
.709624449680319D0,.578476485680483D0,-.815699059405341D0,0.0D0,      65P    415
8.57829927169185D0,0.0D0,0.0D0,1.0D0,4.5D0;                           65P    416
110,48.6049878432023D0,-21.8957386851388D0,4.5D0,                     67P    417
48.2547319038827D0,-21.6791297690481D0,4.5D0;                         67P    418
100,0.0D0,0.0D0,0.0D0,56.7676589190838D0,-.256368559770189D0,         69P    419
56.7682378094642D0,-1.39042081453192D-14;                             69P    420
124,.843700020322579D0,-.536814936181622D0,0.0D0,                     71P    421
.709624449680319D0,-.536814936181622D0,-.843700020322579D0,           71P    422
0.0D0,8.57829927169185D0,0.0D0,0.0D0,-1.0D0,4.5D0;                    71P    423
110,49.0739997829488D0,-21.6791297690481D0,4.5D0,                     73P    424
48.7421219054286D0,-21.6791297690481D0,4.5D0;                         73P    425
100,0.0D0,0.0D0,0.0D0,.045768538853628D0,-.088911421376581D0,         75P    426
4.57685388536236D-2,8.89114213765833D-2;                              75P    427
124,.889114213765833D0,-.457685388536235D0,0.0D0,                     77P    428
49.0739997829488D0,-.457685388536235D0,-.889114213765833D0,           77P    429
0.0D0,-21.5791297690481D0,0.0D0,0.0D0,-1.0D0,4.5D0;                   77P    430
110,48.9875615898876D0,-21.2859537656449D0,4.5D0,                     79P    431
49.1553866998249D0,-21.521024952024D0,4.5D0;                          79P    432
100,0.0D0,0.0D0,0.0D0,56.755050260252D0,-1.2235579055173D0,           81P    433
56.7636736346748D0,-.719846850381021D0;                               81P    434
110,49.5733732202581D0,-20.8563435819992D0,4.5D0,                     83P    435
49.2506856666287D0,-20.8563435819992D0,4.5D0;                         83P    436
100,0.0D0,0.0D0,0.0D0,4.57685388536326D-2,-8.89114213765787D-2,       85P    437
4.57685388536159D-2,8.89114213765873D-2;                              85P    438
124,.889114213765872D0,-.457685388536159D0,0.0D0,                     87P    439
49.5733732202581D0,-.457685388536159D0,-.889114213765872D0,           87P    440
0.0D0,-20.7563435819992D0,0.0D0,0.0D0,-1.0D0,4.5D0;                   87P    441
110,49.4869350271969D0,-20.4631675785961D0,4.5D0,                     89P    442
49.6547601371342D0,-20.6982387649752D0,4.5D0;                         89P    443
100,0.0D0,0.0D0,0.0D0,56.72597296019D0,-2.19016339839651D0,           91P    444
56.7433110993895D0,-1.68210269299528D0;                               91P    445
110,50.0587255419309D0,-20.025209379036D0,4.5D0,                      93P    446
49.7450414139482D0,-20.025209379036D0,4.5D0;                          93P    447
100,0.0D0,0.0D0,0.0D0,4.57685388536201D-2,-8.89114213765851D-2,       95P    448
4.57685388536315D-2,8.89114213765792D-2;                              95P    449
124,.889114213765792D0,-.457685388536314D0,0.0D0,                     97P    450
50.0587255419309D0,-.457685388536314D0,-.889114213765792D0,           97P    451
0.0D0,-19.925209379036D0,0.0D0,0.0D0,-1.0D0,4.5D0;                    97P    452
110,49.9722873488697D0,-19.6320333756329D0,4.5D0,                     99P    453
50.140112458807D0,-19.8671045620119D0,4.5D0;                          99P    454
100,0.0D0,0.0D0,0.0D0,56.6804466168566D0,-3.15591433748531D0,        101P    455
56.7066376089264D0,-2.64387501251054D0;                              101P    456
110,50.529917232669D0,-19.1859660710092D0,4.5D0,                     103P    457
50.225060365887D0,-19.1859660710092D0,4.5D0;                         103P    458
100,0.0D0,0.0D0,0.0D0,4.57685388536169D-2,-8.89114213765867D-2,      105P    459
4.57685388536315D-2,8.89114213765792D-2;                             105P    460
124,.889114213765792D0,-.457685388536314D0,0.0D0,                    107P    461
50.529917232669D0,-.457685388536314D0,-.889114213765792D0,0.0D0,     107P    462
-19.0859660710092D0,0.0D0,0.0D0,-1.0D0,4.5D0;                        107P    463
110,50.4434790396078D0,-18.792790067606D0,4.5D0,                     109P    464
50.6113041495451D0,-19.0278612539851D0,4.5D0;                        109P    465
100,0.0D0,0.0D0,0.0D0,56.6184949894397D0,-4.12053990669545D0,        111P    466
56.6536637051387D0,-3.60488734594124D0;                              111P    467
110,50.9868128476704D0,-18.3388548997448D0,4.5D0,                    113P    468
50.690617189951D0,-18.3388548997448D0,4.5D0;                         113P    469
100,0.0D0,0.0D0,0.0D0,4.57685388536248D-2,-8.89114213765827D-2,      115P    470
4.57685388536236D-2,8.89114213765833D-2;                             115P    471
124,.889114213765833D0,-.457685388536235D0,0.0D0,                    117P    472
50.9868128476704D0,-.457685388536235D0,-.889114213765833D0,          117P    473
0.0D0,-18.2388548997448D0,0.0D0,0.0D0,-1.0D0,4.5D0;                  117P    474
110,50.9003746546092D0,-17.9456788963416D0,4.5D0,                    119P    475
51.0681997645465D0,-18.1807500827207D0,4.5D0;                        119P    476
100,0.0D0,0.0D0,0.0D0,56.5401460369877D0,-5.08376928154505D0,        121P    477
56.5844046154596D0,-4.56486344876111D0;                              121P    478
110,51.4292810515624D0,-17.4841193686985D0,4.5D0,                    123P    479
51.1415900925632D0,-17.4841193686985D0,4.5D0;                        123P    480
100,0.0D0,0.0D0,0.0D0,4.57685388536169D-2,-8.89114213765867D-2,      125P    481
4.57685388536315D-2,8.89114213765792D-2;                             125P    482
124,.889114213765792D0,-.457685388536314D0,0.0D0,                    127P    483
51.4292810515624D0,-.457685388536314D0,-.889114213765792D0,          127P    484
0.0D0,-17.3841193686985D0,0.0D0,0.0D0,-1.0D0,4.5D0;                  127P    485
110,51.3428428585012D0,-17.0909433652953D0,4.5D0,                    129P    486
51.5106679684386D0,-17.3260145516744D0,4.5D0;                        129P    487
100,0.0D0,0.0D0,0.0D0,56.4454319518013D0,-6.04533173336644D0,        131P    488
56.4988802485246D0,-5.52352737431005D0;                              131P    489
110,51.8571946561551D0,-16.6220051729605D0,4.5D0,                    133P    490
51.5778609031757D0,-16.6220051729605D0,4.5D0;                        133P    491
100,0.0D0,0.0D0,0.0D0,4.57685388536153D-2,-8.89114213765876D-2,      135P    492
4.57685388536315D-2,8.89114213765792D-2;                             135P    493
124,.889114213765792D0,-.457685388536314D0,0.0D0,                    137P    494
51.8571946561551D0,-.457685388536314D0,-.889114213765792D0,          137P    495
0.0D0,-16.5220051729605D0,0.0D0,0.0D0,-1.0D0,4.5D0;                  137P    496
110,51.7707564630939D0,-16.2288291695573D0,4.5D0,                    139P    497
51.9385815730312D0,-16.4639003559364D0,4.5D0;                        139P    498
100,0.0D0,0.0D0,0.0D0,56.3343891880079D0,-7.0049567311967D0,         141P    499
56.3971151884494D0,-6.48060355311527D0;                              141P    500
110,52.270430657001D0,-15.7527601286298D0,4.5D0,                     143P    501
51.9993151530751D0,-15.7527601286298D0,4.5D0;                        143P    502
100,0.0D0,0.0D0,0.0D0,4.57685388536248D-2,-8.89114213765827D-2,      145P    503
4.57685388536236D-2,8.89114213765833D-2;                             145P    504
124,.889114213765833D0,-.457685388536235D0,0.0D0,                    147P    505
52.270430657001D0,-.457685388536235D0,-.889114213765833D0,0.0D0,     147P    506
-15.6527601286298D0,0.0D0,0.0D0,-1.0D0,4.5D0;                        147P    507
110,52.1839924639397D0,-15.3595841252266D0,4.5D0,                    149P    508
52.3518175738771D0,-15.5946553116057D0,4.5D0;                        149P    509
100,0.0D0,0.0D0,0.0D0,56.2070584856931D0,-7.96237404156315D0,        151P    510
56.2791386877625D0,-7.43581687210433D0;                              151P    511
110,52.6688702687532D0,-14.8766341015794D0,4.5D0,                    153P    512
52.4058421493079D0,-14.8766341015794D0,4.5D0;                        153P    513
100,0.0D0,0.0D0,0.0D0,4.57685388536169D-2,-8.89114213765867D-2,      155P    514
4.57685388536315D-2,8.89114213765792D-2;                             155P    515
124,.889114213765792D0,-.457685388536314D0,0.0D0,                    157P    516
52.6688702687532D0,-.457685388536314D0,-.889114213765792D0,          157P    517
0.0D0,-14.7766341015794D0,0.0D0,0.0D0,-1.0D0,4.5D0;                  157P    518
110,52.582432075692D0,-14.4834580981762D0,4.5D0,                     159P    519
52.7502571856293D0,-14.7185292845553D0,4.5D0;                        159P    520
100,0.0D0,0.0D0,0.0D0,56.0634848909186D0,-8.91731382635027D0,        161P    521
56.1449846589971D0,-8.38889275368696D0;                              161P    522
110,53.0523989593107D0,-13.9938789356314D0,4.5D0,                    163P    523
52.7973350441067D0,-13.9938789356314D0,4.5D0;                        163P    524
100,0.0D0,0.0D0,0.0D0,4.57685388536232D-2,-8.89114213765835D-2,      165P    525
4.57685388536236D-2,8.89114213765833D-2;                             165P    526
124,.889114213765833D0,-.457685388536235D0,0.0D0,                    167P    527
53.0523989593107D0,-.457685388536235D0,-.889114213765833D0,          167P    528
0.0D0,-13.8938789356314D0,0.0D0,0.0D0,-1.0D0,4.5D0;                  167P    529
110,52.9659607662495D0,-13.6007029322283D0,4.5D0,                    169P    530
53.1337858761868D0,-13.8357741186074D0,4.5D0;                        169P    531
100,0.0D0,0.0D0,0.0D0,55.9037177719201D0,-9.8695067389097D0,         171P    532
55.9946916649424D0,-9.33955723468254D0;                              171P    533
110,53.4209064827403D0,-13.1047483801649D0,4.5D0,                    173P    534
53.173690900149D0,-13.1047483801649D0,4.5D0;                         173P    535
100,0.0D0,0.0D0,0.0D0,4.57685388536248D-2,-8.89114213765827D-2,      175P    536
4.57685388536236D-2,8.89114213765833D-2;                             175P    537
124,.889114213765833D0,-.457685388536235D0,0.0D0,                    177P    538
53.4209064827403D0,-.457685388536235D0,-.889114213765833D0,          177P    539
0.0D0,-13.0047483801649D0,0.0D0,0.0D0,-1.0D0,4.5D0;                  177P    540
110,53.3344682896791D0,-12.7115723767617D0,4.5D0,                    179P    541
53.5022933996164D0,-12.9466435631408D0,4.5D0;                        179P    542
100,0.0D0,0.0D0,0.0D0,55.7278108317433D0,-10.818684018554D0,         181P    543
55.828302907559D0,-10.2875370450714D0;                               181P    544
110,53.7742869109672D0,-12.2094980171744D0,4.5D0,                    183P    545
53.5348107519442D0,-12.2094980171744D0,4.5D0;                        183P    546
100,0.0D0,0.0D0,0.0D0,4.57685388536232D-2,-8.89114213765835D-2,      185P    547
4.57685388536236D-2,8.89114213765833D-2;                             185P    548
124,.889114213765833D0,-.457685388536235D0,0.0D0,                    187P    549
53.7742869109672D0,-.457685388536235D0,-.889114213765833D0,          187P    550
0.0D0,-12.1094980171744D0,0.0D0,0.0D0,-1.0D0,4.5D0;                  187P    551
110,53.687848717906D0,-11.8163220137712D0,4.5D0,                     189P    552
53.8556738278433D0,-12.0513932001503D0,4.5D0;                        189P    553
100,0.0D0,0.0D0,0.0D0,55.535822117552D0,-11.7645775835558D0,         191P    554
55.6458662155604D0,-11.2325596865468D0;                              191P    555
110,54.1124386642244D0,-11.3083851878031D0,4.5D0,                    193P    556
53.8805996636103D0,-11.3083851878031D0,4.5D0;                        193P    557
100,0.0D0,0.0D0,0.0D0,4.57685388536153D-2,-8.89114213765876D-2,      195P    558
4.57685388536315D-2,8.89114213765792D-2;                             195P    559
124,.889114213765792D0,-.457685388536314D0,0.0D0,                    197P    560
54.1124386642244D0,-.457685388536314D0,-.889114213765792D0,          197P    561
0.0D0,-11.2083851878031D0,0.0D0,0.0D0,-1.0D0,4.5D0;                  197P    562
110,54.0260004711632D0,-10.9152091843999D0,4.5D0,                    199P    563
54.1938255811005D0,-11.150280370779D0,4.5D0;                         199P    564
100,0.0D0,0.0D0,0.0D0,55.3278140268133D0,-12.7069201227613D0,        201P    565
55.4474340306642D0,-12.1743535108447D0;                              201P    566
110,54.4352645402518D0,-10.4016689183694D0,4.5D0,                    203P    567
54.2109667832717D0,-10.4016689183694D0,4.5D0;                        203P    568
100,0.0D0,0.0D0,0.0D0,4.57685388536248D-2,-8.89114213765827D-2,      205P    569
4.57685388536236D-2,8.89114213765833D-2;                             205P    570
124,.889114213765833D0,-.457685388536235D0,0.0D0,                    207P    571
54.4352645402518D0,-.457685388536235D0,-.889114213765833D0,          207P    572
0.0D0,-10.3016689183694D0,0.0D0,0.0D0,-1.0D0,4.5D0;                  207P    573
110,54.3488263471905D0,-10.0084929149663D0,4.5D0,                    209P    574
54.5166514571278D0,-10.2435641013454D0,4.5D0;                        209P    575
100,0.0D0,0.0D0,0.0D0,55.1038533105468D0,-13.6454451859079D0,        211P    576
55.2330633925183D0,-13.1126477978301D0;                              211P    577
110,54.7426717422368D0,-9.48960984590965D0,4.5D0,                    213P    578
54.5258253942841D0,-9.48960984590965D0,4.5D0;                        213P    579
100,0.0D0,0.0D0,0.0D0,4.57685388536172D-2,-8.89114213765866D-2,      215P    580
4.57685388536296D-2,8.89114213765802D-2;                             215P    581
124,.889114213765802D0,-.457685388536295D0,0.0D0,                    217P    582
54.7426717422368D0,-.457685388536295D0,-.889114213765802D0,          217P    583
0.0D0,-9.38960984590965D0,0.0D0,0.0D0,-1.0D0,4.5D0;                  217P    584
110,54.6562335491755D0,-9.09643384250648D0,4.5D0,                    219P    585
54.8240586591129D0,-9.33150502888556D0,4.5D0;                        219P    586
100,0.0D0,0.0D0,0.0D0,54.8640110738031D0,-14.5798872727291D0,        221P    587
55.0028159223039D0,-14.0471728333151D0;                              221P    588
110,55.0345719054895D0,-8.57247014325715D0,4.5D0,                    223P    589
54.8250929634715D0,-8.57247014325715D0,4.5D0;                        223P    590
100,0.0D0,0.0D0,0.0D0,4.57685388536172D-2,-8.89114213765866D-2,      225P    591
4.57685388536296D-2,8.89114213765802D-2;                             225P    592
124,.889114213765802D0,-.457685388536295D0,0.0D0,                    227P    593
55.0345719054895D0,-.457685388536295D0,-.889114213765802D0,          227P    594
0.0D0,-8.47247014325715D0,0.0D0,0.0D0,-1.0D0,4.5D0;                  227P    595
110,54.9481337124283D0,-8.17929413985398D0,4.5D0,                    229P    596
55.1159588223656D0,-8.41436532623306D0,4.5D0;                        229P    597
100,0.0D0,0.0D0,0.0D0,54.6083627735235D0,-15.5099819209157D0,        231P    598
54.7567578050234D0,-14.9776599865896D0;                              231P    599
110,55.310881122843D0,-7.65051344368066D0,4.5D0,                     233P    600
55.1086911865394D0,-7.65051344368066D0,4.5D0;                        233P    601
100,0.0D0,0.0D0,0.0D0,4.57685388536172D-2,-8.89114213765866D-2,      235P    602
4.57685388536296D-2,8.89114213765802D-2;                             235P    603
124,.889114213765802D0,-.457685388536295D0,0.0D0,                    237P    604
55.310881122843D0,-.457685388536295D0,-.889114213765802D0,0.0D0,     237P    605
-7.55051344368066D0,0.0D0,0.0D0,-1.0D0,4.5D0;                        237P    606
110,55.2244429297817D0,-7.2573374402775D0,4.5D0,                     239P    607
55.3922680397191D0,-7.49240862665657D0,4.5D0;                        239P    608
100,0.0D0,0.0D0,0.0D0,54.3369882139155D0,-16.4354657929944D0,        241P    609
54.4949597704745D0,-15.9038417876388D0;                              241P    610
110,55.5715199687724D0,-6.7240047651023D0,4.5D0,                     243P    611
55.3765460308101D0,-6.7240047651023D0,4.5D0;                         243P    612
100,0.0D0,0.0D0,0.0D0,4.57685388536172D-2,-8.89114213765866D-2,      245P    613
4.57685388536296D-2,8.89114213765802D-2;                             245P    614
124,.889114213765802D0,-.457685388536295D0,0.0D0,                    247P    615
55.5715199687724D0,-.457685388536295D0,-.889114213765802D0,          247P    616
0.0D0,-6.6240047651023D0,0.0D0,0.0D0,-1.0D0,4.5D0;                   247P    617
110,55.4850817757112D0,-6.33082876169913D0,4.5D0,                    249P    618
55.6529068856486D0,-6.56589994807821D0,4.5D0;                        249P    619
100,0.0D0,0.0D0,0.0D0,54.0499715394682D0,-17.3560767621763D0,        251P    620
54.2174970729193D0,-16.8254520040285D0;                              251P    621
110,55.8164135222265D0,-5.79321043391783D0,4.5D0,                    253P    622
55.6285877754155D0,-5.79321043391783D0,4.5D0;                        253P    623
100,0.0D0,0.0D0,0.0D0,4.57685388536172D-2,-8.89114213765866D-2,      255P    624
4.57685388536296D-2,8.89114213765802D-2;                             255P    625
124,.889114213765802D0,-.457685388536295D0,0.0D0,                    257P    626
55.8164135222265D0,-.457685388536295D0,-.889114213765802D0,          257P    627
0.0D0,-5.69321043391783D0,0.0D0,0.0D0,-1.0D0,4.5D0;                  257P    628
110,55.7299753291652D0,-5.40003443051466D0,4.5D0,                    259P    629
55.8978004391026D0,-5.63510561689374D0,4.5D0;                        259P    630
100,0.0D0,0.0D0,0.0D0,53.7474012257199D0,-18.2715539972209D0,        261P    631
53.9244494694523D0,-17.7422257174337D0;                              261P    632
110,56.0454913881629D0,-4.85839800844066D0,4.5D0,                    263P    633
55.8647510490632D0,-4.85839800844066D0,4.5D0;                        263P    634
100,0.0D0,0.0D0,0.0D0,4.57685388536176D-2,-8.89114213765864D-2,      265P    635
4.57685388536296D-2,8.89114213765802D-2;                             265P    636
124,.889114213765802D0,-.457685388536295D0,0.0D0,                    267P    637
56.0454913881629D0,-.457685388536295D0,-.889114213765802D0,          267P    638
0.0D0,-4.75839800844066D0,0.0D0,0.0D0,-1.0D0,4.5D0;                  267P    639
110,55.9590531951016D0,-4.46522200503749D0,4.5D0,                    269P    640
56.126878305039D0,-4.70029319141657D0,4.5D0;                         269P    641
100,0.0D0,0.0D0,0.0D0,53.4293700678804D0,-19.1816380463547D0,        271P    642
53.615901197074D0,-18.6538993997899D0;                               271P    643
110,56.2586877177841D0,-3.91983620199184D0,4.5D0,                    273P    644
56.0849748654865D0,-3.91983620199184D0,4.5D0;                        273P    645
100,0.0D0,0.0D0,0.0D0,4.57685388536176D-2,-8.89114213765864D-2,      275P    646
4.57685388536296D-2,8.89114213765802D-2;                             275P    647
124,.889114213765802D0,-.457685388536295D0,0.0D0,                    277P    648
56.2586877177841D0,-.457685388536295D0,-.889114213765802D0,          277P    649
0.0D0,-3.81983620199184D0,0.0D0,0.0D0,-1.0D0,4.5D0;                  277P    650
110,56.1722495247229D0,-3.52666019858867D0,4.5D0,                    279P    651
56.3400746346603D0,-3.76173138496775D0,4.5D0;                        279P    652
100,0.0D0,0.0D0,0.0D0,53.0959751674023D0,-20.0860709202791D0,        281P    653
53.2919409484768D0,-19.5602109890446D0;                              281P    654
110,56.4559412274657D0,-2.97779480565791D0,4.5D0,                    283P    655
56.2892026566739D0,-2.97779480565791D0,4.5D0;                        283P    656
100,0.0D0,0.0D0,0.0D0,4.57685388536255D-2,-8.89114213765823D-2,      285P    657
4.57685388536217D-2,8.89114213765843D-2;                             285P    658
124,.889114213765843D0,-.457685388536216D0,0.0D0,                    287P    659
56.4559412274657D0,-.457685388536216D0,-.889114213765843D0,          287P    660
0.0D0,-2.87779480565791D0,0.0D0,0.0D0,-1.0D0,4.5D0;                  287P    661
110,56.3695030344045D0,-2.58461880225475D0,4.5D0,                    289P    662
56.5373281443418D0,-2.81968998863382D0,4.5D0;                        289P    663
100,0.0D0,0.0D0,0.0D0,52.7473179165882D0,-20.9845961742953D0,        291P    664
52.9526618465504D0,-20.4608999644875D0;                              291P    665
110,56.6371952163719D0,-2.03254461073909D0,4.5D0,                    293P    666
56.4773823039688D0,-2.03254461073909D0,4.5D0;                        293P    667
100,0.0D0,0.0D0,0.0D0,4.57685388536175D-2,-8.89114213765865D-2,      295P    668
4.57685388536296D-2,8.89114213765802D-2;                             295P    669
124,.889114213765802D0,-.457685388536295D0,0.0D0,                    297P    670
56.6371952163719D0,-.457685388536295D0,-.889114213765802D0,          297P    671
0.0D0,-1.93254461073909D0,0.0D0,0.0D0,-1.0D0,4.5D0;                  297P    672
110,56.5507570233107D0,-1.63936860733592D0,4.5D0,                    299P    673
56.718582133248D0,-1.874439793715D0,4.5D0;                           299P    674
100,0.0D0,0.0D0,0.0D0,52.3835039813153D0,-21.8769589895716D0,        301P    675
52.5981614176131D0,-21.3557074216378D0;                              301P    676
110,56.8023975827549D0,-1.08435733090988D0,4.5D0,                    303P    677
56.6494661671188D0,-1.08435733090988D0,4.5D0;                        303P    678
100,0.0D0,0.0D0,0.0D0,4.57685388536177D-2,-8.89114213765863D-2,      305P    679
4.57685388536293D-2,8.89114213765804D-2;                             305P    680
124,.889114213765803D0,-.457685388536293D0,0.0D0,                    307P    681
56.8023975827549D0,-.457685388536293D0,-.889114213765803D0,          307P    682
0.0D0,-.984357330909875D0,0.0D0,0.0D0,-1.0D0,4.5D0;                  307P    683
110,56.7159593896937D0,-.691181327506709D0,4.5D0,                    309P    684
56.883784499631D0,-.926252513885787D0,4.5D0;                         309P    685
100,0.0D0,0.0D0,0.0D0,52.00464328195D0,-22.7629062535744D0,          311P    686
52.228541563378D0,-22.2443761466662D0;                               311P    687
110,56.9515008389312D0,-.133505524114463D0,4.5D0,                    313P    688
56.8054111113508D0,-.133505524114463D0,4.5D0;                        313P    689
100,0.0D0,0.0D0,0.0D0,4.57685388536256D-2,-8.89114213765822D-2,      315P    690
4.57685388536214D-2,8.89114213765844D-2;                             315P    691
124,.889114213765844D0,-.457685388536213D0,0.0D0,                    317P    692
56.9515008389312D0,-.457685388536213D0,-.889114213765844D0,          317P    693
0.0D0,-3.35055241144633D-2,0.0D0,0.0D0,-1.0D0,4.5D0;                 317P    694
110,56.86506264587D0,.259670479288703D0,4.5D0,                       319P    695
57.0328877558073D0,2.45992929096247D-2,4.5D0;                        319P    696
100,0.0D0,0.0D0,0.0D0,51.6108499725242D0,-23.6421866396802D0,        321P    697
51.8439085316611D0,-23.1266506903321D0;                              321P    698
110,57.0844621249324D0,.819737485780383D0,4.5D0,                     323P    699
56.9451785325385D0,.819737485780383D0,4.5D0;                         323P    700
100,0.0D0,0.0D0,0.0D0,4.57685388536177D-2,-8.89114213765863D-2,      325P    701
4.57685388536293D-2,8.89114213765804D-2;                             325P    702
124,.889114213765803D0,-.457685388536293D0,0.0D0,                    327P    703
57.0844621249324D0,-.457685388536293D0,-.889114213765803D0,          327P    704
0.0D0,.919737485780383D0,0.0D0,0.0D0,-1.0D0,4.5D0;                   327P    705
110,56.9980239318712D0,1.21291348918355D0,4.5D0,                     329P    706
57.1658490418085D0,.977842302804471D0,4.5D0;                         329P    707
100,0.0D0,0.0D0,0.0D0,51.2022424182395D0,-24.5145506859846D0,        331P    708
51.4443728858401D0,-24.002277441412D0;                               331P    709
110,57.2012432208249D0,1.7750976875528D0,4.5D0,                      333P    710
57.0687343805287D0,1.7750976875528D0,4.5D0;                          333P    711
100,0.0D0,0.0D0,0.0D0,4.57685388536254D-2,-8.89114213765824D-2,      335P    712
4.57685388536217D-2,8.89114213765843D-2;                             335P    713
124,.889114213765843D0,-.457685388536216D0,0.0D0,                    337P    714
57.2012432208249D0,-.457685388536216D0,-.889114213765843D0,          337P    715
0.0D0,1.8750976875528D0,0.0D0,0.0D0,-1.0D0,4.5D0;                    337P    716
110,57.1148050277637D0,2.16827369095596D0,4.5D0,                     339P    717
57.282630137701D0,1.93320250457688D0,4.5D0;                          339P    718
100,0.0D0,0.0D0,0.0D0,50.7789431713589D0,-25.37975087332D0,          341P    719
51.030049473073D0,-24.8710046996016D0;                               341P    720
110,57.3018105576966D0,2.73230046139071D0,4.5D0,                     343P    721
57.1760491806816D0,2.73230046139071D0,4.5D0;                         343P    722
100,0.0D0,0.0D0,0.0D0,4.57685388536176D-2,-8.89114213765864D-2,      345P    723
4.57685388536296D-2,8.89114213765802D-2;                             345P    724
124,.889114213765802D0,-.457685388536295D0,0.0D0,                    347P    725
57.3018105576966D0,-.457685388536295D0,-.889114213765802D0,          347P    726
0.0D0,2.83230046139071D0,0.0D0,0.0D0,-1.0D0,4.5D0;                   347P    727
110,57.2153723646354D0,3.12547646479388D0,4.5D0,                     349P    728
57.3831974745727D0,2.8904052784148D0,4.5D0;                          349P    729
100,0.0D0,0.0D0,0.0D0,50.3410789455472D0,-26.237541702493D0,         351P    730
50.6010573912848D0,-25.7325827478662D0;                              351P    731
110,57.3861352273065D0,3.69107065783179D0,4.5D0,                     353P    732
57.2670980536855D0,3.69107065783179D0,4.5D0;                         353P    733
100,0.0D0,0.0D0,0.0D0,4.57685388536255D-2,-8.89114213765823D-2,      355P    734
4.57685388536217D-2,8.89114213765843D-2;                             355P    735
124,.889114213765843D0,-.457685388536216D0,0.0D0,                    357P    736
57.3861352273065D0,-.457685388536216D0,-.889114213765843D0,          357P    737
0.0D0,3.79107065783179D0,0.0D0,0.0D0,-1.0D0,4.5D0;                   357P    738
110,57.2996970342452D0,4.08424666123496D0,4.5D0,                     359P    739
57.4675221441825D0,3.84917547485588D0,4.5D0;                         359P    740
100,0.0D0,0.0D0,0.0D0,49.8887805887165D0,-27.0876797707515D0,        361P    741
50.1575199549329D0,-26.5867639242234D0;                              361P    742
508,123,0,13,1,0,0,0,13,8,0,0,0,13,9,0,0,0,13,10,0,0,0,13,11,0,      363P    743
0,0,13,12,0,0,0,13,13,0,0,0,13,14,0,0,0,13,15,0,0,0,13,16,0,0,0,     363P    744
13,17,0,0,0,13,18,0,0,0,13,19,0,0,0,13,20,0,0,0,13,21,0,0,0,13,      363P    745
22,0,0,0,13,23,0,0,0,13,24,0,0,0,13,25,0,0,0,13,26,0,0,0,13,27,      363P    746
0,0,0,13,28,0,0,0,13,29,0,0,0,13,30,0,0,0,13,31,0,0,0,13,32,0,0,     363P    747
0,13,33,0,0,0,13,34,0,0,0,13,35,0,0,0,13,36,0,0,0,13,37,0,0,0,       363P    748
13,38,0,0,0,13,39,0,0,0,13,40,0,0,0,13,41,0,0,0,13,42,0,0,0,13,      363P    749
43,0,0,0,13,44,0,0,0,13,45,0,0,0,13,46,0,0,0,13,47,0,0,0,13,48,      363P    750
0,0,0,13,49,0,0,0,13,50,0,0,0,13,51,0,0,0,13,52,0,0,0,13,53,0,0,     363P    751
0,13,54,0,0,0,13,55,0,0,0,13,56,0,0,0,13,57,0,0,0,13,58,0,0,0,       363P    752
13,59,0,0,0,13,60,0,0,0,13,61,0,0,0,13,62,0,0,0,13,63,0,0,0,13,      363P    753
64,0,0,0,13,65,0,0,0,13,66,0,0,0,13,67,0,0,0,13,68,0,0,0,13,69,      363P    754
0,0,0,13,70,0,0,0,13,71,0,0,0,13,72,0,0,0,13,73,0,0,0,13,74,0,0,     363P    755
0,13,75,0,0,0,13,76,0,0,0,13,77,0,0,0,13,78,0,0,0,13,79,0,0,0,       363P    756
13,80,0,0,0,13,81,0,0,0,13,82,0,0,0,13,83,0,0,0,13,84,0,0,0,13,      363P    757
85,0,0,0,13,86,0,0,0,13,87,0,0,0,13,88,0,0,0,13,89,0,0,0,13,90,      363P    758
0,0,0,13,91,0,0,0,13,92,0,0,0,13,93,0,0,0,13,94,0,0,0,13,95,0,0,     363P    759
0,13,96,0,0,0,13,97,0,0,0,13,98,0,0,0,13,99,0,0,0,13,100,0,0,0,      363P    760
13,101,0,0,0,13,102,0,0,0,13,103,0,0,0,13,104,0,0,0,13,105,0,0,      363P    761
0,13,106,0,0,0,13,107,0,0,0,13,108,0,0,0,13,109,0,0,0,13,110,0,      363P    762
0,0,13,111,0,0,0,13,112,0,0,0,13,113,0,0,0,13,114,0,0,0,13,115,      363P    763
0,0,0,13,116,0,0,0,13,117,0,0,0,13,118,0,0,0,13,119,0,0,0,13,        363P    764
120,0,0,0,13,121,0,0,0,13,122,0,0,0,13,123,0,0,0,13,124,0,0,0,       363P    765
13,125,0,0,0,13,126,0,0,0,13,127,0,0,0,13,128,0,0,0,13,5,0,0;        363P    766
510,55,1,1,363;                                                      365P    767
116,57.3861352273065D0,3.79107065783179D0,0.0D0,0;                   367P    768
123,0.0D0,0.0D0,1.0D0;                                               369P    769
192,367,369,.1D0,373;                                                371P    770
123,.889114213765843D0,-.457685388536216D0,0.0D0;                    373P    771
110,57.3861352273065D0,3.69107065783179D0,4.5D0,                     375P    772
57.3861352273065D0,3.69107065783179D0,-4.5D0;                        375P    773
100,0.0D0,0.0D0,0.0D0,4.57685388536216D-2,-8.89114213765843D-2,      377P    774
4.57685388536256D-2,8.89114213765823D-2;                             377P    775
124,.889114213765843D0,.457685388536216D0,0.0D0,                     379P    776
57.3861352273065D0,-.457685388536216D0,.889114213765843D0,0.0D0,     379P    777
3.79107065783179D0,0.0D0,0.0D0,1.0D0,-4.5D0;                         379P    778
110,57.4675221441825D0,3.84917547485588D0,-4.5D0,                    381P    779
57.4675221441825D0,3.84917547485588D0,4.5D0;                         381P    780
508,4,0,13,126,1,0,0,13,129,1,0,0,13,130,1,0,0,13,131,1,0;           383P    781
510,371,1,1,383;                                                     385P    782
116,57.5803984124628D0,3.69107065783179D0,0.0D0,0;                   387P    783
123,0.0D0,-1.0D0,0.0D0;                                              389P    784
190,387,389,393;                                                     391P    785
123,0.0D0,0.0D0,-1.0D0;                                              393P    786
110,57.2670980536855D0,3.69107065783179D0,-4.5D0,                    395P    787
57.2670980536855D0,3.69107065783179D0,4.5D0;                         395P    788
110,57.2670980536855D0,3.69107065783179D0,-4.5D0,                    397P    789
57.3861352273065D0,3.69107065783179D0,-4.5D0;                        397P    790
508,4,0,13,129,0,0,0,13,125,1,0,0,13,132,0,0,0,13,133,1,0;           399P    791
510,391,1,1,399;                                                     401P    792
116,57.3018105576966D0,2.83230046139071D0,0.0D0,0;                   403P    793
123,0.0D0,0.0D0,1.0D0;                                               405P    794
192,403,405,.1D0,409;                                                407P    795
123,.889114213765802D0,-.457685388536295D0,0.0D0;                    409P    796
110,57.3018105576966D0,2.73230046139071D0,4.5D0,                     411P    797
57.3018105576966D0,2.73230046139071D0,-4.5D0;                        411P    798
100,0.0D0,0.0D0,0.0D0,4.57685388536295D-2,-8.89114213765802D-2,      413P    799
4.57685388536177D-2,8.89114213765863D-2;                             413P    800
124,.889114213765802D0,.457685388536295D0,0.0D0,                     415P    801
57.3018105576966D0,-.457685388536295D0,.889114213765802D0,0.0D0,     415P    802
2.83230046139071D0,0.0D0,0.0D0,1.0D0,-4.5D0;                         415P    803
110,57.3831974745727D0,2.8904052784148D0,-4.5D0,                     417P    804
57.3831974745727D0,2.8904052784148D0,4.5D0;                          417P    805
508,4,0,13,122,1,0,0,13,134,1,0,0,13,135,1,0,0,13,136,1,0;           419P    806
510,407,1,1,419;                                                     421P    807
116,57.496073742853D0,2.73230046139071D0,0.0D0,0;                    423P    808
123,0.0D0,-1.0D0,0.0D0;                                              425P    809
190,423,425,429;                                                     427P    810
123,0.0D0,0.0D0,-1.0D0;                                              429P    811
110,57.1760491806816D0,2.73230046139071D0,-4.5D0,                    431P    812
57.1760491806816D0,2.73230046139071D0,4.5D0;                         431P    813
110,57.1760491806816D0,2.73230046139071D0,-4.5D0,                    433P    814
57.3018105576966D0,2.73230046139071D0,-4.5D0;                        433P    815
508,4,0,13,134,0,0,0,13,121,1,0,0,13,137,0,0,0,13,138,1,0;           435P    816
510,427,1,1,435;                                                     437P    817
116,57.2012432208249D0,1.8750976875528D0,0.0D0,0;                    439P    818
123,0.0D0,0.0D0,1.0D0;                                               441P    819
192,439,441,.1D0,445;                                                443P    820
123,.889114213765843D0,-.457685388536216D0,0.0D0;                    445P    821
110,57.2012432208249D0,1.7750976875528D0,4.5D0,                      447P    822
57.2012432208249D0,1.7750976875528D0,-4.5D0;                         447P    823
100,0.0D0,0.0D0,0.0D0,4.57685388536216D-2,-8.89114213765843D-2,      449P    824
4.57685388536254D-2,8.89114213765824D-2;                             449P    825
124,.889114213765843D0,.457685388536216D0,0.0D0,                     451P    826
57.2012432208249D0,-.457685388536216D0,.889114213765843D0,0.0D0,     451P    827
1.8750976875528D0,0.0D0,0.0D0,1.0D0,-4.5D0;                          451P    828
110,57.282630137701D0,1.93320250457688D0,-4.5D0,                     453P    829
57.282630137701D0,1.93320250457688D0,4.5D0;                          453P    830
508,4,0,13,118,1,0,0,13,139,1,0,0,13,140,1,0,0,13,141,1,0;           455P    831
510,443,1,1,455;                                                     457P    832
116,57.3955064059813D0,1.7750976875528D0,0.0D0,0;                    459P    833
123,0.0D0,-1.0D0,0.0D0;                                              461P    834
190,459,461,465;                                                     463P    835
123,0.0D0,0.0D0,-1.0D0;                                              465P    836
110,57.0687343805287D0,1.7750976875528D0,-4.5D0,                     467P    837
57.0687343805287D0,1.7750976875528D0,4.5D0;                          467P    838
110,57.0687343805287D0,1.7750976875528D0,-4.5D0,                     469P    839
57.2012432208249D0,1.7750976875528D0,-4.5D0;                         469P    840
508,4,0,13,139,0,0,0,13,117,1,0,0,13,142,0,0,0,13,143,1,0;           471P    841
510,463,1,1,471;                                                     473P    842
116,57.0844621249324D0,.919737485780383D0,0.0D0,0;                   475P    843
123,0.0D0,0.0D0,1.0D0;                                               477P    844
192,475,477,.1D0,481;                                                479P    845
123,.889114213765803D0,-.457685388536293D0,0.0D0;                    481P    846
110,57.0844621249324D0,.819737485780383D0,4.5D0,                     483P    847
57.0844621249324D0,.819737485780383D0,-4.5D0;                        483P    848
100,0.0D0,0.0D0,0.0D0,4.57685388536292D-2,-8.89114213765804D-2,      485P    849
4.57685388536178D-2,8.89114213765863D-2;                             485P    850
124,.889114213765803D0,.457685388536293D0,0.0D0,                     487P    851
57.0844621249324D0,-.457685388536293D0,.889114213765803D0,0.0D0,     487P    852
.919737485780383D0,0.0D0,0.0D0,1.0D0,-4.5D0;                         487P    853
110,57.1658490418085D0,.977842302804468D0,-4.5D0,                    489P    854
57.1658490418085D0,.977842302804468D0,4.5D0;                         489P    855
508,4,0,13,114,1,0,0,13,144,1,0,0,13,145,1,0,0,13,146,1,0;           491P    856
510,479,1,1,491;                                                     493P    857
116,57.2787253100888D0,.819737485780383D0,0.0D0,0;                   495P    858
123,0.0D0,-1.0D0,0.0D0;                                              497P    859
190,495,497,501;                                                     499P    860
123,0.0D0,0.0D0,-1.0D0;                                              501P    861
110,56.9451785325386D0,.819737485780383D0,-4.5D0,                    503P    862
56.9451785325386D0,.819737485780383D0,4.5D0;                         503P    863
110,56.9451785325385D0,.819737485780383D0,-4.5D0,                    505P    864
57.0844621249324D0,.819737485780383D0,-4.5D0;                        505P    865
508,4,0,13,144,0,0,0,13,113,1,0,0,13,147,0,0,0,13,148,1,0;           507P    866
510,499,1,1,507;                                                     509P    867
116,56.9515008389312D0,-3.35055241144633D-2,0.0D0,0;                 511P    868
123,0.0D0,0.0D0,1.0D0;                                               513P    869
192,511,513,.1D0,517;                                                515P    870
123,.889114213765844D0,-.457685388536213D0,0.0D0;                    517P    871
110,56.9515008389312D0,-.133505524114463D0,4.5D0,                    519P    872
56.9515008389312D0,-.133505524114463D0,-4.5D0;                       519P    873
100,0.0D0,0.0D0,0.0D0,4.57685388536213D-2,-8.89114213765845D-2,      521P    874
4.57685388536256D-2,8.89114213765822D-2;                             521P    875
124,.889114213765844D0,.457685388536213D0,0.0D0,                     523P    876
56.9515008389312D0,-.457685388536213D0,.889114213765844D0,0.0D0,     523P    877
-3.35055241144633D-2,0.0D0,0.0D0,1.0D0,-4.5D0;                       523P    878
110,57.0328877558073D0,2.45992929096219D-2,-4.5D0,                   525P    879
57.0328877558073D0,2.45992929096219D-2,4.5D0;                        525P    880
508,4,0,13,110,1,0,0,13,149,1,0,0,13,150,1,0,0,13,151,1,0;           527P    881
510,515,1,1,527;                                                     529P    882
116,57.1457640240876D0,-.133505524114463D0,0.0D0,0;                  531P    883
123,0.0D0,-1.0D0,0.0D0;                                              533P    884
190,531,533,537;                                                     535P    885
123,0.0D0,0.0D0,-1.0D0;                                              537P    886
110,56.8054111113508D0,-.133505524114463D0,-4.5D0,                   539P    887
56.8054111113508D0,-.133505524114463D0,4.5D0;                        539P    888
110,56.8054111113508D0,-.133505524114463D0,-4.5D0,                   541P    889
56.9515008389312D0,-.133505524114463D0,-4.5D0;                       541P    890
508,4,0,13,149,0,0,0,13,109,1,0,0,13,152,0,0,0,13,153,1,0;           543P    891
510,535,1,1,543;                                                     545P    892
116,56.8023975827549D0,-.984357330909875D0,0.0D0,0;                  547P    893
123,0.0D0,0.0D0,1.0D0;                                               549P    894
192,547,549,.1D0,553;                                                551P    895
123,.889114213765803D0,-.457685388536293D0,0.0D0;                    553P    896
110,56.8023975827549D0,-1.08435733090988D0,4.5D0,                    555P    897
56.8023975827549D0,-1.08435733090988D0,-4.5D0;                       555P    898
100,0.0D0,0.0D0,0.0D0,4.57685388536292D-2,-8.89114213765804D-2,      557P    899
4.57685388536178D-2,8.89114213765863D-2;                             557P    900
124,.889114213765803D0,.457685388536293D0,0.0D0,                     559P    901
56.8023975827549D0,-.457685388536293D0,.889114213765803D0,0.0D0,     559P    902
-.984357330909875D0,0.0D0,0.0D0,1.0D0,-4.5D0;                        559P    903
110,56.883784499631D0,-.92625251388579D0,-4.5D0,                     561P    904
56.883784499631D0,-.92625251388579D0,4.5D0;                          561P    905
508,4,0,13,106,1,0,0,13,154,1,0,0,13,155,1,0,0,13,156,1,0;           563P    906
510,551,1,1,563;                                                     565P    907
116,56.9966607679113D0,-1.08435733090988D0,0.0D0,0;                  567P    908
123,0.0D0,-1.0D0,0.0D0;                                              569P    909
190,567,569,573;                                                     571P    910
123,0.0D0,0.0D0,-1.0D0;                                              573P    911
110,56.6494661671188D0,-1.08435733090988D0,-4.5D0,                   575P    912
56.6494661671188D0,-1.08435733090988D0,4.5D0;                        575P    913
110,56.6494661671188D0,-1.08435733090988D0,-4.5D0,                   577P    914
56.8023975827549D0,-1.08435733090988D0,-4.5D0;                       577P    915
508,4,0,13,154,0,0,0,13,105,1,0,0,13,157,0,0,0,13,158,1,0;           579P    916
510,571,1,1,579;                                                     581P    917
116,56.6371952163719D0,-1.93254461073909D0,0.0D0,0;                  583P    918
123,0.0D0,0.0D0,1.0D0;                                               585P    919
192,583,585,.1D0,589;                                                587P    920
123,.889114213765802D0,-.457685388536295D0,0.0D0;                    589P    921
110,56.6371952163719D0,-2.03254461073909D0,4.5D0,                    591P    922
56.6371952163719D0,-2.03254461073909D0,-4.5D0;                       591P    923
100,0.0D0,0.0D0,0.0D0,4.57685388536295D-2,-8.89114213765802D-2,      593P    924
4.57685388536175D-2,8.89114213765864D-2;                             593P    925
124,.889114213765802D0,.457685388536295D0,0.0D0,                     595P    926
56.6371952163719D0,-.457685388536295D0,.889114213765802D0,0.0D0,     595P    927
-1.93254461073909D0,0.0D0,0.0D0,1.0D0,-4.5D0;                        595P    928
110,56.718582133248D0,-1.87443979371501D0,-4.5D0,                    597P    929
56.718582133248D0,-1.87443979371501D0,4.5D0;                         597P    930
508,4,0,13,102,1,0,0,13,159,1,0,0,13,160,1,0,0,13,161,1,0;           599P    931
510,587,1,1,599;                                                     601P    932
116,56.8314584015283D0,-2.03254461073909D0,0.0D0,0;                  603P    933
123,0.0D0,-1.0D0,0.0D0;                                              605P    934
190,603,605,609;                                                     607P    935
123,0.0D0,0.0D0,-1.0D0;                                              609P    936
110,56.4773823039688D0,-2.03254461073909D0,-4.5D0,                   611P    937
56.4773823039688D0,-2.03254461073909D0,4.5D0;                        611P    938
110,56.4773823039688D0,-2.03254461073909D0,-4.5D0,                   613P    939
56.6371952163719D0,-2.03254461073909D0,-4.5D0;                       613P    940
508,4,0,13,159,0,0,0,13,101,1,0,0,13,162,0,0,0,13,163,1,0;           615P    941
510,607,1,1,615;                                                     617P    942
116,56.4559412274657D0,-2.87779480565791D0,0.0D0,0;                  619P    943
123,0.0D0,0.0D0,1.0D0;                                               621P    944
192,619,621,.1D0,625;                                                623P    945
123,.889114213765843D0,-.457685388536216D0,0.0D0;                    625P    946
110,56.4559412274657D0,-2.97779480565791D0,4.5D0,                    627P    947
56.4559412274657D0,-2.97779480565791D0,-4.5D0;                       627P    948
100,0.0D0,0.0D0,0.0D0,4.57685388536216D-2,-8.89114213765843D-2,      629P    949
4.57685388536256D-2,8.89114213765823D-2;                             629P    950
124,.889114213765843D0,.457685388536216D0,0.0D0,                     631P    951
56.4559412274657D0,-.457685388536216D0,.889114213765843D0,0.0D0,     631P    952
-2.87779480565791D0,0.0D0,0.0D0,1.0D0,-4.5D0;                        631P    953
110,56.5373281443418D0,-2.81968998863383D0,-4.5D0,                   633P    954
56.5373281443418D0,-2.81968998863383D0,4.5D0;                        633P    955
508,4,0,13,98,1,0,0,13,164,1,0,0,13,165,1,0,0,13,166,1,0;            635P    956
510,623,1,1,635;                                                     637P    957
116,56.6502044126221D0,-2.97779480565791D0,0.0D0,0;                  639P    958
123,0.0D0,-1.0D0,0.0D0;                                              641P    959
190,639,641,645;                                                     643P    960
123,0.0D0,0.0D0,-1.0D0;                                              645P    961
110,56.2892026566739D0,-2.97779480565791D0,-4.5D0,                   647P    962
56.2892026566739D0,-2.97779480565791D0,4.5D0;                        647P    963
110,56.2892026566739D0,-2.97779480565791D0,-4.5D0,                   649P    964
56.4559412274657D0,-2.97779480565791D0,-4.5D0;                       649P    965
508,4,0,13,164,0,0,0,13,97,1,0,0,13,167,0,0,0,13,168,1,0;            651P    966
510,643,1,1,651;                                                     653P    967
116,56.2586877177841D0,-3.81983620199184D0,0.0D0,0;                  655P    968
123,0.0D0,0.0D0,1.0D0;                                               657P    969
192,655,657,.1D0,661;                                                659P    970
123,.889114213765802D0,-.457685388536295D0,0.0D0;                    661P    971
110,56.2586877177841D0,-3.91983620199184D0,4.5D0,                    663P    972
56.2586877177841D0,-3.91983620199184D0,-4.5D0;                       663P    973
100,0.0D0,0.0D0,0.0D0,4.57685388536295D-2,-8.89114213765802D-2,      665P    974
4.57685388536177D-2,8.89114213765863D-2;                             665P    975
124,.889114213765802D0,.457685388536295D0,0.0D0,                     667P    976
56.2586877177841D0,-.457685388536295D0,.889114213765802D0,0.0D0,     667P    977
-3.81983620199184D0,0.0D0,0.0D0,1.0D0,-4.5D0;                        667P    978
110,56.3400746346602D0,-3.76173138496775D0,-4.5D0,                   669P    979
56.3400746346602D0,-3.76173138496775D0,4.5D0;                        669P    980
508,4,0,13,94,1,0,0,13,169,1,0,0,13,170,1,0,0,13,171,1,0;            671P    981
510,659,1,1,671;                                                     673P    982
116,56.4529509029405D0,-3.91983620199184D0,0.0D0,0;                  675P    983
123,0.0D0,-1.0D0,0.0D0;                                              677P    984
190,675,677,681;                                                     679P    985
123,0.0D0,0.0D0,-1.0D0;                                              681P    986
110,56.0849748654865D0,-3.91983620199184D0,-4.5D0,                   683P    987
56.0849748654865D0,-3.91983620199184D0,4.5D0;                        683P    988
110,56.0849748654865D0,-3.91983620199184D0,-4.5D0,                   685P    989
56.2586877177841D0,-3.91983620199184D0,-4.5D0;                       685P    990
508,4,0,13,169,0,0,0,13,93,1,0,0,13,172,0,0,0,13,173,1,0;            687P    991
510,679,1,1,687;                                                     689P    992
116,56.0454913881629D0,-4.75839800844066D0,0.0D0,0;                  691P    993
123,0.0D0,0.0D0,1.0D0;                                               693P    994
192,691,693,.1D0,697;                                                695P    995
123,.889114213765802D0,-.457685388536295D0,0.0D0;                    697P    996
110,56.0454913881629D0,-4.85839800844066D0,4.5D0,                    699P    997
56.0454913881629D0,-4.85839800844066D0,-4.5D0;                       699P    998
100,0.0D0,0.0D0,0.0D0,4.57685388536295D-2,-8.89114213765802D-2,      701P    999
4.57685388536177D-2,8.89114213765863D-2;                             701P   1000
124,.889114213765802D0,.457685388536295D0,0.0D0,                     703P   1001
56.0454913881629D0,-.457685388536295D0,.889114213765802D0,0.0D0,     703P   1002
-4.75839800844066D0,0.0D0,0.0D0,1.0D0,-4.5D0;                        703P   1003
110,56.126878305039D0,-4.70029319141657D0,-4.5D0,                    705P   1004
56.126878305039D0,-4.70029319141657D0,4.5D0;                         705P   1005
508,4,0,13,90,1,0,0,13,174,1,0,0,13,175,1,0,0,13,176,1,0;            707P   1006
510,695,1,1,707;                                                     709P   1007
116,56.2397545733192D0,-4.85839800844066D0,0.0D0,0;                  711P   1008
123,0.0D0,-1.0D0,0.0D0;                                              713P   1009
190,711,713,717;                                                     715P   1010
123,0.0D0,0.0D0,-1.0D0;                                              717P   1011
110,55.8647510490632D0,-4.85839800844066D0,-4.5D0,                   719P   1012
55.8647510490632D0,-4.85839800844066D0,4.5D0;                        719P   1013
110,55.8647510490632D0,-4.85839800844066D0,-4.5D0,                   721P   1014
56.0454913881629D0,-4.85839800844066D0,-4.5D0;                       721P   1015
508,4,0,13,174,0,0,0,13,89,1,0,0,13,177,0,0,0,13,178,1,0;            723P   1016
510,715,1,1,723;                                                     725P   1017
116,55.8164135222265D0,-5.69321043391783D0,0.0D0,0;                  727P   1018
123,0.0D0,0.0D0,1.0D0;                                               729P   1019
192,727,729,.1D0,733;                                                731P   1020
123,.889114213765802D0,-.457685388536295D0,0.0D0;                    733P   1021
110,55.8164135222265D0,-5.79321043391783D0,4.5D0,                    735P   1022
55.8164135222265D0,-5.79321043391783D0,-4.5D0;                       735P   1023
100,0.0D0,0.0D0,0.0D0,4.57685388536295D-2,-8.89114213765802D-2,      737P   1024
4.57685388536173D-2,8.89114213765865D-2;                             737P   1025
124,.889114213765802D0,.457685388536295D0,0.0D0,                     739P   1026
55.8164135222265D0,-.457685388536295D0,.889114213765802D0,0.0D0,     739P   1027
-5.69321043391783D0,0.0D0,0.0D0,1.0D0,-4.5D0;                        739P   1028
110,55.8978004391026D0,-5.63510561689375D0,-4.5D0,                   741P   1029
55.8978004391026D0,-5.63510561689375D0,4.5D0;                        741P   1030
508,4,0,13,86,1,0,0,13,179,1,0,0,13,180,1,0,0,13,181,1,0;            743P   1031
510,731,1,1,743;                                                     745P   1032
116,56.0106767073828D0,-5.79321043391783D0,0.0D0,0;                  747P   1033
123,0.0D0,-1.0D0,0.0D0;                                              749P   1034
190,747,749,753;                                                     751P   1035
123,0.0D0,0.0D0,-1.0D0;                                              753P   1036
110,55.6285877754155D0,-5.79321043391783D0,-4.5D0,                   755P   1037
55.6285877754155D0,-5.79321043391783D0,4.5D0;                        755P   1038
110,55.6285877754155D0,-5.79321043391783D0,-4.5D0,                   757P   1039
55.8164135222265D0,-5.79321043391783D0,-4.5D0;                       757P   1040
508,4,0,13,179,0,0,0,13,85,1,0,0,13,182,0,0,0,13,183,1,0;            759P   1041
510,751,1,1,759;                                                     761P   1042
116,55.5715199687724D0,-6.6240047651023D0,0.0D0,0;                   763P   1043
123,0.0D0,0.0D0,1.0D0;                                               765P   1044
192,763,765,.1D0,769;                                                767P   1045
123,.889114213765802D0,-.457685388536295D0,0.0D0;                    769P   1046
110,55.5715199687724D0,-6.7240047651023D0,4.5D0,                     771P   1047
55.5715199687724D0,-6.7240047651023D0,-4.5D0;                        771P   1048
100,0.0D0,0.0D0,0.0D0,4.57685388536295D-2,-8.89114213765802D-2,      773P   1049
4.57685388536173D-2,8.89114213765865D-2;                             773P   1050
124,.889114213765802D0,.457685388536295D0,0.0D0,                     775P   1051
55.5715199687724D0,-.457685388536295D0,.889114213765802D0,0.0D0,     775P   1052
-6.6240047651023D0,0.0D0,0.0D0,1.0D0,-4.5D0;                         775P   1053
110,55.6529068856485D0,-6.56589994807821D0,-4.5D0,                   777P   1054
55.6529068856485D0,-6.56589994807821D0,4.5D0;                        777P   1055
508,4,0,13,82,1,0,0,13,184,1,0,0,13,185,1,0,0,13,186,1,0;            779P   1056
510,767,1,1,779;                                                     781P   1057
116,55.7657831539288D0,-6.7240047651023D0,0.0D0,0;                   783P   1058
123,0.0D0,-1.0D0,0.0D0;                                              785P   1059
190,783,785,789;                                                     787P   1060
123,0.0D0,0.0D0,-1.0D0;                                              789P   1061
110,55.3765460308101D0,-6.7240047651023D0,-4.5D0,                    791P   1062
55.3765460308101D0,-6.7240047651023D0,4.5D0;                         791P   1063
110,55.3765460308101D0,-6.7240047651023D0,-4.5D0,                    793P   1064
55.5715199687724D0,-6.7240047651023D0,-4.5D0;                        793P   1065
508,4,0,13,184,0,0,0,13,81,1,0,0,13,187,0,0,0,13,188,1,0;            795P   1066
510,787,1,1,795;                                                     797P   1067
116,55.310881122843D0,-7.55051344368066D0,0.0D0,0;                   799P   1068
123,0.0D0,0.0D0,1.0D0;                                               801P   1069
192,799,801,.1D0,805;                                                803P   1070
123,.889114213765802D0,-.457685388536295D0,0.0D0;                    805P   1071
110,55.310881122843D0,-7.65051344368066D0,4.5D0,                     807P   1072
55.310881122843D0,-7.65051344368066D0,-4.5D0;                        807P   1073
100,0.0D0,0.0D0,0.0D0,4.57685388536295D-2,-8.89114213765802D-2,      809P   1074
4.57685388536173D-2,8.89114213765865D-2;                             809P   1075
124,.889114213765802D0,.457685388536295D0,0.0D0,                     811P   1076
55.310881122843D0,-.457685388536295D0,.889114213765802D0,0.0D0,      811P   1077
-7.55051344368066D0,0.0D0,0.0D0,1.0D0,-4.5D0;                        811P   1078
110,55.3922680397191D0,-7.49240862665658D0,-4.5D0,                   813P   1079
55.3922680397191D0,-7.49240862665658D0,4.5D0;                        813P   1080
508,4,0,13,78,1,0,0,13,189,1,0,0,13,190,1,0,0,13,191,1,0;            815P   1081
510,803,1,1,815;                                                     817P   1082
116,55.5051443079993D0,-7.65051344368066D0,0.0D0,0;                  819P   1083
123,0.0D0,-1.0D0,0.0D0;                                              821P   1084
190,819,821,825;                                                     823P   1085
123,0.0D0,0.0D0,-1.0D0;                                              825P   1086
110,55.1086911865394D0,-7.65051344368066D0,-4.5D0,                   827P   1087
55.1086911865394D0,-7.65051344368066D0,4.5D0;                        827P   1088
110,55.1086911865394D0,-7.65051344368066D0,-4.5D0,                   829P   1089
55.310881122843D0,-7.65051344368066D0,-4.5D0;                        829P   1090
508,4,0,13,189,0,0,0,13,77,1,0,0,13,192,0,0,0,13,193,1,0;            831P   1091
510,823,1,1,831;                                                     833P   1092
116,55.0345719054895D0,-8.47247014325715D0,0.0D0,0;                  835P   1093
123,0.0D0,0.0D0,1.0D0;                                               837P   1094
192,835,837,.1D0,841;                                                839P   1095
123,.889114213765802D0,-.457685388536295D0,0.0D0;                    841P   1096
110,55.0345719054895D0,-8.57247014325715D0,4.5D0,                    843P   1097
55.0345719054895D0,-8.57247014325715D0,-4.5D0;                       843P   1098
100,0.0D0,0.0D0,0.0D0,4.57685388536295D-2,-8.89114213765802D-2,      845P   1099
4.57685388536173D-2,8.89114213765865D-2;                             845P   1100
124,.889114213765802D0,.457685388536295D0,0.0D0,                     847P   1101
55.0345719054895D0,-.457685388536295D0,.889114213765802D0,0.0D0,     847P   1102
-8.47247014325715D0,0.0D0,0.0D0,1.0D0,-4.5D0;                        847P   1103
110,55.1159588223656D0,-8.41436532623306D0,-4.5D0,                   849P   1104
55.1159588223656D0,-8.41436532623306D0,4.5D0;                        849P   1105
508,4,0,13,74,1,0,0,13,194,1,0,0,13,195,1,0,0,13,196,1,0;            851P   1106
510,839,1,1,851;                                                     853P   1107
116,55.2288350906459D0,-8.57247014325715D0,0.0D0,0;                  855P   1108
123,0.0D0,-1.0D0,0.0D0;                                              857P   1109
190,855,857,861;                                                     859P   1110
123,0.0D0,0.0D0,-1.0D0;                                              861P   1111
110,54.8250929634715D0,-8.57247014325715D0,-4.5D0,                   863P   1112
54.8250929634715D0,-8.57247014325715D0,4.5D0;                        863P   1113
110,54.8250929634715D0,-8.57247014325715D0,-4.5D0,                   865P   1114
55.0345719054895D0,-8.57247014325715D0,-4.5D0;                       865P   1115
508,4,0,13,194,0,0,0,13,73,1,0,0,13,197,0,0,0,13,198,1,0;            867P   1116
510,859,1,1,867;                                                     869P   1117
116,54.7426717422368D0,-9.38960984590965D0,0.0D0,0;                  871P   1118
123,0.0D0,0.0D0,1.0D0;                                               873P   1119
192,871,873,.1D0,877;                                                875P   1120
123,.889114213765802D0,-.457685388536295D0,0.0D0;                    877P   1121
110,54.7426717422368D0,-9.48960984590965D0,4.5D0,                    879P   1122
54.7426717422368D0,-9.48960984590965D0,-4.5D0;                       879P   1123
100,0.0D0,0.0D0,0.0D0,4.57685388536295D-2,-8.89114213765802D-2,      881P   1124
4.57685388536173D-2,8.89114213765865D-2;                             881P   1125
124,.889114213765802D0,.457685388536295D0,0.0D0,                     883P   1126
54.7426717422368D0,-.457685388536295D0,.889114213765802D0,0.0D0,     883P   1127
-9.38960984590965D0,0.0D0,0.0D0,1.0D0,-4.5D0;                        883P   1128
110,54.8240586591129D0,-9.33150502888556D0,-4.5D0,                   885P   1129
54.8240586591129D0,-9.33150502888556D0,4.5D0;                        885P   1130
508,4,0,13,70,1,0,0,13,199,1,0,0,13,200,1,0,0,13,201,1,0;            887P   1131
510,875,1,1,887;                                                     889P   1132
116,54.9369349273931D0,-9.48960984590965D0,0.0D0,0;                  891P   1133
123,0.0D0,-1.0D0,0.0D0;                                              893P   1134
190,891,893,897;                                                     895P   1135
123,0.0D0,0.0D0,-1.0D0;                                              897P   1136
110,54.5258253942841D0,-9.48960984590965D0,-4.5D0,                   899P   1137
54.5258253942841D0,-9.48960984590965D0,4.5D0;                        899P   1138
110,54.5258253942841D0,-9.48960984590965D0,-4.5D0,                   901P   1139
54.7426717422368D0,-9.48960984590965D0,-4.5D0;                       901P   1140
508,4,0,13,199,0,0,0,13,69,1,0,0,13,202,0,0,0,13,203,1,0;            903P   1141
510,895,1,1,903;                                                     905P   1142
116,54.4352645402518D0,-10.3016689183694D0,0.0D0,0;                  907P   1143
123,0.0D0,0.0D0,1.0D0;                                               909P   1144
192,907,909,.1D0,913;                                                911P   1145
123,.889114213765833D0,-.457685388536235D0,0.0D0;                    913P   1146
110,54.4352645402518D0,-10.4016689183694D0,4.5D0,                    915P   1147
54.4352645402518D0,-10.4016689183694D0,-4.5D0;                       915P   1148
100,0.0D0,0.0D0,0.0D0,4.57685388536235D-2,-8.89114213765833D-2,      917P   1149
4.57685388536249D-2,8.89114213765826D-2;                             917P   1150
124,.889114213765833D0,.457685388536235D0,0.0D0,                     919P   1151
54.4352645402518D0,-.457685388536235D0,.889114213765833D0,0.0D0,     919P   1152
-10.3016689183694D0,0.0D0,0.0D0,1.0D0,-4.5D0;                        919P   1153
110,54.5166514571278D0,-10.2435641013454D0,-4.5D0,                   921P   1154
54.5166514571278D0,-10.2435641013454D0,4.5D0;                        921P   1155
508,4,0,13,66,1,0,0,13,204,1,0,0,13,205,1,0,0,13,206,1,0;            923P   1156
510,911,1,1,923;                                                     925P   1157
116,54.6295277254081D0,-10.4016689183694D0,0.0D0,0;                  927P   1158
123,0.0D0,-1.0D0,0.0D0;                                              929P   1159
190,927,929,933;                                                     931P   1160
123,0.0D0,0.0D0,-1.0D0;                                              933P   1161
110,54.2109667832717D0,-10.4016689183694D0,-4.5D0,                   935P   1162
54.2109667832717D0,-10.4016689183694D0,4.5D0;                        935P   1163
110,54.2109667832717D0,-10.4016689183694D0,-4.5D0,                   937P   1164
54.4352645402518D0,-10.4016689183694D0,-4.5D0;                       937P   1165
508,4,0,13,204,0,0,0,13,65,1,0,0,13,207,0,0,0,13,208,1,0;            939P   1166
510,931,1,1,939;                                                     941P   1167
116,54.1124386642244D0,-11.2083851878031D0,0.0D0,0;                  943P   1168
123,0.0D0,0.0D0,1.0D0;                                               945P   1169
192,943,945,.1D0,949;                                                947P   1170
123,.889114213765792D0,-.457685388536314D0,0.0D0;                    949P   1171
110,54.1124386642244D0,-11.3083851878031D0,4.5D0,                    951P   1172
54.1124386642244D0,-11.3083851878031D0,-4.5D0;                       951P   1173
100,0.0D0,0.0D0,0.0D0,4.57685388536314D-2,-8.89114213765793D-2,      953P   1174
4.57685388536154D-2,8.89114213765875D-2;                             953P   1175
124,.889114213765792D0,.457685388536314D0,0.0D0,                     955P   1176
54.1124386642244D0,-.457685388536314D0,.889114213765792D0,0.0D0,     955P   1177
-11.2083851878031D0,0.0D0,0.0D0,1.0D0,-4.5D0;                        955P   1178
110,54.1938255811005D0,-11.150280370779D0,-4.5D0,                    957P   1179
54.1938255811005D0,-11.150280370779D0,4.5D0;                         957P   1180
508,4,0,13,62,1,0,0,13,209,1,0,0,13,210,1,0,0,13,211,1,0;            959P   1181
510,947,1,1,959;                                                     961P   1182
116,54.3067018493808D0,-11.3083851878031D0,0.0D0,0;                  963P   1183
123,0.0D0,-1.0D0,0.0D0;                                              965P   1184
190,963,965,969;                                                     967P   1185
123,0.0D0,0.0D0,-1.0D0;                                              969P   1186
110,53.8805996636103D0,-11.3083851878031D0,-4.5D0,                   971P   1187
53.8805996636103D0,-11.3083851878031D0,4.5D0;                        971P   1188
110,53.8805996636103D0,-11.3083851878031D0,-4.5D0,                   973P   1189
54.1124386642244D0,-11.3083851878031D0,-4.5D0;                       973P   1190
508,4,0,13,209,0,0,0,13,61,1,0,0,13,212,0,0,0,13,213,1,0;            975P   1191
510,967,1,1,975;                                                     977P   1192
116,53.7742869109672D0,-12.1094980171744D0,0.0D0,0;                  979P   1193
123,0.0D0,0.0D0,1.0D0;                                               981P   1194
192,979,981,.1D0,985;                                                983P   1195
123,.889114213765833D0,-.457685388536235D0,0.0D0;                    985P   1196
110,53.7742869109672D0,-12.2094980171744D0,4.5D0,                    987P   1197
53.7742869109672D0,-12.2094980171744D0,-4.5D0;                       987P   1198
100,0.0D0,0.0D0,0.0D0,4.57685388536235D-2,-8.89114213765833D-2,      989P   1199
4.57685388536233D-2,8.89114213765835D-2;                             989P   1200
124,.889114213765833D0,.457685388536235D0,0.0D0,                     991P   1201
53.7742869109672D0,-.457685388536235D0,.889114213765833D0,0.0D0,     991P   1202
-12.1094980171744D0,0.0D0,0.0D0,1.0D0,-4.5D0;                        991P   1203
110,53.8556738278433D0,-12.0513932001503D0,-4.5D0,                   993P   1204
53.8556738278433D0,-12.0513932001503D0,4.5D0;                        993P   1205
508,4,0,13,58,1,0,0,13,214,1,0,0,13,215,1,0,0,13,216,1,0;            995P   1206
510,983,1,1,995;                                                     997P   1207
116,53.9685500961236D0,-12.2094980171744D0,0.0D0,0;                  999P   1208
123,0.0D0,-1.0D0,0.0D0;                                             1001P   1209
190,999,1001,1005;                                                  1003P   1210
123,0.0D0,0.0D0,-1.0D0;                                             1005P   1211
110,53.5348107519442D0,-12.2094980171744D0,-4.5D0,                  1007P   1212
53.5348107519442D0,-12.2094980171744D0,4.5D0;                       1007P   1213
110,53.5348107519442D0,-12.2094980171744D0,-4.5D0,                  1009P   1214
53.7742869109672D0,-12.2094980171744D0,-4.5D0;                      1009P   1215
508,4,0,13,214,0,0,0,13,57,1,0,0,13,217,0,0,0,13,218,1,0;           1011P   1216
510,1003,1,1,1011;                                                  1013P   1217
116,53.4209064827403D0,-13.0047483801649D0,0.0D0,0;                 1015P   1218
123,0.0D0,0.0D0,1.0D0;                                              1017P   1219
192,1015,1017,.1D0,1021;                                            1019P   1220
123,.889114213765833D0,-.457685388536235D0,0.0D0;                   1021P   1221
110,53.4209064827403D0,-13.1047483801649D0,4.5D0,                   1023P   1222
53.4209064827403D0,-13.1047483801649D0,-4.5D0;                      1023P   1223
100,0.0D0,0.0D0,0.0D0,4.57685388536235D-2,-8.89114213765833D-2,     1025P   1224
4.57685388536249D-2,8.89114213765826D-2;                            1025P   1225
124,.889114213765833D0,.457685388536235D0,0.0D0,                    1027P   1226
53.4209064827403D0,-.457685388536235D0,.889114213765833D0,0.0D0,    1027P   1227
-13.0047483801649D0,0.0D0,0.0D0,1.0D0,-4.5D0;                       1027P   1228
110,53.5022933996164D0,-12.9466435631408D0,-4.5D0,                  1029P   1229
53.5022933996164D0,-12.9466435631408D0,4.5D0;                       1029P   1230
508,4,0,13,54,1,0,0,13,219,1,0,0,13,220,1,0,0,13,221,1,0;           1031P   1231
510,1019,1,1,1031;                                                  1033P   1232
116,53.6151696678966D0,-13.1047483801649D0,0.0D0,0;                 1035P   1233
123,0.0D0,-1.0D0,0.0D0;                                             1037P   1234
190,1035,1037,1041;                                                 1039P   1235
123,0.0D0,0.0D0,-1.0D0;                                             1041P   1236
110,53.173690900149D0,-13.1047483801649D0,-4.5D0,                   1043P   1237
53.173690900149D0,-13.1047483801649D0,4.5D0;                        1043P   1238
110,53.173690900149D0,-13.1047483801649D0,-4.5D0,                   1045P   1239
53.4209064827403D0,-13.1047483801649D0,-4.5D0;                      1045P   1240
508,4,0,13,219,0,0,0,13,53,1,0,0,13,222,0,0,0,13,223,1,0;           1047P   1241
510,1039,1,1,1047;                                                  1049P   1242
116,53.0523989593107D0,-13.8938789356314D0,0.0D0,0;                 1051P   1243
123,0.0D0,0.0D0,1.0D0;                                              1053P   1244
192,1051,1053,.1D0,1057;                                            1055P   1245
123,.889114213765833D0,-.457685388536235D0,0.0D0;                   1057P   1246
110,53.0523989593107D0,-13.9938789356314D0,4.5D0,                   1059P   1247
53.0523989593107D0,-13.9938789356314D0,-4.5D0;                      1059P   1248
100,0.0D0,0.0D0,0.0D0,4.57685388536235D-2,-8.89114213765833D-2,     1061P   1249
4.57685388536233D-2,8.89114213765835D-2;                            1061P   1250
124,.889114213765833D0,.457685388536235D0,0.0D0,                    1063P   1251
53.0523989593107D0,-.457685388536235D0,.889114213765833D0,0.0D0,    1063P   1252
-13.8938789356314D0,0.0D0,0.0D0,1.0D0,-4.5D0;                       1063P   1253
110,53.1337858761868D0,-13.8357741186074D0,-4.5D0,                  1065P   1254
53.1337858761868D0,-13.8357741186074D0,4.5D0;                       1065P   1255
508,4,0,13,50,1,0,0,13,224,1,0,0,13,225,1,0,0,13,226,1,0;           1067P   1256
510,1055,1,1,1067;                                                  1069P   1257
116,53.2466621444671D0,-13.9938789356314D0,0.0D0,0;                 1071P   1258
123,0.0D0,-1.0D0,0.0D0;                                             1073P   1259
190,1071,1073,1077;                                                 1075P   1260
123,0.0D0,0.0D0,-1.0D0;                                             1077P   1261
110,52.7973350441067D0,-13.9938789356314D0,-4.5D0,                  1079P   1262
52.7973350441067D0,-13.9938789356314D0,4.5D0;                       1079P   1263
110,52.7973350441067D0,-13.9938789356314D0,-4.5D0,                  1081P   1264
53.0523989593107D0,-13.9938789356314D0,-4.5D0;                      1081P   1265
508,4,0,13,224,0,0,0,13,49,1,0,0,13,227,0,0,0,13,228,1,0;           1083P   1266
510,1075,1,1,1083;                                                  1085P   1267
116,52.6688702687532D0,-14.7766341015794D0,0.0D0,0;                 1087P   1268
123,0.0D0,0.0D0,1.0D0;                                              1089P   1269
192,1087,1089,.1D0,1093;                                            1091P   1270
123,.889114213765792D0,-.457685388536314D0,0.0D0;                   1093P   1271
110,52.6688702687532D0,-14.8766341015794D0,4.5D0,                   1095P   1272
52.6688702687532D0,-14.8766341015794D0,-4.5D0;                      1095P   1273
100,0.0D0,0.0D0,0.0D0,4.57685388536314D-2,-8.89114213765793D-2,     1097P   1274
.045768538853617D0,8.89114213765867D-2;                             1097P   1275
124,.889114213765792D0,.457685388536314D0,0.0D0,                    1099P   1276
52.6688702687532D0,-.457685388536314D0,.889114213765792D0,0.0D0,    1099P   1277
-14.7766341015794D0,0.0D0,0.0D0,1.0D0,-4.5D0;                       1099P   1278
110,52.7502571856293D0,-14.7185292845553D0,-4.5D0,                  1101P   1279
52.7502571856293D0,-14.7185292845553D0,4.5D0;                       1101P   1280
508,4,0,13,46,1,0,0,13,229,1,0,0,13,230,1,0,0,13,231,1,0;           1103P   1281
510,1091,1,1,1103;                                                  1105P   1282
116,52.8631334539096D0,-14.8766341015794D0,0.0D0,0;                 1107P   1283
123,0.0D0,-1.0D0,0.0D0;                                             1109P   1284
190,1107,1109,1113;                                                 1111P   1285
123,0.0D0,0.0D0,-1.0D0;                                             1113P   1286
110,52.4058421493079D0,-14.8766341015794D0,-4.5D0,                  1115P   1287
52.4058421493079D0,-14.8766341015794D0,4.5D0;                       1115P   1288
110,52.4058421493079D0,-14.8766341015794D0,-4.5D0,                  1117P   1289
52.6688702687532D0,-14.8766341015794D0,-4.5D0;                      1117P   1290
508,4,0,13,229,0,0,0,13,45,1,0,0,13,232,0,0,0,13,233,1,0;           1119P   1291
510,1111,1,1,1119;                                                  1121P   1292
116,52.270430657001D0,-15.6527601286298D0,0.0D0,0;                  1123P   1293
123,0.0D0,0.0D0,1.0D0;                                              1125P   1294
192,1123,1125,.1D0,1129;                                            1127P   1295
123,.889114213765833D0,-.457685388536235D0,0.0D0;                   1129P   1296
110,52.270430657001D0,-15.7527601286298D0,4.5D0,                    1131P   1297
52.270430657001D0,-15.7527601286298D0,-4.5D0;                       1131P   1298
100,0.0D0,0.0D0,0.0D0,4.57685388536235D-2,-8.89114213765833D-2,     1133P   1299
4.57685388536249D-2,8.89114213765826D-2;                            1133P   1300
124,.889114213765833D0,.457685388536235D0,0.0D0,                    1135P   1301
52.270430657001D0,-.457685388536235D0,.889114213765833D0,0.0D0,     1135P   1302
-15.6527601286298D0,0.0D0,0.0D0,1.0D0,-4.5D0;                       1135P   1303
110,52.3518175738771D0,-15.5946553116057D0,-4.5D0,                  1137P   1304
52.3518175738771D0,-15.5946553116057D0,4.5D0;                       1137P   1305
508,4,0,13,42,1,0,0,13,234,1,0,0,13,235,1,0,0,13,236,1,0;           1139P   1306
510,1127,1,1,1139;                                                  1141P   1307
116,52.4646938421573D0,-15.7527601286298D0,0.0D0,0;                 1143P   1308
123,0.0D0,-1.0D0,0.0D0;                                             1145P   1309
190,1143,1145,1149;                                                 1147P   1310
123,0.0D0,0.0D0,-1.0D0;                                             1149P   1311
110,51.9993151530751D0,-15.7527601286298D0,-4.5D0,                  1151P   1312
51.9993151530751D0,-15.7527601286298D0,4.5D0;                       1151P   1313
110,51.9993151530751D0,-15.7527601286298D0,-4.5D0,                  1153P   1314
52.270430657001D0,-15.7527601286298D0,-4.5D0;                       1153P   1315
508,4,0,13,234,0,0,0,13,41,1,0,0,13,237,0,0,0,13,238,1,0;           1155P   1316
510,1147,1,1,1155;                                                  1157P   1317
116,51.8571946561551D0,-16.5220051729605D0,0.0D0,0;                 1159P   1318
123,0.0D0,0.0D0,1.0D0;                                              1161P   1319
192,1159,1161,.1D0,1165;                                            1163P   1320
123,.889114213765792D0,-.457685388536314D0,0.0D0;                   1165P   1321
110,51.8571946561551D0,-16.6220051729605D0,4.5D0,                   1167P   1322
51.8571946561551D0,-16.6220051729605D0,-4.5D0;                      1167P   1323
100,0.0D0,0.0D0,0.0D0,4.57685388536314D-2,-8.89114213765793D-2,     1169P   1324
4.57685388536154D-2,8.89114213765875D-2;                            1169P   1325
124,.889114213765792D0,.457685388536314D0,0.0D0,                    1171P   1326
51.8571946561551D0,-.457685388536314D0,.889114213765792D0,0.0D0,    1171P   1327
-16.5220051729605D0,0.0D0,0.0D0,1.0D0,-4.5D0;                       1171P   1328
110,51.9385815730312D0,-16.4639003559364D0,-4.5D0,                  1173P   1329
51.9385815730312D0,-16.4639003559364D0,4.5D0;                       1173P   1330
508,4,0,13,38,1,0,0,13,239,1,0,0,13,240,1,0,0,13,241,1,0;           1175P   1331
510,1163,1,1,1175;                                                  1177P   1332
116,52.0514578413115D0,-16.6220051729605D0,0.0D0,0;                 1179P   1333
123,0.0D0,-1.0D0,0.0D0;                                             1181P   1334
190,1179,1181,1185;                                                 1183P   1335
123,0.0D0,0.0D0,-1.0D0;                                             1185P   1336
110,51.5778609031757D0,-16.6220051729605D0,-4.5D0,                  1187P   1337
51.5778609031757D0,-16.6220051729605D0,4.5D0;                       1187P   1338
110,51.5778609031757D0,-16.6220051729605D0,-4.5D0,                  1189P   1339
51.8571946561551D0,-16.6220051729605D0,-4.5D0;                      1189P   1340
508,4,0,13,239,0,0,0,13,37,1,0,0,13,242,0,0,0,13,243,1,0;           1191P   1341
510,1183,1,1,1191;                                                  1193P   1342
116,51.4292810515624D0,-17.3841193686985D0,0.0D0,0;                 1195P   1343
123,0.0D0,0.0D0,1.0D0;                                              1197P   1344
192,1195,1197,.1D0,1201;                                            1199P   1345
123,.889114213765792D0,-.457685388536314D0,0.0D0;                   1201P   1346
110,51.4292810515624D0,-17.4841193686985D0,4.5D0,                   1203P   1347
51.4292810515624D0,-17.4841193686985D0,-4.5D0;                      1203P   1348
100,0.0D0,0.0D0,0.0D0,4.57685388536314D-2,-8.89114213765793D-2,     1205P   1349
.045768538853617D0,8.89114213765867D-2;                             1205P   1350
124,.889114213765792D0,.457685388536314D0,0.0D0,                    1207P   1351
51.4292810515624D0,-.457685388536314D0,.889114213765792D0,0.0D0,    1207P   1352
-17.3841193686985D0,0.0D0,0.0D0,1.0D0,-4.5D0;                       1207P   1353
110,51.5106679684385D0,-17.3260145516744D0,-4.5D0,                  1209P   1354
51.5106679684385D0,-17.3260145516744D0,4.5D0;                       1209P   1355
508,4,0,13,34,1,0,0,13,244,1,0,0,13,245,1,0,0,13,246,1,0;           1211P   1356
510,1199,1,1,1211;                                                  1213P   1357
116,51.6235442367188D0,-17.4841193686985D0,0.0D0,0;                 1215P   1358
123,0.0D0,-1.0D0,0.0D0;                                             1217P   1359
190,1215,1217,1221;                                                 1219P   1360
123,0.0D0,0.0D0,-1.0D0;                                             1221P   1361
110,51.1415900925632D0,-17.4841193686985D0,-4.5D0,                  1223P   1362
51.1415900925632D0,-17.4841193686985D0,4.5D0;                       1223P   1363
110,51.1415900925632D0,-17.4841193686985D0,-4.5D0,                  1225P   1364
51.4292810515624D0,-17.4841193686985D0,-4.5D0;                      1225P   1365
508,4,0,13,244,0,0,0,13,33,1,0,0,13,247,0,0,0,13,248,1,0;           1227P   1366
510,1219,1,1,1227;                                                  1229P   1367
116,50.9868128476704D0,-18.2388548997448D0,0.0D0,0;                 1231P   1368
123,0.0D0,0.0D0,1.0D0;                                              1233P   1369
192,1231,1233,.1D0,1237;                                            1235P   1370
123,.889114213765833D0,-.457685388536235D0,0.0D0;                   1237P   1371
110,50.9868128476704D0,-18.3388548997448D0,4.5D0,                   1239P   1372
50.9868128476704D0,-18.3388548997448D0,-4.5D0;                      1239P   1373
100,0.0D0,0.0D0,0.0D0,4.57685388536235D-2,-8.89114213765833D-2,     1241P   1374
4.57685388536249D-2,8.89114213765826D-2;                            1241P   1375
124,.889114213765833D0,.457685388536235D0,0.0D0,                    1243P   1376
50.9868128476704D0,-.457685388536235D0,.889114213765833D0,0.0D0,    1243P   1377
-18.2388548997448D0,0.0D0,0.0D0,1.0D0,-4.5D0;                       1243P   1378
110,51.0681997645465D0,-18.1807500827207D0,-4.5D0,                  1245P   1379
51.0681997645465D0,-18.1807500827207D0,4.5D0;                       1245P   1380
508,4,0,13,30,1,0,0,13,249,1,0,0,13,250,1,0,0,13,251,1,0;           1247P   1381
510,1235,1,1,1247;                                                  1249P   1382
116,51.1810760328267D0,-18.3388548997448D0,0.0D0,0;                 1251P   1383
123,0.0D0,-1.0D0,0.0D0;                                             1253P   1384
190,1251,1253,1257;                                                 1255P   1385
123,0.0D0,0.0D0,-1.0D0;                                             1257P   1386
110,50.690617189951D0,-18.3388548997448D0,-4.5D0,                   1259P   1387
50.690617189951D0,-18.3388548997448D0,4.5D0;                        1259P   1388
110,50.690617189951D0,-18.3388548997448D0,-4.5D0,                   1261P   1389
50.9868128476704D0,-18.3388548997448D0,-4.5D0;                      1261P   1390
508,4,0,13,249,0,0,0,13,29,1,0,0,13,252,0,0,0,13,253,1,0;           1263P   1391
510,1255,1,1,1263;                                                  1265P   1392
116,50.529917232669D0,-19.0859660710092D0,0.0D0,0;                  1267P   1393
123,0.0D0,0.0D0,1.0D0;                                              1269P   1394
192,1267,1269,.1D0,1273;                                            1271P   1395
123,.889114213765792D0,-.457685388536314D0,0.0D0;                   1273P   1396
110,50.529917232669D0,-19.1859660710092D0,4.5D0,                    1275P   1397
50.529917232669D0,-19.1859660710092D0,-4.5D0;                       1275P   1398
100,0.0D0,0.0D0,0.0D0,4.57685388536314D-2,-8.89114213765793D-2,     1277P   1399
.045768538853617D0,8.89114213765867D-2;                             1277P   1400
124,.889114213765792D0,.457685388536314D0,0.0D0,                    1279P   1401
50.529917232669D0,-.457685388536314D0,.889114213765792D0,0.0D0,     1279P   1402
-19.0859660710092D0,0.0D0,0.0D0,1.0D0,-4.5D0;                       1279P   1403
110,50.6113041495451D0,-19.0278612539851D0,-4.5D0,                  1281P   1404
50.6113041495451D0,-19.0278612539851D0,4.5D0;                       1281P   1405
508,4,0,13,26,1,0,0,13,254,1,0,0,13,255,1,0,0,13,256,1,0;           1283P   1406
510,1271,1,1,1283;                                                  1285P   1407
116,50.7241804178254D0,-19.1859660710092D0,0.0D0,0;                 1287P   1408
123,0.0D0,-1.0D0,0.0D0;                                             1289P   1409
190,1287,1289,1293;                                                 1291P   1410
123,0.0D0,0.0D0,-1.0D0;                                             1293P   1411
110,50.225060365887D0,-19.1859660710092D0,-4.5D0,                   1295P   1412
50.225060365887D0,-19.1859660710092D0,4.5D0;                        1295P   1413
110,50.225060365887D0,-19.1859660710092D0,-4.5D0,                   1297P   1414
50.529917232669D0,-19.1859660710092D0,-4.5D0;                       1297P   1415
508,4,0,13,254,0,0,0,13,25,1,0,0,13,257,0,0,0,13,258,1,0;           1299P   1416
510,1291,1,1,1299;                                                  1301P   1417
116,50.0587255419309D0,-19.925209379036D0,0.0D0,0;                  1303P   1418
123,0.0D0,0.0D0,1.0D0;                                              1305P   1419
192,1303,1305,.1D0,1309;                                            1307P   1420
123,.889114213765792D0,-.457685388536314D0,0.0D0;                   1309P   1421
110,50.0587255419309D0,-20.025209379036D0,4.5D0,                    1311P   1422
50.0587255419309D0,-20.025209379036D0,-4.5D0;                       1311P   1423
100,0.0D0,0.0D0,0.0D0,4.57685388536314D-2,-8.89114213765793D-2,     1313P   1424
4.57685388536202D-2,.088911421376585D0;                             1313P   1425
124,.889114213765792D0,.457685388536314D0,0.0D0,                    1315P   1426
50.0587255419309D0,-.457685388536314D0,.889114213765792D0,0.0D0,    1315P   1427
-19.925209379036D0,0.0D0,0.0D0,1.0D0,-4.5D0;                        1315P   1428
110,50.140112458807D0,-19.8671045620119D0,-4.5D0,                   1317P   1429
50.140112458807D0,-19.8671045620119D0,4.5D0;                        1317P   1430
508,4,0,13,22,1,0,0,13,259,1,0,0,13,260,1,0,0,13,261,1,0;           1319P   1431
510,1307,1,1,1319;                                                  1321P   1432
116,50.2529887270872D0,-20.025209379036D0,0.0D0,0;                  1323P   1433
123,0.0D0,-1.0D0,0.0D0;                                             1325P   1434
190,1323,1325,1329;                                                 1327P   1435
123,0.0D0,0.0D0,-1.0D0;                                             1329P   1436
110,49.7450414139482D0,-20.025209379036D0,-4.5D0,                   1331P   1437
49.7450414139482D0,-20.025209379036D0,4.5D0;                        1331P   1438
110,49.7450414139482D0,-20.025209379036D0,-4.5D0,                   1333P   1439
50.0587255419309D0,-20.025209379036D0,-4.5D0;                       1333P   1440
508,4,0,13,259,0,0,0,13,21,1,0,0,13,262,0,0,0,13,263,1,0;           1335P   1441
510,1327,1,1,1335;                                                  1337P   1442
116,49.5733732202581D0,-20.7563435819992D0,0.0D0,0;                 1339P   1443
123,0.0D0,0.0D0,1.0D0;                                              1341P   1444
192,1339,1341,.1D0,1345;                                            1343P   1445
123,.889114213765872D0,-.457685388536159D0,0.0D0;                   1345P   1446
110,49.5733732202581D0,-20.8563435819992D0,4.5D0,                   1347P   1447
49.5733732202581D0,-20.8563435819992D0,-4.5D0;                      1347P   1448
100,0.0D0,0.0D0,0.0D0,4.57685388536158D-2,-8.89114213765873D-2,     1349P   1449
4.57685388536326D-2,8.89114213765787D-2;                            1349P   1450
124,.889114213765872D0,.457685388536159D0,0.0D0,                    1351P   1451
49.5733732202581D0,-.457685388536159D0,.889114213765872D0,0.0D0,    1351P   1452
-20.7563435819992D0,0.0D0,0.0D0,1.0D0,-4.5D0;                       1351P   1453
110,49.6547601371342D0,-20.6982387649752D0,-4.5D0,                  1353P   1454
49.6547601371342D0,-20.6982387649752D0,4.5D0;                       1353P   1455
508,4,0,13,18,1,0,0,13,264,1,0,0,13,265,1,0,0,13,266,1,0;           1355P   1456
510,1343,1,1,1355;                                                  1357P   1457
116,49.7676364054145D0,-20.8563435819992D0,0.0D0,0;                 1359P   1458
123,0.0D0,-1.0D0,0.0D0;                                             1361P   1459
190,1359,1361,1365;                                                 1363P   1460
123,0.0D0,0.0D0,-1.0D0;                                             1365P   1461
110,49.2506856666287D0,-20.8563435819992D0,-4.5D0,                  1367P   1462
49.2506856666287D0,-20.8563435819992D0,4.5D0;                       1367P   1463
110,49.2506856666287D0,-20.8563435819992D0,-4.5D0,                  1369P   1464
49.5733732202581D0,-20.8563435819992D0,-4.5D0;                      1369P   1465
508,4,0,13,264,0,0,0,13,17,1,0,0,13,267,0,0,0,13,268,1,0;           1371P   1466
510,1363,1,1,1371;                                                  1373P   1467
116,57.3677547973325D0,5.04430868025874D0,0.0D0,0;                  1375P   1468
123,.813869168761029D0,.581048170240844D0,0.0D0;                    1377P   1469
190,1375,1377,1381;                                                 1379P   1470
123,0.0D0,0.0D0,-1.0D0;                                             1381P   1471
110,57.5355799072698D0,4.80923749387966D0,-4.5D0,                   1383P   1472
57.3677547973325D0,5.04430868025874D0,-4.5D0;                       1383P   1473
110,57.3677547973325D0,5.04430868025874D0,-4.5D0,                   1385P   1474
57.3677547973325D0,5.04430868025874D0,4.5D0;                        1385P   1475
508,4,0,13,4,0,0,0,13,269,1,0,0,13,270,1,0,0,13,8,1,0;              1387P   1476
510,1379,1,1,1387;                                                  1389P   1477
116,57.2996970342452D0,4.08424666123496D0,0.0D0,0;                  1391P   1478
123,.813869168761029D0,.581048170240844D0,0.0D0;                    1393P   1479
190,1391,1393,1397;                                                 1395P   1480
123,0.0D0,0.0D0,-1.0D0;                                             1397P   1481
110,57.4675221441825D0,3.84917547485588D0,-4.5D0,                   1399P   1482
57.2996970342452D0,4.08424666123496D0,-4.5D0;                       1399P   1483
110,57.2996970342452D0,4.08424666123494D0,4.5D0,                    1401P   1484
57.2996970342452D0,4.08424666123494D0,-4.5D0;                       1401P   1485
508,4,0,13,131,0,0,0,13,271,1,0,0,13,272,0,0,0,13,127,1,0;          1403P   1486
510,1395,1,1,1403;                                                  1405P   1487
116,.709624449680319D0,8.57829927169185D0,0.0D0,0;                  1407P   1488
123,0.0D0,0.0D0,1.0D0;                                              1409P   1489
192,1407,1409,56.7682378094642D0,1413;                              1411P   1490
123,.843700020322579D0,-.536814936181622D0,0.0D0;                   1413P   1491
110,57.2153723646354D0,3.12547646479387D0,4.5D0,                    1415P   1492
57.2153723646354D0,3.12547646479387D0,-4.5D0;                       1415P   1493
100,0.0D0,0.0D0,0.0D0,50.6010573912848D0,25.7325827478662D0,        1417P   1494
50.3410789455472D0,26.237541702493D0;                               1417P   1495
124,.843700020322579D0,.536814936181622D0,0.0D0,                    1419P   1496
.709624449680319D0,-.536814936181622D0,.843700020322579D0,0.0D0,    1419P   1497
8.57829927169185D0,0.0D0,0.0D0,1.0D0,-4.5D0;                        1419P   1498
508,4,0,13,132,1,0,0,13,124,1,0,0,13,273,1,0,0,13,274,1,0;          1421P   1499
510,1411,1,1,1421;                                                  1423P   1500
116,.709624449680319D0,8.57829927169185D0,0.0D0,0;                  1425P   1501
123,0.0D0,0.0D0,1.0D0;                                              1427P   1502
192,1425,1427,56.7682378094642D0,1431;                              1429P   1503
123,.843700020322579D0,-.536814936181622D0,0.0D0;                   1431P   1504
100,0.0D0,0.0D0,0.0D0,50.1575199549329D0,26.5867639242233D0,        1433P   1505
49.8887805887166D0,27.0876797707515D0;                              1433P   1506
508,4,0,13,6,1,0,0,13,128,1,0,0,13,272,1,0,0,13,275,1,0;            1435P   1507
510,1429,1,1,1435;                                                  1437P   1508
116,57.2153723646354D0,3.12547646479388D0,0.0D0,0;                  1439P   1509
123,.813869168761029D0,.581048170240844D0,0.0D0;                    1441P   1510
190,1439,1441,1445;                                                 1443P   1511
123,0.0D0,0.0D0,-1.0D0;                                             1445P   1512
110,57.3831974745727D0,2.8904052784148D0,-4.5D0,                    1447P   1513
57.2153723646354D0,3.12547646479388D0,-4.5D0;                       1447P   1514
508,4,0,13,136,0,0,0,13,276,1,0,0,13,273,0,0,0,13,123,1,0;          1449P   1515
510,1443,1,1,1449;                                                  1451P   1516
116,.709624449680319D0,8.57829927169185D0,0.0D0,0;                  1453P   1517
123,0.0D0,0.0D0,1.0D0;                                              1455P   1518
192,1453,1455,56.7682378094642D0,1459;                              1457P   1519
123,.843700020322579D0,-.536814936181622D0,0.0D0;                   1459P   1520
110,57.1148050277637D0,2.16827369095594D0,4.5D0,                    1461P   1521
57.1148050277637D0,2.16827369095594D0,-4.5D0;                       1461P   1522
100,0.0D0,0.0D0,0.0D0,51.030049473073D0,24.8710046996016D0,         1463P   1523
50.7789431713589D0,25.37975087332D0;                                1463P   1524
508,4,0,13,137,1,0,0,13,120,1,0,0,13,277,1,0,0,13,278,1,0;          1465P   1525
510,1457,1,1,1465;                                                  1467P   1526
116,57.1148050277637D0,2.16827369095596D0,0.0D0,0;                  1469P   1527
123,.813869168761029D0,.581048170240844D0,0.0D0;                    1471P   1528
190,1469,1471,1475;                                                 1473P   1529
123,0.0D0,0.0D0,-1.0D0;                                             1475P   1530
110,57.282630137701D0,1.93320250457688D0,-4.5D0,                    1477P   1531
57.1148050277637D0,2.16827369095596D0,-4.5D0;                       1477P   1532
508,4,0,13,141,0,0,0,13,279,1,0,0,13,277,0,0,0,13,119,1,0;          1479P   1533
510,1473,1,1,1479;                                                  1481P   1534
116,.709624449680319D0,8.57829927169185D0,0.0D0,0;                  1483P   1535
123,0.0D0,0.0D0,1.0D0;                                              1485P   1536
192,1483,1485,56.7682378094642D0,1489;                              1487P   1537
123,.843700020322579D0,-.536814936181622D0,0.0D0;                   1489P   1538
110,56.9980239318712D0,1.21291348918352D0,4.5D0,                    1491P   1539
56.9980239318712D0,1.21291348918352D0,-4.5D0;                       1491P   1540
100,0.0D0,0.0D0,0.0D0,51.4443728858401D0,24.002277441412D0,         1493P   1541
51.2022424182395D0,24.5145506859846D0;                              1493P   1542
508,4,0,13,142,1,0,0,13,116,1,0,0,13,280,1,0,0,13,281,1,0;          1495P   1543
510,1487,1,1,1495;                                                  1497P   1544
116,56.9980239318712D0,1.21291348918355D0,0.0D0,0;                  1499P   1545
123,.813869168761029D0,.581048170240844D0,0.0D0;                    1501P   1546
190,1499,1501,1505;                                                 1503P   1547
123,0.0D0,0.0D0,-1.0D0;                                             1505P   1548
110,57.1658490418085D0,.977842302804471D0,-4.5D0,                   1507P   1549
56.9980239318712D0,1.21291348918355D0,-4.5D0;                       1507P   1550
508,4,0,13,146,0,0,0,13,282,1,0,0,13,280,0,0,0,13,115,1,0;          1509P   1551
510,1503,1,1,1509;                                                  1511P   1552
116,.709624449680319D0,8.57829927169185D0,0.0D0,0;                  1513P   1553
123,0.0D0,0.0D0,1.0D0;                                              1515P   1554
192,1513,1515,56.7682378094642D0,1519;                              1517P   1555
123,.843700020322579D0,-.536814936181622D0,0.0D0;                   1519P   1556
110,56.86506264587D0,.259670479288692D0,4.5D0,56.86506264587D0,     1521P   1557
.259670479288692D0,-4.5D0;                                          1521P   1558
100,0.0D0,0.0D0,0.0D0,51.8439085316611D0,23.1266506903321D0,        1523P   1559
51.6108499725242D0,23.6421866396802D0;                              1523P   1560
508,4,0,13,147,1,0,0,13,112,1,0,0,13,283,1,0,0,13,284,1,0;          1525P   1561
510,1517,1,1,1525;                                                  1527P   1562
116,56.86506264587D0,.259670479288703D0,0.0D0,0;                    1529P   1563
123,.813869168761029D0,.581048170240844D0,0.0D0;                    1531P   1564
190,1529,1531,1535;                                                 1533P   1565
123,0.0D0,0.0D0,-1.0D0;                                             1535P   1566
110,57.0328877558073D0,2.45992929096247D-2,-4.5D0,                  1537P   1567
56.86506264587D0,.259670479288703D0,-4.5D0;                         1537P   1568
508,4,0,13,151,0,0,0,13,285,1,0,0,13,283,0,0,0,13,111,1,0;          1539P   1569
510,1533,1,1,1539;                                                  1541P   1570
116,.709624449680319D0,8.57829927169185D0,0.0D0,0;                  1543P   1571
123,0.0D0,0.0D0,1.0D0;                                              1545P   1572
192,1543,1545,56.7682378094642D0,1549;                              1547P   1573
123,.843700020322579D0,-.536814936181622D0,0.0D0;                   1549P   1574
110,56.7159593896937D0,-.691181327506734D0,4.5D0,                   1551P   1575
56.7159593896937D0,-.691181327506734D0,-4.5D0;                      1551P   1576
100,0.0D0,0.0D0,0.0D0,52.228541563378D0,22.2443761466662D0,         1553P   1577
52.00464328195D0,22.7629062535744D0;                                1553P   1578
508,4,0,13,152,1,0,0,13,108,1,0,0,13,286,1,0,0,13,287,1,0;          1555P   1579
510,1547,1,1,1555;                                                  1557P   1580
116,56.7159593896937D0,-.691181327506709D0,0.0D0,0;                 1559P   1581
123,.813869168761029D0,.581048170240844D0,0.0D0;                    1561P   1582
190,1559,1561,1565;                                                 1563P   1583
123,0.0D0,0.0D0,-1.0D0;                                             1565P   1584
110,56.883784499631D0,-.926252513885787D0,-4.5D0,                   1567P   1585
56.7159593896937D0,-.691181327506709D0,-4.5D0;                      1567P   1586
508,4,0,13,156,0,0,0,13,288,1,0,0,13,286,0,0,0,13,107,1,0;          1569P   1587
510,1563,1,1,1569;                                                  1571P   1588
116,.709624449680319D0,8.57829927169185D0,0.0D0,0;                  1573P   1589
123,0.0D0,0.0D0,1.0D0;                                              1575P   1590
192,1573,1575,56.7682378094642D0,1579;                              1577P   1591
123,.843700020322579D0,-.536814936181622D0,0.0D0;                   1579P   1592
110,56.5507570233107D0,-1.63936860733594D0,4.5D0,                   1581P   1593
56.5507570233107D0,-1.63936860733594D0,-4.5D0;                      1581P   1594
100,0.0D0,0.0D0,0.0D0,52.5981614176131D0,21.3557074216378D0,        1583P   1595
52.3835039813153D0,21.8769589895716D0;                              1583P   1596
508,4,0,13,157,1,0,0,13,104,1,0,0,13,289,1,0,0,13,290,1,0;          1585P   1597
510,1577,1,1,1585;                                                  1587P   1598
116,56.5507570233107D0,-1.63936860733592D0,0.0D0,0;                 1589P   1599
123,.813869168761029D0,.581048170240844D0,0.0D0;                    1591P   1600
190,1589,1591,1595;                                                 1593P   1601
123,0.0D0,0.0D0,-1.0D0;                                             1595P   1602
110,56.718582133248D0,-1.874439793715D0,-4.5D0,                     1597P   1603
56.5507570233107D0,-1.63936860733592D0,-4.5D0;                      1597P   1604
508,4,0,13,161,0,0,0,13,291,1,0,0,13,289,0,0,0,13,103,1,0;          1599P   1605
510,1593,1,1,1599;                                                  1601P   1606
116,.709624449680319D0,8.57829927169185D0,0.0D0,0;                  1603P   1607
123,0.0D0,0.0D0,1.0D0;                                              1605P   1608
192,1603,1605,56.7682378094642D0,1609;                              1607P   1609
123,.843700020322579D0,-.536814936181622D0,0.0D0;                   1609P   1610
110,56.3695030344045D0,-2.58461880225478D0,4.5D0,                   1611P   1611
56.3695030344045D0,-2.58461880225478D0,-4.5D0;                      1611P   1612
100,0.0D0,0.0D0,0.0D0,52.9526618465504D0,20.4608999644875D0,        1613P   1613
52.7473179165882D0,20.9845961742953D0;                              1613P   1614
508,4,0,13,162,1,0,0,13,100,1,0,0,13,292,1,0,0,13,293,1,0;          1615P   1615
510,1607,1,1,1615;                                                  1617P   1616
116,56.3695030344045D0,-2.58461880225475D0,0.0D0,0;                 1619P   1617
123,.813869168761029D0,.581048170240844D0,0.0D0;                    1621P   1618
190,1619,1621,1625;                                                 1623P   1619
123,0.0D0,0.0D0,-1.0D0;                                             1625P   1620
110,56.5373281443418D0,-2.81968998863382D0,-4.5D0,                  1627P   1621
56.3695030344045D0,-2.58461880225475D0,-4.5D0;                      1627P   1622
508,4,0,13,166,0,0,0,13,294,1,0,0,13,292,0,0,0,13,99,1,0;           1629P   1623
510,1623,1,1,1629;                                                  1631P   1624
116,.709624449680319D0,8.57829927169185D0,0.0D0,0;                  1633P   1625
123,0.0D0,0.0D0,1.0D0;                                              1635P   1626
192,1633,1635,56.7682378094642D0,1639;                              1637P   1627
123,.843700020322579D0,-.536814936181622D0,0.0D0;                   1639P   1628
110,56.1722495247229D0,-3.5266601985887D0,4.5D0,                    1641P   1629
56.1722495247229D0,-3.5266601985887D0,-4.5D0;                       1641P   1630
100,0.0D0,0.0D0,0.0D0,53.2919409484768D0,19.5602109890446D0,        1643P   1631
53.0959751674023D0,20.0860709202791D0;                              1643P   1632
508,4,0,13,167,1,0,0,13,96,1,0,0,13,295,1,0,0,13,296,1,0;           1645P   1633
510,1637,1,1,1645;                                                  1647P   1634
116,56.1722495247229D0,-3.52666019858867D0,0.0D0,0;                 1649P   1635
123,.813869168761029D0,.581048170240844D0,0.0D0;                    1651P   1636
190,1649,1651,1655;                                                 1653P   1637
123,0.0D0,0.0D0,-1.0D0;                                             1655P   1638
110,56.3400746346603D0,-3.76173138496775D0,-4.5D0,                  1657P   1639
56.1722495247229D0,-3.52666019858867D0,-4.5D0;                      1657P   1640
508,4,0,13,171,0,0,0,13,297,1,0,0,13,295,0,0,0,13,95,1,0;           1659P   1641
510,1653,1,1,1659;                                                  1661P   1642
116,.709624449680319D0,8.57829927169185D0,0.0D0,0;                  1663P   1643
123,0.0D0,0.0D0,1.0D0;                                              1665P   1644
192,1663,1665,56.7682378094642D0,1669;                              1667P   1645
123,.843700020322579D0,-.536814936181622D0,0.0D0;                   1669P   1646
110,55.9590531951016D0,-4.4652220050375D0,4.5D0,                    1671P   1647
55.9590531951016D0,-4.4652220050375D0,-4.5D0;                       1671P   1648
100,0.0D0,0.0D0,0.0D0,53.615901197074D0,18.6538993997899D0,         1673P   1649
53.4293700678804D0,19.1816380463547D0;                              1673P   1650
508,4,0,13,172,1,0,0,13,92,1,0,0,13,298,1,0,0,13,299,1,0;           1675P   1651
510,1667,1,1,1675;                                                  1677P   1652
116,55.9590531951016D0,-4.46522200503749D0,0.0D0,0;                 1679P   1653
123,.813869168761029D0,.581048170240844D0,0.0D0;                    1681P   1654
190,1679,1681,1685;                                                 1683P   1655
123,0.0D0,0.0D0,-1.0D0;                                             1685P   1656
110,56.126878305039D0,-4.70029319141657D0,-4.5D0,                   1687P   1657
55.9590531951016D0,-4.46522200503749D0,-4.5D0;                      1687P   1658
508,4,0,13,176,0,0,0,13,300,1,0,0,13,298,0,0,0,13,91,1,0;           1689P   1659
510,1683,1,1,1689;                                                  1691P   1660
116,.709624449680319D0,8.57829927169185D0,0.0D0,0;                  1693P   1661
123,0.0D0,0.0D0,1.0D0;                                              1695P   1662
192,1693,1695,56.7682378094642D0,1699;                              1697P   1663
123,.843700020322579D0,-.536814936181622D0,0.0D0;                   1699P   1664
110,55.7299753291652D0,-5.40003443051469D0,4.5D0,                   1701P   1665
55.7299753291652D0,-5.40003443051469D0,-4.5D0;                      1701P   1666
100,0.0D0,0.0D0,0.0D0,53.9244494694523D0,17.7422257174337D0,        1703P   1667
53.7474012257199D0,18.2715539972209D0;                              1703P   1668
508,4,0,13,177,1,0,0,13,88,1,0,0,13,301,1,0,0,13,302,1,0;           1705P   1669
510,1697,1,1,1705;                                                  1707P   1670
116,55.7299753291652D0,-5.40003443051466D0,0.0D0,0;                 1709P   1671
123,.813869168761029D0,.581048170240844D0,0.0D0;                    1711P   1672
190,1709,1711,1715;                                                 1713P   1673
123,0.0D0,0.0D0,-1.0D0;                                             1715P   1674
110,55.8978004391026D0,-5.63510561689374D0,-4.5D0,                  1717P   1675
55.7299753291652D0,-5.40003443051466D0,-4.5D0;                      1717P   1676
508,4,0,13,181,0,0,0,13,303,1,0,0,13,301,0,0,0,13,87,1,0;           1719P   1677
510,1713,1,1,1719;                                                  1721P   1678
116,.709624449680319D0,8.57829927169185D0,0.0D0,0;                  1723P   1679
123,0.0D0,0.0D0,1.0D0;                                              1725P   1680
192,1723,1725,56.7682378094642D0,1729;                              1727P   1681
123,.843700020322579D0,-.536814936181622D0,0.0D0;                   1729P   1682
110,55.4850817757112D0,-6.33082876169915D0,4.5D0,                   1731P   1683
55.4850817757112D0,-6.33082876169915D0,-4.5D0;                      1731P   1684
100,0.0D0,0.0D0,0.0D0,54.2174970729193D0,16.8254520040285D0,        1733P   1685
54.0499715394682D0,17.3560767621763D0;                              1733P   1686
508,4,0,13,182,1,0,0,13,84,1,0,0,13,304,1,0,0,13,305,1,0;           1735P   1687
510,1727,1,1,1735;                                                  1737P   1688
116,55.4850817757112D0,-6.33082876169913D0,0.0D0,0;                 1739P   1689
123,.813869168761029D0,.581048170240844D0,0.0D0;                    1741P   1690
190,1739,1741,1745;                                                 1743P   1691
123,0.0D0,0.0D0,-1.0D0;                                             1745P   1692
110,55.6529068856486D0,-6.56589994807821D0,-4.5D0,                  1747P   1693
55.4850817757112D0,-6.33082876169913D0,-4.5D0;                      1747P   1694
508,4,0,13,186,0,0,0,13,306,1,0,0,13,304,0,0,0,13,83,1,0;           1749P   1695
510,1743,1,1,1749;                                                  1751P   1696
116,.709624449680319D0,8.57829927169185D0,0.0D0,0;                  1753P   1697
123,0.0D0,0.0D0,1.0D0;                                              1755P   1698
192,1753,1755,56.7682378094642D0,1759;                              1757P   1699
123,.843700020322579D0,-.536814936181622D0,0.0D0;                   1759P   1700
110,55.2244429297817D0,-7.25733744027753D0,4.5D0,                   1761P   1701
55.2244429297817D0,-7.25733744027753D0,-4.5D0;                      1761P   1702
100,0.0D0,0.0D0,0.0D0,54.4949597704745D0,15.9038417876388D0,        1763P   1703
54.3369882139155D0,16.4354657929944D0;                              1763P   1704
508,4,0,13,187,1,0,0,13,80,1,0,0,13,307,1,0,0,13,308,1,0;           1765P   1705
510,1757,1,1,1765;                                                  1767P   1706
116,55.2244429297817D0,-7.2573374402775D0,0.0D0,0;                  1769P   1707
123,.813869168761029D0,.581048170240844D0,0.0D0;                    1771P   1708
190,1769,1771,1775;                                                 1773P   1709
123,0.0D0,0.0D0,-1.0D0;                                             1775P   1710
110,55.3922680397191D0,-7.49240862665657D0,-4.5D0,                  1777P   1711
55.2244429297817D0,-7.2573374402775D0,-4.5D0;                       1777P   1712
508,4,0,13,191,0,0,0,13,309,1,0,0,13,307,0,0,0,13,79,1,0;           1779P   1713
510,1773,1,1,1779;                                                  1781P   1714
116,.709624449680319D0,8.57829927169185D0,0.0D0,0;                  1783P   1715
123,0.0D0,0.0D0,1.0D0;                                              1785P   1716
192,1783,1785,56.7682378094642D0,1789;                              1787P   1717
123,.843700020322579D0,-.536814936181622D0,0.0D0;                   1789P   1718
110,54.9481337124282D0,-8.17929413985402D0,4.5D0,                   1791P   1719
54.9481337124282D0,-8.17929413985402D0,-4.5D0;                      1791P   1720
100,0.0D0,0.0D0,0.0D0,54.7567578050234D0,14.9776599865896D0,        1793P   1721
54.6083627735235D0,15.5099819209156D0;                              1793P   1722
508,4,0,13,192,1,0,0,13,76,1,0,0,13,310,1,0,0,13,311,1,0;           1795P   1723
510,1787,1,1,1795;                                                  1797P   1724
116,54.9481337124283D0,-8.17929413985398D0,0.0D0,0;                 1799P   1725
123,.813869168761029D0,.581048170240844D0,0.0D0;                    1801P   1726
190,1799,1801,1805;                                                 1803P   1727
123,0.0D0,0.0D0,-1.0D0;                                             1805P   1728
110,55.1159588223656D0,-8.41436532623306D0,-4.5D0,                  1807P   1729
54.9481337124283D0,-8.17929413985398D0,-4.5D0;                      1807P   1730
508,4,0,13,196,0,0,0,13,312,1,0,0,13,310,0,0,0,13,75,1,0;           1809P   1731
510,1803,1,1,1809;                                                  1811P   1732
116,.709624449680319D0,8.57829927169185D0,0.0D0,0;                  1813P   1733
123,0.0D0,0.0D0,1.0D0;                                              1815P   1734
192,1813,1815,56.7682378094642D0,1819;                              1817P   1735
123,.843700020322579D0,-.536814936181622D0,0.0D0;                   1819P   1736
110,54.6562335491755D0,-9.09643384250651D0,4.5D0,                   1821P   1737
54.6562335491755D0,-9.09643384250651D0,-4.5D0;                      1821P   1738
100,0.0D0,0.0D0,0.0D0,55.0028159223039D0,14.0471728333151D0,        1823P   1739
54.8640110738031D0,14.5798872727291D0;                              1823P   1740
508,4,0,13,197,1,0,0,13,72,1,0,0,13,313,1,0,0,13,314,1,0;           1825P   1741
510,1817,1,1,1825;                                                  1827P   1742
116,54.6562335491755D0,-9.09643384250648D0,0.0D0,0;                 1829P   1743
123,.813869168761029D0,.581048170240844D0,0.0D0;                    1831P   1744
190,1829,1831,1835;                                                 1833P   1745
123,0.0D0,0.0D0,-1.0D0;                                             1835P   1746
110,54.8240586591129D0,-9.33150502888556D0,-4.5D0,                  1837P   1747
54.6562335491755D0,-9.09643384250648D0,-4.5D0;                      1837P   1748
508,4,0,13,201,0,0,0,13,315,1,0,0,13,313,0,0,0,13,71,1,0;           1839P   1749
510,1833,1,1,1839;                                                  1841P   1750
116,.709624449680319D0,8.57829927169185D0,0.0D0,0;                  1843P   1751
123,0.0D0,0.0D0,1.0D0;                                              1845P   1752
192,1843,1845,56.7682378094642D0,1849;                              1847P   1753
123,.843700020322579D0,-.536814936181622D0,0.0D0;                   1849P   1754
110,54.3488263471905D0,-10.0084929149663D0,4.5D0,                   1851P   1755
54.3488263471905D0,-10.0084929149663D0,-4.5D0;                      1851P   1756
100,0.0D0,0.0D0,0.0D0,55.2330633925183D0,13.1126477978301D0,        1853P   1757
55.1038533105468D0,13.6454451859079D0;                              1853P   1758
508,4,0,13,202,1,0,0,13,68,1,0,0,13,316,1,0,0,13,317,1,0;           1855P   1759
510,1847,1,1,1855;                                                  1857P   1760
116,54.3488263471905D0,-10.0084929149663D0,0.0D0,0;                 1859P   1761
123,.813869168761029D0,.581048170240844D0,0.0D0;                    1861P   1762
190,1859,1861,1865;                                                 1863P   1763
123,0.0D0,0.0D0,-1.0D0;                                             1865P   1764
110,54.5166514571278D0,-10.2435641013454D0,-4.5D0,                  1867P   1765
54.3488263471905D0,-10.0084929149663D0,-4.5D0;                      1867P   1766
508,4,0,13,206,0,0,0,13,318,1,0,0,13,316,0,0,0,13,67,1,0;           1869P   1767
510,1863,1,1,1869;                                                  1871P   1768
116,.709624449680319D0,8.57829927169185D0,0.0D0,0;                  1873P   1769
123,0.0D0,0.0D0,1.0D0;                                              1875P   1770
192,1873,1875,56.7682378094642D0,1879;                              1877P   1771
123,.843700020322579D0,-.536814936181622D0,0.0D0;                   1879P   1772
110,54.0260004711632D0,-10.9152091844D0,4.5D0,                      1881P   1773
54.0260004711632D0,-10.9152091844D0,-4.5D0;                         1881P   1774
100,0.0D0,0.0D0,0.0D0,55.4474340306642D0,12.1743535108447D0,        1883P   1775
55.3278140268133D0,12.7069201227614D0;                              1883P   1776
508,4,0,13,207,1,0,0,13,64,1,0,0,13,319,1,0,0,13,320,1,0;           1885P   1777
510,1877,1,1,1885;                                                  1887P   1778
116,54.0260004711632D0,-10.9152091843999D0,0.0D0,0;                 1889P   1779
123,.813869168761029D0,.581048170240844D0,0.0D0;                    1891P   1780
190,1889,1891,1895;                                                 1893P   1781
123,0.0D0,0.0D0,-1.0D0;                                             1895P   1782
110,54.1938255811005D0,-11.150280370779D0,-4.5D0,                   1897P   1783
54.0260004711632D0,-10.9152091843999D0,-4.5D0;                      1897P   1784
508,4,0,13,211,0,0,0,13,321,1,0,0,13,319,0,0,0,13,63,1,0;           1899P   1785
510,1893,1,1,1899;                                                  1901P   1786
116,.709624449680319D0,8.57829927169185D0,0.0D0,0;                  1903P   1787
123,0.0D0,0.0D0,1.0D0;                                              1905P   1788
192,1903,1905,56.7682378094642D0,1909;                              1907P   1789
123,.843700020322579D0,-.536814936181622D0,0.0D0;                   1909P   1790
110,53.687848717906D0,-11.8163220137712D0,4.5D0,                    1911P   1791
53.687848717906D0,-11.8163220137712D0,-4.5D0;                       1911P   1792
100,0.0D0,0.0D0,0.0D0,55.6458662155604D0,11.2325596865467D0,        1913P   1793
55.535822117552D0,11.7645775835558D0;                               1913P   1794
508,4,0,13,212,1,0,0,13,60,1,0,0,13,322,1,0,0,13,323,1,0;           1915P   1795
510,1907,1,1,1915;                                                  1917P   1796
116,53.687848717906D0,-11.8163220137712D0,0.0D0,0;                  1919P   1797
123,.813869168761029D0,.581048170240844D0,0.0D0;                    1921P   1798
190,1919,1921,1925;                                                 1923P   1799
123,0.0D0,0.0D0,-1.0D0;                                             1925P   1800
110,53.8556738278433D0,-12.0513932001503D0,-4.5D0,                  1927P   1801
53.687848717906D0,-11.8163220137712D0,-4.5D0;                       1927P   1802
508,4,0,13,216,0,0,0,13,324,1,0,0,13,322,0,0,0,13,59,1,0;           1929P   1803
510,1923,1,1,1929;                                                  1931P   1804
116,.709624449680319D0,8.57829927169185D0,0.0D0,0;                  1933P   1805
123,0.0D0,0.0D0,1.0D0;                                              1935P   1806
192,1933,1935,56.7682378094642D0,1939;                              1937P   1807
123,.843700020322579D0,-.536814936181622D0,0.0D0;                   1939P   1808
110,53.334468289679D0,-12.7115723767618D0,4.5D0,                    1941P   1809
53.334468289679D0,-12.7115723767618D0,-4.5D0;                       1941P   1810
100,0.0D0,0.0D0,0.0D0,55.828302907559D0,10.2875370450714D0,         1943P   1811
55.7278108317433D0,10.818684018554D0;                               1943P   1812
508,4,0,13,217,1,0,0,13,56,1,0,0,13,325,1,0,0,13,326,1,0;           1945P   1813
510,1937,1,1,1945;                                                  1947P   1814
116,53.3344682896791D0,-12.7115723767617D0,0.0D0,0;                 1949P   1815
123,.813869168761029D0,.581048170240844D0,0.0D0;                    1951P   1816
190,1949,1951,1955;                                                 1953P   1817
123,0.0D0,0.0D0,-1.0D0;                                             1955P   1818
110,53.5022933996164D0,-12.9466435631408D0,-4.5D0,                  1957P   1819
53.3344682896791D0,-12.7115723767617D0,-4.5D0;                      1957P   1820
508,4,0,13,221,0,0,0,13,327,1,0,0,13,325,0,0,0,13,55,1,0;           1959P   1821
510,1953,1,1,1959;                                                  1961P   1822
116,.709624449680319D0,8.57829927169185D0,0.0D0,0;                  1963P   1823
123,0.0D0,0.0D0,1.0D0;                                              1965P   1824
192,1963,1965,56.7682378094642D0,1969;                              1967P   1825
123,.843700020322579D0,-.536814936181622D0,0.0D0;                   1969P   1826
110,52.9659607662495D0,-13.6007029322283D0,4.5D0,                   1971P   1827
52.9659607662495D0,-13.6007029322283D0,-4.5D0;                      1971P   1828
100,0.0D0,0.0D0,0.0D0,55.9946916649424D0,9.3395572346825D0,         1973P   1829
55.9037177719201D0,9.86950673890971D0;                              1973P   1830
508,4,0,13,222,1,0,0,13,52,1,0,0,13,328,1,0,0,13,329,1,0;           1975P   1831
510,1967,1,1,1975;                                                  1977P   1832
116,52.9659607662495D0,-13.6007029322283D0,0.0D0,0;                 1979P   1833
123,.813869168761029D0,.581048170240844D0,0.0D0;                    1981P   1834
190,1979,1981,1985;                                                 1983P   1835
123,0.0D0,0.0D0,-1.0D0;                                             1985P   1836
110,53.1337858761868D0,-13.8357741186074D0,-4.5D0,                  1987P   1837
52.9659607662495D0,-13.6007029322283D0,-4.5D0;                      1987P   1838
508,4,0,13,226,0,0,0,13,330,1,0,0,13,328,0,0,0,13,51,1,0;           1989P   1839
510,1983,1,1,1989;                                                  1991P   1840
116,.709624449680319D0,8.57829927169185D0,0.0D0,0;                  1993P   1841
123,0.0D0,0.0D0,1.0D0;                                              1995P   1842
192,1993,1995,56.7682378094642D0,1999;                              1997P   1843
123,.843700020322579D0,-.536814936181622D0,0.0D0;                   1999P   1844
110,52.5824320756919D0,-14.4834580981763D0,4.5D0,                   2001P   1845
52.5824320756919D0,-14.4834580981763D0,-4.5D0;                      2001P   1846
100,0.0D0,0.0D0,0.0D0,56.1449846589971D0,8.38889275368695D0,        2003P   1847
56.0634848909186D0,8.91731382635024D0;                              2003P   1848
508,4,0,13,227,1,0,0,13,48,1,0,0,13,331,1,0,0,13,332,1,0;           2005P   1849
510,1997,1,1,2005;                                                  2007P   1850
116,52.582432075692D0,-14.4834580981762D0,0.0D0,0;                  2009P   1851
123,.813869168761029D0,.581048170240844D0,0.0D0;                    2011P   1852
190,2009,2011,2015;                                                 2013P   1853
123,0.0D0,0.0D0,-1.0D0;                                             2015P   1854
110,52.7502571856293D0,-14.7185292845553D0,-4.5D0,                  2017P   1855
52.582432075692D0,-14.4834580981762D0,-4.5D0;                       2017P   1856
508,4,0,13,231,0,0,0,13,333,1,0,0,13,331,0,0,0,13,47,1,0;           2019P   1857
510,2013,1,1,2019;                                                  2021P   1858
116,.709624449680319D0,8.57829927169185D0,0.0D0,0;                  2023P   1859
123,0.0D0,0.0D0,1.0D0;                                              2025P   1860
192,2023,2025,56.7682378094642D0,2029;                              2027P   1861
123,.843700020322579D0,-.536814936181622D0,0.0D0;                   2029P   1862
110,52.1839924639397D0,-15.3595841252267D0,4.5D0,                   2031P   1863
52.1839924639397D0,-15.3595841252267D0,-4.5D0;                      2031P   1864
100,0.0D0,0.0D0,0.0D0,56.2791386877625D0,7.43581687210433D0,        2033P   1865
56.2070584856931D0,7.96237404156314D0;                              2033P   1866
508,4,0,13,232,1,0,0,13,44,1,0,0,13,334,1,0,0,13,335,1,0;           2035P   1867
510,2027,1,1,2035;                                                  2037P   1868
116,52.1839924639397D0,-15.3595841252266D0,0.0D0,0;                 2039P   1869
123,.813869168761029D0,.581048170240844D0,0.0D0;                    2041P   1870
190,2039,2041,2045;                                                 2043P   1871
123,0.0D0,0.0D0,-1.0D0;                                             2045P   1872
110,52.3518175738771D0,-15.5946553116057D0,-4.5D0,                  2047P   1873
52.1839924639397D0,-15.3595841252266D0,-4.5D0;                      2047P   1874
508,4,0,13,236,0,0,0,13,336,1,0,0,13,334,0,0,0,13,43,1,0;           2049P   1875
510,2043,1,1,2049;                                                  2051P   1876
116,.709624449680319D0,8.57829927169185D0,0.0D0,0;                  2053P   1877
123,0.0D0,0.0D0,1.0D0;                                              2055P   1878
192,2053,2055,56.7682378094642D0,2059;                              2057P   1879
123,.843700020322579D0,-.536814936181622D0,0.0D0;                   2059P   1880
110,51.7707564630938D0,-16.2288291695574D0,4.5D0,                   2061P   1881
51.7707564630938D0,-16.2288291695574D0,-4.5D0;                      2061P   1882
100,0.0D0,0.0D0,0.0D0,56.3971151884494D0,6.48060355311524D0,        2063P   1883
56.3343891880079D0,7.00495673119671D0;                              2063P   1884
508,4,0,13,237,1,0,0,13,40,1,0,0,13,337,1,0,0,13,338,1,0;           2065P   1885
510,2057,1,1,2065;                                                  2067P   1886
116,51.7707564630939D0,-16.2288291695573D0,0.0D0,0;                 2069P   1887
123,.813869168761029D0,.581048170240844D0,0.0D0;                    2071P   1888
190,2069,2071,2075;                                                 2073P   1889
123,0.0D0,0.0D0,-1.0D0;                                             2075P   1890
110,51.9385815730312D0,-16.4639003559364D0,-4.5D0,                  2077P   1891
51.7707564630939D0,-16.2288291695573D0,-4.5D0;                      2077P   1892
508,4,0,13,241,0,0,0,13,339,1,0,0,13,337,0,0,0,13,39,1,0;           2079P   1893
510,2073,1,1,2079;                                                  2081P   1894
116,.709624449680319D0,8.57829927169185D0,0.0D0,0;                  2083P   1895
123,0.0D0,0.0D0,1.0D0;                                              2085P   1896
192,2083,2085,56.7682378094642D0,2089;                              2087P   1897
123,.843700020322579D0,-.536814936181622D0,0.0D0;                   2089P   1898
110,51.3428428585012D0,-17.0909433652954D0,4.5D0,                   2091P   1899
51.3428428585012D0,-17.0909433652954D0,-4.5D0;                      2091P   1900
100,0.0D0,0.0D0,0.0D0,56.4988802485246D0,5.52352737431005D0,        2093P   1901
56.4454319518013D0,6.04533173336644D0;                              2093P   1902
508,4,0,13,242,1,0,0,13,36,1,0,0,13,340,1,0,0,13,341,1,0;           2095P   1903
510,2087,1,1,2095;                                                  2097P   1904
116,51.3428428585012D0,-17.0909433652953D0,0.0D0,0;                 2099P   1905
123,.813869168761029D0,.581048170240844D0,0.0D0;                    2101P   1906
190,2099,2101,2105;                                                 2103P   1907
123,0.0D0,0.0D0,-1.0D0;                                             2105P   1908
110,51.5106679684386D0,-17.3260145516744D0,-4.5D0,                  2107P   1909
51.3428428585012D0,-17.0909433652953D0,-4.5D0;                      2107P   1910
508,4,0,13,246,0,0,0,13,342,1,0,0,13,340,0,0,0,13,35,1,0;           2109P   1911
510,2103,1,1,2109;                                                  2111P   1912
116,.709624449680319D0,8.57829927169185D0,0.0D0,0;                  2113P   1913
123,0.0D0,0.0D0,1.0D0;                                              2115P   1914
192,2113,2115,56.7682378094642D0,2119;                              2117P   1915
123,.843700020322579D0,-.536814936181622D0,0.0D0;                   2119P   1916
110,50.9003746546091D0,-17.9456788963417D0,4.5D0,                   2121P   1917
50.9003746546091D0,-17.9456788963417D0,-4.5D0;                      2121P   1918
100,0.0D0,0.0D0,0.0D0,56.5844046154596D0,4.56486344876112D0,        2123P   1919
56.5401460369877D0,5.08376928154502D0;                              2123P   1920
508,4,0,13,247,1,0,0,13,32,1,0,0,13,343,1,0,0,13,344,1,0;           2125P   1921
510,2117,1,1,2125;                                                  2127P   1922
116,50.9003746546092D0,-17.9456788963416D0,0.0D0,0;                 2129P   1923
123,.813869168761029D0,.581048170240844D0,0.0D0;                    2131P   1924
190,2129,2131,2135;                                                 2133P   1925
123,0.0D0,0.0D0,-1.0D0;                                             2135P   1926
110,51.0681997645465D0,-18.1807500827207D0,-4.5D0,                  2137P   1927
50.9003746546092D0,-17.9456788963416D0,-4.5D0;                      2137P   1928
508,4,0,13,251,0,0,0,13,345,1,0,0,13,343,0,0,0,13,31,1,0;           2139P   1929
510,2133,1,1,2139;                                                  2141P   1930
116,.709624449680319D0,8.57829927169185D0,0.0D0,0;                  2143P   1931
123,0.0D0,0.0D0,1.0D0;                                              2145P   1932
192,2143,2145,56.7682378094642D0,2149;                              2147P   1933
123,.843700020322579D0,-.536814936181622D0,0.0D0;                   2149P   1934
110,50.4434790396077D0,-18.7927900676062D0,4.5D0,                   2151P   1935
50.4434790396077D0,-18.7927900676062D0,-4.5D0;                      2151P   1936
100,0.0D0,0.0D0,0.0D0,56.6536637051387D0,3.60488734594123D0,        2153P   1937
56.6184949894397D0,4.12053990669544D0;                              2153P   1938
508,4,0,13,252,1,0,0,13,28,1,0,0,13,346,1,0,0,13,347,1,0;           2155P   1939
510,2147,1,1,2155;                                                  2157P   1940
116,50.4434790396078D0,-18.792790067606D0,0.0D0,0;                  2159P   1941
123,.813869168761029D0,.581048170240844D0,0.0D0;                    2161P   1942
190,2159,2161,2165;                                                 2163P   1943
123,0.0D0,0.0D0,-1.0D0;                                             2165P   1944
110,50.6113041495451D0,-19.0278612539851D0,-4.5D0,                  2167P   1945
50.4434790396078D0,-18.792790067606D0,-4.5D0;                       2167P   1946
508,4,0,13,256,0,0,0,13,348,1,0,0,13,346,0,0,0,13,27,1,0;           2169P   1947
510,2163,1,1,2169;                                                  2171P   1948
116,.709624449680319D0,8.57829927169185D0,0.0D0,0;                  2173P   1949
123,0.0D0,0.0D0,1.0D0;                                              2175P   1950
192,2173,2175,56.7682378094642D0,2179;                              2177P   1951
123,.843700020322579D0,-.536814936181622D0,0.0D0;                   2179P   1952
110,49.9722873488694D0,-19.6320333756332D0,4.5D0,                   2181P   1953
49.9722873488694D0,-19.6320333756332D0,-4.5D0;                      2181P   1954
100,0.0D0,0.0D0,0.0D0,56.7066376089264D0,2.6438750125105D0,         2183P   1955
56.6804466168566D0,3.15591433748529D0;                              2183P   1956
508,4,0,13,257,1,0,0,13,24,1,0,0,13,349,1,0,0,13,350,1,0;           2185P   1957
510,2177,1,1,2185;                                                  2187P   1958
116,49.9722873488697D0,-19.6320333756329D0,0.0D0,0;                 2189P   1959
123,.813869168761029D0,.581048170240844D0,0.0D0;                    2191P   1960
190,2189,2191,2195;                                                 2193P   1961
123,0.0D0,0.0D0,-1.0D0;                                             2195P   1962
110,50.140112458807D0,-19.8671045620119D0,-4.5D0,                   2197P   1963
49.9722873488697D0,-19.6320333756329D0,-4.5D0;                      2197P   1964
508,4,0,13,261,0,0,0,13,351,1,0,0,13,349,0,0,0,13,23,1,0;           2199P   1965
510,2193,1,1,2199;                                                  2201P   1966
116,.709624449680319D0,8.57829927169185D0,0.0D0,0;                  2203P   1967
123,0.0D0,0.0D0,1.0D0;                                              2205P   1968
192,2203,2205,56.7682378094642D0,2209;                              2207P   1969
123,.843700020322579D0,-.536814936181622D0,0.0D0;                   2209P   1970
110,49.4869350271964D0,-20.4631675785969D0,4.5D0,                   2211P   1971
49.4869350271964D0,-20.4631675785969D0,-4.5D0;                      2211P   1972
100,0.0D0,0.0D0,0.0D0,56.7433110993895D0,1.68210269299526D0,        2213P   1973
56.72597296019D0,2.19016339839652D0;                                2213P   1974
508,4,0,13,262,1,0,0,13,20,1,0,0,13,352,1,0,0,13,353,1,0;           2215P   1975
510,2207,1,1,2215;                                                  2217P   1976
116,49.4869350271969D0,-20.4631675785961D0,0.0D0,0;                 2219P   1977
123,.813869168761029D0,.581048170240844D0,0.0D0;                    2221P   1978
190,2219,2221,2225;                                                 2223P   1979
123,0.0D0,0.0D0,-1.0D0;                                             2225P   1980
110,49.6547601371342D0,-20.6982387649752D0,-4.5D0,                  2227P   1981
49.4869350271969D0,-20.4631675785961D0,-4.5D0;                      2227P   1982
508,4,0,13,266,0,0,0,13,354,1,0,0,13,352,0,0,0,13,19,1,0;           2229P   1983
510,2223,1,1,2229;                                                  2231P   1984
116,49.0739997829488D0,-21.5791297690481D0,0.0D0,0;                 2233P   1985
123,0.0D0,0.0D0,1.0D0;                                              2235P   1986
192,2233,2235,.1D0,2239;                                            2237P   1987
123,.889114213765833D0,-.457685388536235D0,0.0D0;                   2239P   1988
110,49.0739997829488D0,-21.6791297690481D0,4.5D0,                   2241P   1989
49.0739997829488D0,-21.6791297690481D0,-4.5D0;                      2241P   1990
100,0.0D0,0.0D0,0.0D0,4.57685388536235D-2,-8.89114213765833D-2,     2243P   1991
4.57685388536281D-2,.088911421376581D0;                             2243P   1992
124,.889114213765833D0,.457685388536235D0,0.0D0,                    2245P   1993
49.0739997829488D0,-.457685388536235D0,.889114213765833D0,0.0D0,    2245P   1994
-21.5791297690481D0,0.0D0,0.0D0,1.0D0,-4.5D0;                       2245P   1995
110,49.1553866998249D0,-21.521024952024D0,-4.5D0,                   2247P   1996
49.1553866998249D0,-21.521024952024D0,4.5D0;                        2247P   1997
508,4,0,13,14,1,0,0,13,355,1,0,0,13,356,1,0,0,13,357,1,0;           2249P   1998
510,2237,1,1,2249;                                                  2251P   1999
116,53.8049577813664D0,-8.70014436085891D0,-4.5D0,0;                2253P   2000
123,0.0D0,0.0D0,-1.0D0;                                             2255P   2001
190,2253,2255,2259;                                                 2257P   2002
123,-1.0D0,0.0D0,0.0D0;                                             2259P   2003
100,0.0D0,0.0D0,0.0D0,56.7636736346748D0,.719846850381025D0,        2261P   2004
56.755050260252D0,1.22355790551731D0;                               2261P   2005
110,49.1553866998249D0,-21.521024952024D0,-4.5D0,                   2263P   2006
48.9875615898876D0,-21.2859537656449D0,-4.5D0;                      2263P   2007
110,48.7421219054286D0,-21.6791297690481D0,-4.5D0,                  2265P   2008
49.0739997829488D0,-21.6791297690481D0,-4.5D0;                      2265P   2009
100,0.0D0,0.0D0,0.0D0,56.7682378094642D0,0.0D0,                     2267P   2010
56.7676589190838D0,.256368559770154D0;                              2267P   2011
110,48.2547319038827D0,-21.6791297690481D0,-4.5D0,                  2269P   2012
48.6049878432023D0,-21.8957386851388D0,-4.5D0;                      2269P   2013
100,0.0D0,0.0D0,0.0D0,-47.9237601488247D0,29.6540464049173D0,       2271P   2014
-56.2857106469325D0,2.82277026285251D0;                             2271P   2015
124,-.815699059405341D0,.578476485680483D0,0.0D0,                   2273P   2016
.709624449680319D0,.578476485680483D0,.815699059405341D0,0.0D0,     2273P   2017
8.57829927169185D0,0.0D0,0.0D0,-1.0D0,-4.5D0;                       2273P   2018
110,57.3677547973325D0,5.04430868025874D0,-4.5D0,                   2275P   2019
56.9551590767663D0,5.04430868025874D0,-4.5D0;                       2275P   2020
508,123,0,13,3,0,0,0,13,7,0,0,0,13,275,0,0,0,13,271,0,0,0,13,       2277P   2021
130,0,0,0,13,133,0,0,0,13,274,0,0,0,13,276,0,0,0,13,135,0,0,0,      2277P   2022
13,138,0,0,0,13,278,0,0,0,13,279,0,0,0,13,140,0,0,0,13,143,0,0,     2277P   2023
0,13,281,0,0,0,13,282,0,0,0,13,145,0,0,0,13,148,0,0,0,13,284,0,     2277P   2024
0,0,13,285,0,0,0,13,150,0,0,0,13,153,0,0,0,13,287,0,0,0,13,288,     2277P   2025
0,0,0,13,155,0,0,0,13,158,0,0,0,13,290,0,0,0,13,291,0,0,0,13,       2277P   2026
160,0,0,0,13,163,0,0,0,13,293,0,0,0,13,294,0,0,0,13,165,0,0,0,      2277P   2027
13,168,0,0,0,13,296,0,0,0,13,297,0,0,0,13,170,0,0,0,13,173,0,0,     2277P   2028
0,13,299,0,0,0,13,300,0,0,0,13,175,0,0,0,13,178,0,0,0,13,302,0,     2277P   2029
0,0,13,303,0,0,0,13,180,0,0,0,13,183,0,0,0,13,305,0,0,0,13,306,     2277P   2030
0,0,0,13,185,0,0,0,13,188,0,0,0,13,308,0,0,0,13,309,0,0,0,13,       2277P   2031
190,0,0,0,13,193,0,0,0,13,311,0,0,0,13,312,0,0,0,13,195,0,0,0,      2277P   2032
13,198,0,0,0,13,314,0,0,0,13,315,0,0,0,13,200,0,0,0,13,203,0,0,     2277P   2033
0,13,317,0,0,0,13,318,0,0,0,13,205,0,0,0,13,208,0,0,0,13,320,0,     2277P   2034
0,0,13,321,0,0,0,13,210,0,0,0,13,213,0,0,0,13,323,0,0,0,13,324,     2277P   2035
0,0,0,13,215,0,0,0,13,218,0,0,0,13,326,0,0,0,13,327,0,0,0,13,       2277P   2036
220,0,0,0,13,223,0,0,0,13,329,0,0,0,13,330,0,0,0,13,225,0,0,0,      2277P   2037
13,228,0,0,0,13,332,0,0,0,13,333,0,0,0,13,230,0,0,0,13,233,0,0,     2277P   2038
0,13,335,0,0,0,13,336,0,0,0,13,235,0,0,0,13,238,0,0,0,13,338,0,     2277P   2039
0,0,13,339,0,0,0,13,240,0,0,0,13,243,0,0,0,13,341,0,0,0,13,342,     2277P   2040
0,0,0,13,245,0,0,0,13,248,0,0,0,13,344,0,0,0,13,345,0,0,0,13,       2277P   2041
250,0,0,0,13,253,0,0,0,13,347,0,0,0,13,348,0,0,0,13,255,0,0,0,      2277P   2042
13,258,0,0,0,13,350,0,0,0,13,351,0,0,0,13,260,0,0,0,13,263,0,0,     2277P   2043
0,13,353,0,0,0,13,354,0,0,0,13,265,0,0,0,13,268,0,0,0,13,358,0,     2277P   2044
0,0,13,359,0,0,0,13,356,0,0,0,13,360,0,0,0,13,361,0,0,0,13,362,     2277P   2045
0,0,0,13,363,0,0,0,13,364,0,0,0,13,269,0,0;                         2277P   2046
510,2257,1,1,2277;                                                  2279P   2047
116,49.2682629681051D0,-21.6791297690481D0,0.0D0,0;                 2281P   2048
123,0.0D0,-1.0D0,0.0D0;                                             2283P   2049
190,2281,2283,2287;                                                 2285P   2050
123,0.0D0,0.0D0,-1.0D0;                                             2287P   2051
110,48.7421219054286D0,-21.6791297690481D0,-4.5D0,                  2289P   2052
48.7421219054286D0,-21.6791297690481D0,4.5D0;                       2289P   2053
508,4,0,13,355,0,0,0,13,13,1,0,0,13,365,0,0,0,13,360,1,0;           2291P   2054
510,2285,1,1,2291;                                                  2293P   2055
116,48.9875615898876D0,-21.2859537656449D0,0.0D0,0;                 2295P   2056
123,.813869168761029D0,.581048170240844D0,0.0D0;                    2297P   2057
190,2295,2297,2301;                                                 2299P   2058
123,0.0D0,0.0D0,-1.0D0;                                             2301P   2059
110,48.9875615898876D0,-21.2859537656449D0,4.5D0,                   2303P   2060
48.9875615898876D0,-21.2859537656449D0,-4.5D0;                      2303P   2061
508,4,0,13,357,0,0,0,13,359,1,0,0,13,366,0,0,0,13,15,1,0;           2305P   2062
510,2299,1,1,2305;                                                  2307P   2063
116,.709624449680319D0,8.57829927169185D0,0.0D0,0;                  2309P   2064
123,0.0D0,0.0D0,1.0D0;                                              2311P   2065
192,2309,2311,56.7682378094642D0,2315;                              2313P   2066
123,.843700020322579D0,-.536814936181622D0,0.0D0;                   2315P   2067
508,4,0,13,267,1,0,0,13,16,1,0,0,13,366,1,0,0,13,358,1,0;           2317P   2068
510,2313,1,1,2317;                                                  2319P   2069
116,.709624449680319D0,8.57829927169185D0,0.0D0,0;                  2321P   2070
123,0.0D0,0.0D0,1.0D0;                                              2323P   2071
192,2321,2323,56.7682378094642D0,2327;                              2325P   2072
123,.843700020322579D0,-.536814936181622D0,0.0D0;                   2327P   2073
110,48.6049878432023D0,-21.8957386851388D0,4.5D0,                   2329P   2074
48.6049878432023D0,-21.8957386851388D0,-4.5D0;                      2329P   2075
508,4,0,13,365,1,0,0,13,12,1,0,0,13,367,1,0,0,13,361,1,0;           2331P   2076
510,2325,1,1,2331;                                                  2333P   2077
116,48.6049878432023D0,-21.8957386851388D0,0.0D0,0;                 2335P   2078
123,-.525975044895618D0,-.85050000126223D0,0.0D0;                   2337P   2079
190,2335,2337,2341;                                                 2339P   2080
123,0.0D0,0.0D0,1.0D0;                                              2341P   2081
110,48.2547319038827D0,-21.6791297690481D0,-4.5D0,                  2343P   2082
48.2547319038827D0,-21.6791297690481D0,4.5D0;                       2343P   2083
508,4,0,13,11,1,0,0,13,368,0,0,0,13,362,1,0,0,13,367,0,0;           2345P   2084
510,2339,1,1,2345;                                                  2347P   2085
116,56.9551590767663D0,5.04430868025874D0,0.0D0,0;                  2349P   2086
123,0.0D0,1.0D0,0.0D0;                                              2351P   2087
190,2349,2351,2355;                                                 2353P   2088
123,0.0D0,0.0D0,1.0D0;                                              2355P   2089
110,56.9551590767663D0,5.04430868025874D0,4.5D0,                    2357P   2090
56.9551590767663D0,5.04430868025874D0,-4.5D0;                       2357P   2091
508,4,0,13,9,1,0,0,13,270,0,0,0,13,364,1,0,0,13,369,0,0;            2359P   2092
510,2353,1,1,2359;                                                  2361P   2093
116,-8.31722222512239D0,7.60577621445083D0,1.00000000000001D0,0;    2363P   2094
123,-2.77555756156289D-16,9.48150126467562D-33,-1.0D0;              2365P   2095
192,2363,2365,2.0D0,2369;                                           2367P   2096
123,-.707106781186548D0,-.707106781186547D0,                        2369P   2097
1.96261557335472D-16;                                               2369P   2098
100,0.0D0,0.0D0,0.0D0,-1.41421356237309D0,1.4142135623731D0,        2371P   2099
-1.4142135623731D0,-1.41421356237309D0;                             2371P   2100
124,-.707106781186548D0,.707106781186547D0,0.0D0,                   2373P   2101
-8.31722222512239D0,-.707106781186547D0,-.707106781186548D0,        2373P   2102
0.0D0,7.60577621445083D0,1.96261557335472D-16,0.0D0,1.0D0,2.0D0;    2373P   2103
124,.707106781186548D0,.707106781186547D0,0.0D0,                    2375P   2104
-8.31722222512239D0,.707106781186547D0,-.707106781186548D0,         2375P   2105
0.0D0,7.60577621445083D0,-1.96261557335472D-16,0.0D0,-1.0D0,        2375P   2106
2.0D0;                                                              2375P   2107
110,-10.3172222251224D0,7.60577621445083D0,2.0D0,                   2377P   2108
-10.3172222251224D0,7.60577621445083D0,-2.0D0;                      2377P   2109
100,0.0D0,0.0D0,0.0D0,-1.4142135623731D0,1.41421356237309D0,        2379P   2110
-1.41421356237309D0,-1.4142135623731D0;                             2379P   2111
124,-.707106781186548D0,-.707106781186547D0,0.0D0,                  2381P   2112
-8.31722222512239D0,-.707106781186547D0,.707106781186548D0,         2381P   2113
0.0D0,7.60577621445083D0,1.96261557335472D-16,0.0D0,-1.0D0,         2381P   2114
-2.0D0;                                                             2381P   2115
124,.707106781186548D0,-.707106781186547D0,0.0D0,                   2383P   2116
-8.31722222512239D0,.707106781186547D0,.707106781186548D0,0.0D0,    2383P   2117
7.60577621445083D0,-1.96261557335472D-16,0.0D0,1.0D0,-2.0D0;        2383P   2118
110,-8.31722222512239D0,5.60577621445083D0,-2.0D0,                  2385P   2119
-8.31722222512239D0,5.60577621445083D0,2.0D0;                       2385P   2120
508,4,0,13,370,1,0,0,13,371,1,0,0,13,372,1,0,0,13,373,1,0;          2387P   2121
510,2367,1,1,2387;                                                  2389P   2122
116,-10.3172222251224D0,11.6057762144508D0,2.0D0,0;                 2391P   2123
123,-1.0D0,0.0D0,0.0D0;                                             2393P   2124
190,2391,2393,2397;                                                 2395P   2125
123,0.0D0,0.0D0,1.0D0;                                              2397P   2126
110,-10.3172222251224D0,9.60577621445083D0,2.0D0,                   2399P   2127
-10.3172222251224D0,7.60577621445083D0,2.0D0;                       2399P   2128
110,-10.3172222251224D0,9.60577621445083D0,-2.0D0,                  2401P   2129
-10.3172222251224D0,9.60577621445083D0,2.0D0;                       2401P   2130
110,-10.3172222251224D0,9.60577621445083D0,-2.0D0,                  2403P   2131
-10.3172222251224D0,7.60577621445083D0,-2.0D0;                      2403P   2132
508,4,0,13,371,0,0,0,13,374,0,0,0,13,375,0,0,0,13,376,1,0;          2405P   2133
510,2395,1,1,2405;                                                  2407P   2134
116,-8.31722222512239D0,9.60577621445083D0,1.0D0,0;                 2409P   2135
123,2.77555756156289D-16,0.0D0,1.0D0;                               2411P   2136
192,2409,2411,2.0D0,2415;                                           2413P   2137
123,-.707106781186548D0,.707106781186548D0,1.96261557335472D-16;    2415P   2138
100,0.0D0,0.0D0,0.0D0,-1.41421356237309D0,1.4142135623731D0,        2417P   2139
-1.4142135623731D0,-1.41421356237309D0;                             2417P   2140
124,-.707106781186548D0,.707106781186548D0,0.0D0,                   2419P   2141
-8.31722222512239D0,.707106781186548D0,.707106781186548D0,0.0D0,    2419P   2142
9.60577621445083D0,1.96261557335472D-16,0.0D0,-1.0D0,-2.0D0;        2419P   2143
124,.707106781186548D0,.707106781186548D0,0.0D0,                    2421P   2144
-8.31722222512239D0,-.707106781186548D0,.707106781186548D0,         2421P   2145
0.0D0,9.60577621445083D0,-1.96261557335472D-16,0.0D0,1.0D0,         2421P   2146
-2.0D0;                                                             2421P   2147
100,0.0D0,0.0D0,0.0D0,-1.41421356237309D0,1.4142135623731D0,        2423P   2148
-1.4142135623731D0,-1.41421356237309D0;                             2423P   2149
124,-.707106781186548D0,-.707106781186548D0,0.0D0,                  2425P   2150
-8.31722222512239D0,.707106781186548D0,-.707106781186548D0,         2425P   2151
0.0D0,9.60577621445083D0,1.96261557335472D-16,0.0D0,1.0D0,2.0D0;    2425P   2152
124,.707106781186548D0,-.707106781186548D0,0.0D0,                   2427P   2153
-8.31722222512239D0,-.707106781186548D0,-.707106781186548D0,        2427P   2154
0.0D0,9.60577621445083D0,-1.96261557335472D-16,0.0D0,-1.0D0,        2427P   2155
2.0D0;                                                              2427P   2156
110,-8.31722222512239D0,11.6057762144508D0,2.0D0,                   2429P   2157
-8.31722222512239D0,11.6057762144508D0,-2.0D0;                      2429P   2158
508,4,0,13,377,1,0,0,13,375,1,0,0,13,378,1,0,0,13,379,1,0;          2431P   2159
510,2413,1,1,2431;                                                  2433P   2160
116,-10.3172222251224D0,11.6057762144508D0,-2.0D0,0;                2435P   2161
123,0.0D0,0.0D0,1.0D0;                                              2437P   2162
190,2435,2437,2441;                                                 2439P   2163
123,1.0D0,0.0D0,0.0D0;                                              2441P   2164
110,-15.9863836332545D0,5.60577621445083D0,-2.0D0,                  2443P   2165
-8.31722222512239D0,5.60577621445083D0,-2.0D0;                      2443P   2166
110,-8.31722222512239D0,11.6057762144508D0,-2.0D0,                  2445P   2167
-15.9863836332545D0,11.6057762144508D0,-2.0D0;                      2445P   2168
100,0.0D0,0.0D0,0.0D0,3.0D0,3.55453978297022D-31,-3.0D0,            2447P   2169
3.67394039744206D-16;                                               2447P   2170
124,0.0D0,-1.0D0,0.0D0,-15.9863836332545D0,-1.0D0,0.0D0,0.0D0,      2449P   2171
8.60577621445083D0,0.0D0,0.0D0,-1.0D0,-2.0D0;                       2449P   2172
508,6,0,13,380,1,0,0,13,372,0,0,0,13,376,0,0,0,13,377,0,0,0,13,     2451P   2173
381,1,0,0,13,382,0,0;                                               2451P   2174
100,0.0D0,0.0D0,0.0D0,-2.0D0,2.44929359829471D-16,-2.0D0,           2453P   2175
2.44929359829471D-16;                                               2453P   2176
124,-1.0D0,0.0D0,0.0D0,-15.9863836332545D0,0.0D0,-1.0D0,0.0D0,      2455P   2177
8.60577621445083D0,0.0D0,0.0D0,1.0D0,-2.0D0;                        2455P   2178
508,1,0,13,383,0,0;                                                 2457P   2179
510,2439,2,1,2451,2457;                                             2459P   2180
116,-18.9863836332545D0,11.6057762144508D0,2.0D0,0;                 2461P   2181
123,0.0D0,0.0D0,-1.0D0;                                             2463P   2182
190,2461,2463,2467;                                                 2465P   2183
123,-1.0D0,0.0D0,0.0D0;                                             2467P   2184
110,-8.31722222512239D0,5.60577621445083D0,2.0D0,                   2469P   2185
-15.9863836332545D0,5.60577621445083D0,2.0D0;                       2469P   2186
100,0.0D0,0.0D0,0.0D0,-3.0D0,3.67394039744206D-16,3.0D0,            2471P   2187
-7.34788079488412D-16;                                              2471P   2188
124,0.0D0,1.0D0,0.0D0,-15.9863836332545D0,-1.0D0,0.0D0,0.0D0,       2473P   2189
8.60577621445083D0,0.0D0,0.0D0,1.0D0,2.0D0;                         2473P   2190
110,-15.9863836332545D0,11.6057762144508D0,2.0D0,                   2475P   2191
-8.31722222512239D0,11.6057762144508D0,2.0D0;                       2475P   2192
508,6,0,13,384,1,0,0,13,385,0,0,0,13,386,1,0,0,13,378,0,0,0,13,     2477P   2193
374,1,0,0,13,370,0,0;                                               2477P   2194
100,0.0D0,0.0D0,0.0D0,-2.0D0,2.44929359829471D-16,-2.0D0,           2479P   2195
2.44929359829471D-16;                                               2479P   2196
124,-1.0D0,0.0D0,0.0D0,-15.9863836332545D0,0.0D0,1.0D0,0.0D0,       2481P   2197
8.60577621445083D0,0.0D0,0.0D0,-1.0D0,2.0D0;                        2481P   2198
508,1,0,13,387,0,0;                                                 2483P   2199
510,2465,2,1,2477,2483;                                             2485P   2200
116,49.0136163667455D0,5.60577621445083D0,0.0D0,0;                  2487P   2201
123,0.0D0,-1.0D0,0.0D0;                                             2489P   2202
190,2487,2489,2493;                                                 2491P   2203
123,0.0D0,0.0D0,-1.0D0;                                             2493P   2204
110,-15.9863836332545D0,5.60577621445083D0,-2.0D0,                  2495P   2205
-15.9863836332545D0,5.60577621445083D0,-5.0D0;                      2495P   2206
110,-15.9863836332545D0,5.60577621445083D0,-5.0D0,                  2497P   2207
49.0136163667455D0,5.60577621445083D0,-5.0D0;                       2497P   2208
110,49.0136163667455D0,5.60577621445083D0,0.0D0,                    2499P   2209
49.0136163667455D0,5.60577621445083D0,-5.0D0;                       2499P   2210
110,49.0136163667455D0,5.60577621445083D0,0.0D0,                    2501P   2211
49.0136163667455D0,5.60577621445083D0,5.0D0;                        2501P   2212
110,49.0136163667455D0,5.60577621445083D0,5.0D0,                    2503P   2213
-15.9863836332545D0,5.60577621445083D0,5.0D0;                       2503P   2214
110,-15.9863836332545D0,5.60577621445083D0,5.0D0,                   2505P   2215
-15.9863836332545D0,5.60577621445083D0,2.0D0;                       2505P   2216
508,9,0,13,380,0,0,0,13,388,1,0,0,13,389,1,0,0,13,390,0,0,0,13,     2507P   2217
391,1,0,0,13,392,1,0,0,13,393,1,0,0,13,384,0,0,0,13,373,0,0;        2507P   2218
510,2491,1,1,2507;                                                  2509P   2219
116,-15.9863836332545D0,8.60577621445083D0,0.0D0,0;                 2511P   2220
123,0.0D0,0.0D0,1.0D0;                                              2513P   2221
192,2511,2513,3.0D0,2517;                                           2515P   2222
123,0.0D0,-1.0D0,0.0D0;                                             2517P   2223
110,-15.9863836332545D0,11.6057762144508D0,-5.0D0,                  2519P   2224
-15.9863836332545D0,11.6057762144508D0,-2.0D0;                      2519P   2225
100,0.0D0,0.0D0,0.0D0,-3.0D0,3.67394039744206D-16,3.0D0,            2521P   2226
-7.34788079488412D-16;                                              2521P   2227
124,0.0D0,1.0D0,0.0D0,-15.9863836332545D0,-1.0D0,0.0D0,0.0D0,       2523P   2228
8.60577621445083D0,0.0D0,0.0D0,1.0D0,-5.0D0;                        2523P   2229
508,4,0,13,382,1,0,0,13,394,0,0,0,13,395,1,0,0,13,388,0,0;          2525P   2230
510,2515,1,1,2525;                                                  2527P   2231
120,2533,2531,0.0D0,6.28318530717959D0;                             2529P   2232
110,-17.9863836332545D0,8.60577621445083D0,0.0D0,                   2531P   2233
-17.9863836332545D0,8.60577621445083D0,5.15D0;                      2531P   2234
110,-15.9863836332545D0,8.60577621445083D0,0.0D0,                   2533P   2235
-15.9863836332545D0,8.60577621445083D0,1.0D0;                       2533P   2236
100,0.0D0,0.0D0,0.0D0,-2.0D0,2.44929359829471D-16,-2.0D0,           2535P   2237
2.44929359829471D-16;                                               2535P   2238
124,-1.0D0,0.0D0,0.0D0,-15.9863836332545D0,0.0D0,1.0D0,0.0D0,       2537P   2239
8.60577621445083D0,0.0D0,0.0D0,-1.0D0,5.0D0;                        2537P   2240
508,1,0,13,396,0,0;                                                 2539P   2241
508,1,0,13,387,1,0;                                                 2541P   2242
510,2529,2,1,2539,2541;                                             2543P   2243
120,2549,2547,0.0D0,6.28318530717959D0;                             2545P   2244
110,-17.9863836332545D0,8.60577621445083D0,-5.15D0,                 2547P   2245
-17.9863836332545D0,8.60577621445083D0,-1.85D0;                     2547P   2246
110,-15.9863836332545D0,8.60577621445083D0,-5.15D0,                 2549P   2247
-15.9863836332545D0,8.60577621445083D0,-4.15D0;                     2549P   2248
508,1,0,13,383,1,0;                                                 2551P   2249
100,0.0D0,0.0D0,0.0D0,-2.0D0,2.44929359829471D-16,-2.0D0,           2553P   2250
2.44929359829471D-16;                                               2553P   2251
124,-1.0D0,0.0D0,0.0D0,-15.9863836332545D0,0.0D0,-1.0D0,0.0D0,      2555P   2252
8.60577621445083D0,0.0D0,0.0D0,1.0D0,-5.0D0;                        2555P   2253
508,1,0,13,397,0,0;                                                 2557P   2254
510,2545,2,1,2551,2557;                                             2559P   2255
116,28.1407174460163D0,3.47523330671555D0,-5.0D0,0;                 2561P   2256
123,0.0D0,0.0D0,-1.0D0;                                             2563P   2257
190,2561,2563,2567;                                                 2565P   2258
123,-1.0D0,0.0D0,0.0D0;                                             2567P   2259
110,49.0136163667455D0,11.6057762144508D0,-5.0D0,                   2569P   2260
-15.9863836332545D0,11.6057762144508D0,-5.0D0;                      2569P   2261
126,7,4,1,0,1,0,0.0D0,0.0D0,0.0D0,0.0D0,0.0D0,.22357303068556D0,    2571P   2262
.37743583215429D0,.527378968671339D0,1.0D0,1.0D0,1.0D0,1.0D0,       2571P   2263
1.0D0,1.0D0,1.0D0,1.0D0,1.0D0,1.0D0,1.0D0,1.0D0,1.0D0,              2571P   2264
57.0593291368165D0,7.70649845751116D0,-5.0D0,57.212180823681D0,     2571P   2265
8.56675882460427D0,-5.0D0,57.6923942175246D0,9.54942173877312D0,    2571P   2266
-5.0D0,58.7935742368534D0,12.5471902023043D0,-5.0D0,                2571P   2267
54.0042472269867D0,13.9498239161051D0,-5.0D0,53.5973595943859D0,    2571P   2268
11.4930691596013D0,-5.0D0,49.3884039485128D0,11.7486199975914D0,    2571P   2269
-5.0D0,49.0136163667455D0,11.6057762144508D0,-5.0D0,0.0D0,1.0D0,    2571P   2270
0.0D0,0.0D0,1.0D0;                                                  2571P   2271
100,0.0D0,0.0D0,0.0D0,-56.3564482112479D0,6.90167439132183D-15,     2573P   2272
-46.4687173822663D0,-31.8858520324316D0;                            2573P   2273
124,-.815699059405341D0,-.578476485680483D0,0.0D0,                  2575P   2274
.709624449680319D0,.578476485680483D0,-.815699059405341D0,0.0D0,    2575P   2275
8.57829927169185D0,0.0D0,0.0D0,1.0D0,-5.0D0;                        2575P   2276
126,5,4,1,0,1,0,0.0D0,0.0D0,0.0D0,0.0D0,0.0D0,                      2577P   2277
.534692877397219D0,1.0D0,1.0D0,1.0D0,1.0D0,1.0D0,1.0D0,1.0D0,       2577P   2278
1.0D0,1.0D0,1.0D0,1.0D0,46.0150170671584D0,-22.3613077901249D0,     2577P   2279
-5.0D0,45.678368196703D0,-23.0249545977516D0,-5.0D0,                2577P   2280
45.4660298926667D0,-23.5911340183827D0,-5.0D0,                      2577P   2281
45.7160841273388D0,-24.1608695958272D0,-5.0D0,                      2577P   2282
46.5084009540547D0,-24.1927032122371D0,-5.0D0,46.679526247021D0,    2577P   2283
-24.022580834985D0,-5.0D0,0.0D0,1.0D0,0.0D0,0.0D0,1.0D0;            2577P   2284
100,0.0D0,0.0D0,0.0D0,50.0647038351994D0,-25.6946491790153D0,       2579P   2285
56.2733468574502D0,-1.3782994821257D-14;                            2579P   2286
124,.896570848058715D0,-.442900343656761D0,0.0D0,                   2581P   2287
-4.43802524792796D0,-.442900343656761D0,-.896570848058715D0,        2581P   2288
0.0D0,2.56217687175588D0,0.0D0,0.0D0,-1.0D0,-5.0D0;                 2581P   2289
126,5,4,1,0,1,0,0.0D0,0.0D0,0.0D0,0.0D0,0.0D0,.51295689448747D0,    2583P   2290
1.0D0,1.0D0,1.0D0,1.0D0,1.0D0,1.0D0,1.0D0,1.0D0,1.0D0,1.0D0,        2583P   2291
1.0D0,49.0136163667455D0,5.60577621445083D0,-5.0D0,                 2583P   2292
49.8208740751108D0,5.60884674392957D0,-5.0D0,51.0002873887974D0,    2583P   2293
5.63926552603596D0,-5.0D0,51.655835311403D0,5.14092125629838D0,     2583P   2294
-5.0D0,51.9501571758775D0,4.11767050521464D0,-5.0D0,                2583P   2295
51.828697678931D0,3.42557574307308D0,-5.0D0,0.0D0,1.0D0,0.0D0,      2583P   2296
0.0D0,1.0D0;                                                        2583P   2297
508,8,0,13,395,0,0,0,13,398,0,0,0,13,399,0,0,0,13,400,0,0,0,13,     2585P   2298
401,0,0,0,13,402,0,0,0,13,403,0,0,0,13,389,0,0;                     2585P   2299
508,1,0,13,397,1,0;                                                 2587P   2300
510,2565,2,1,2585,2587;                                             2589P   2301
128,7,1,4,1,0,0,1,0,0,-1.0D0,-1.0D0,-1.0D0,-1.0D0,-1.0D0,           2591P   2302
-.77642696931444D0,-.62256416784571D0,-.472621031328661D0,0.0D0,    2591P   2303
0.0D0,0.0D0,0.0D0,0.0D0,-.5D0,-.5D0,.5D0,.5D0,1.0D0,1.0D0,1.0D0,    2591P   2304
1.0D0,1.0D0,1.0D0,1.0D0,1.0D0,1.0D0,1.0D0,1.0D0,1.0D0,1.0D0,        2591P   2305
1.0D0,1.0D0,1.0D0,57.0593291368165D0,7.70649845751116D0,-5.0D0,     2591P   2306
57.212180823681D0,8.56675882460427D0,-5.0D0,57.6923942175246D0,     2591P   2307
9.54942173877312D0,-5.0D0,58.7935742368534D0,12.5471902023043D0,    2591P   2308
-5.0D0,54.0042472269867D0,13.9498239161051D0,-5.0D0,                2591P   2309
53.5973595943859D0,11.4930691596013D0,-5.0D0,49.3884039485128D0,    2591P   2310
11.7486199975914D0,-5.0D0,49.0136163667455D0,11.6057762144508D0,    2591P   2311
-5.0D0,57.0593291368165D0,7.70649845751116D0,5.0D0,                 2591P   2312
57.212180823681D0,8.56675882460427D0,5.0D0,57.6923942175246D0,      2591P   2313
9.54942173877312D0,5.0D0,58.7935742368534D0,12.5471902023043D0,     2591P   2314
5.0D0,54.0042472269867D0,13.9498239161051D0,5.0D0,                  2591P   2315
53.5973595943859D0,11.4930691596013D0,5.0D0,49.3884039485128D0,     2591P   2316
11.7486199975914D0,5.0D0,49.0136163667455D0,11.6057762144508D0,     2591P   2317
5.0D0,-1.0D0,0.0D0,-.5D0,.5D0;                                      2591P   2318
126,7,4,1,0,1,0,0.0D0,0.0D0,0.0D0,0.0D0,0.0D0,                      2593P   2319
.472621031328661D0,.62256416784571D0,.77642696931444D0,1.0D0,       2593P   2320
1.0D0,1.0D0,1.0D0,1.0D0,1.0D0,1.0D0,1.0D0,1.0D0,1.0D0,1.0D0,        2593P   2321
1.0D0,1.0D0,49.0136163667455D0,11.6057762144508D0,5.0D0,            2593P   2322
49.3884039485128D0,11.7486199975914D0,5.0D0,53.5973595943859D0,     2593P   2323
11.4930691596013D0,5.0D0,54.0042472269867D0,13.9498239161051D0,     2593P   2324
5.0D0,58.7935742368534D0,12.5471902023043D0,5.0D0,                  2593P   2325
57.6923942175246D0,9.54942173877312D0,5.0D0,57.212180823681D0,      2593P   2326
8.56675882460427D0,5.0D0,57.0593291368165D0,7.70649845751116D0,     2593P   2327
5.0D0,0.0D0,1.0D0,0.0D0,0.0D0,1.0D0;                                2593P   2328
110,57.0593291368165D0,7.70649845751116D0,0.0D0,                    2595P   2329
57.0593291368165D0,7.70649845751116D0,5.0D0;                        2595P   2330
110,57.0593291368165D0,7.70649845751116D0,0.0D0,                    2597P   2331
57.0593291368165D0,7.70649845751116D0,-5.0D0;                       2597P   2332
110,49.0136163667455D0,11.6057762144508D0,0.0D0,                    2599P   2333
49.0136163667455D0,11.6057762144508D0,-5.0D0;                       2599P   2334
110,49.0136163667455D0,11.6057762144508D0,0.0D0,                    2601P   2335
49.0136163667455D0,11.6057762144508D0,5.0D0;                        2601P   2336
508,6,0,13,404,1,0,0,13,405,0,0,0,13,406,1,0,0,13,399,1,0,0,13,     2603P   2337
407,0,0,0,13,408,1,0;                                               2603P   2338
510,2591,1,1,2603;                                                  2605P   2339
116,.709624449680319D0,8.57829927169185D0,0.0D0,0;                  2607P   2340
123,0.0D0,0.0D0,1.0D0;                                              2609P   2341
192,2607,2609,56.3564482112479D0,2613;                              2611P   2342
123,-.815699059405341D0,.578476485680483D0,0.0D0;                   2613P   2343
100,0.0D0,0.0D0,0.0D0,-46.4687173822663D0,31.8858520324316D0,       2615P   2344
-56.3564482112479D0,6.90167439132183D-15;                           2615P   2345
124,-.815699059405341D0,.578476485680483D0,0.0D0,                   2617P   2346
.709624449680319D0,.578476485680483D0,.815699059405341D0,0.0D0,     2617P   2347
8.57829927169185D0,0.0D0,0.0D0,-1.0D0,5.0D0;                        2617P   2348
110,46.679526247021D0,-24.022580834985D0,0.0D0,                     2619P   2349
46.679526247021D0,-24.022580834985D0,5.0D0;                         2619P   2350
110,46.679526247021D0,-24.022580834985D0,0.0D0,                     2621P   2351
46.679526247021D0,-24.022580834985D0,-5.0D0;                        2621P   2352
508,6,0,13,409,1,0,0,13,410,0,0,0,13,411,1,0,0,13,400,1,0,0,13,     2623P   2353
406,0,0,0,13,405,1,0;                                               2623P   2354
508,4,0,13,363,1,0,0,13,368,1,0,0,13,10,1,0,0,13,369,1,0;           2625P   2355
510,2611,2,1,2623,2625;                                             2627P   2356
128,5,1,4,1,0,0,1,0,0,-1.0D0,-1.0D0,-1.0D0,-1.0D0,-1.0D0,           2629P   2357
-.465307122602781D0,0.0D0,0.0D0,0.0D0,0.0D0,0.0D0,-.5D0,-.5D0,      2629P   2358
.5D0,.5D0,1.0D0,1.0D0,1.0D0,1.0D0,1.0D0,1.0D0,1.0D0,1.0D0,1.0D0,    2629P   2359
1.0D0,1.0D0,1.0D0,46.0150170671584D0,-22.3613077901249D0,-5.0D0,    2629P   2360
45.678368196703D0,-23.0249545977516D0,-5.0D0,45.4660298926667D0,    2629P   2361
-23.5911340183827D0,-5.0D0,45.7160841273388D0,                      2629P   2362
-24.1608695958272D0,-5.0D0,46.5084009540547D0,                      2629P   2363
-24.1927032122371D0,-5.0D0,46.679526247021D0,-24.022580834985D0,    2629P   2364
-5.0D0,46.0150170671584D0,-22.3613077901249D0,5.0D0,                2629P   2365
45.678368196703D0,-23.0249545977516D0,5.0D0,45.4660298926667D0,     2629P   2366
-23.5911340183827D0,5.0D0,45.7160841273388D0,                       2629P   2367
-24.1608695958272D0,5.0D0,46.5084009540547D0,                       2629P   2368
-24.1927032122371D0,5.0D0,46.679526247021D0,-24.022580834985D0,     2629P   2369
5.0D0,-1.0D0,0.0D0,-.5D0,.5D0;                                      2629P   2370
126,5,4,1,0,1,0,0.0D0,0.0D0,0.0D0,0.0D0,0.0D0,                      2631P   2371
.465307122602781D0,1.0D0,1.0D0,1.0D0,1.0D0,1.0D0,1.0D0,1.0D0,       2631P   2372
1.0D0,1.0D0,1.0D0,1.0D0,46.679526247021D0,-24.022580834985D0,       2631P   2373
5.0D0,46.5084009540547D0,-24.1927032122371D0,5.0D0,                 2631P   2374
45.7160841273388D0,-24.1608695958272D0,5.0D0,45.4660298926667D0,    2631P   2375
-23.5911340183827D0,5.0D0,45.678368196703D0,-23.0249545977516D0,    2631P   2376
5.0D0,46.0150170671584D0,-22.3613077901249D0,5.0D0,0.0D0,1.0D0,     2631P   2377
0.0D0,0.0D0,1.0D0;                                                  2631P   2378
110,46.0150170671584D0,-22.3613077901249D0,0.0D0,                   2633P   2379
46.0150170671584D0,-22.3613077901249D0,5.0D0;                       2633P   2380
110,46.0150170671584D0,-22.3613077901249D0,0.0D0,                   2635P   2381
46.0150170671584D0,-22.3613077901249D0,-5.0D0;                      2635P   2382
508,6,0,13,412,1,0,0,13,413,0,0,0,13,414,1,0,0,13,401,1,0,0,13,     2637P   2383
411,0,0,0,13,410,1,0;                                               2637P   2384
510,2629,1,1,2637;                                                  2639P   2385
120,2645,2643,0.0D0,6.28318530717959D0;                             2641P   2386
110,46.0150170671584D0,-22.3613077901249D0,-5.5D0,                  2643P   2387
46.0150170671584D0,-22.3613077901249D0,5.5D0;                       2643P   2388
110,-4.43802524792796D0,2.56217687175588D0,-5.5D0,                  2645P   2389
-4.43802524792796D0,2.56217687175588D0,-4.5D0;                      2645P   2390
100,0.0D0,0.0D0,0.0D0,56.2733468574502D0,0.0D0,                     2647P   2391
50.0647038351994D0,25.6946491790153D0;                              2647P   2392
124,.896570848058715D0,.442900343656761D0,0.0D0,                    2649P   2393
-4.43802524792796D0,-.442900343656761D0,.896570848058715D0,         2649P   2394
0.0D0,2.56217687175588D0,0.0D0,0.0D0,1.0D0,5.0D0;                   2649P   2395
110,51.828697678931D0,3.42557574307308D0,0.0D0,                     2651P   2396
51.828697678931D0,3.42557574307308D0,5.0D0;                         2651P   2397
110,51.828697678931D0,3.42557574307308D0,0.0D0,                     2653P   2398
51.828697678931D0,3.42557574307308D0,-5.0D0;                        2653P   2399
508,6,0,13,415,1,0,0,13,416,0,0,0,13,417,1,0,0,13,402,1,0,0,13,     2655P   2400
414,0,0,0,13,413,1,0;                                               2655P   2401
510,2641,1,1,2655;                                                  2657P   2402
128,5,1,4,1,0,0,1,0,0,-1.0D0,-1.0D0,-1.0D0,-1.0D0,-1.0D0,           2659P   2403
-.48704310551253D0,0.0D0,0.0D0,0.0D0,0.0D0,0.0D0,-.5D0,-.5D0,       2659P   2404
.5D0,.5D0,1.0D0,1.0D0,1.0D0,1.0D0,1.0D0,1.0D0,1.0D0,1.0D0,1.0D0,    2659P   2405
1.0D0,1.0D0,1.0D0,49.0136163667455D0,5.60577621445083D0,-5.0D0,     2659P   2406
49.8208740751108D0,5.60884674392957D0,-5.0D0,51.0002873887974D0,    2659P   2407
5.63926552603596D0,-5.0D0,51.655835311403D0,5.14092125629838D0,     2659P   2408
-5.0D0,51.9501571758775D0,4.11767050521464D0,-5.0D0,                2659P   2409
51.828697678931D0,3.42557574307308D0,-5.0D0,49.0136163667455D0,     2659P   2410
5.60577621445083D0,5.0D0,49.8208740751108D0,5.60884674392957D0,     2659P   2411
5.0D0,51.0002873887974D0,5.63926552603596D0,5.0D0,                  2659P   2412
51.655835311403D0,5.14092125629838D0,5.0D0,51.9501571758775D0,      2659P   2413
4.11767050521464D0,5.0D0,51.828697678931D0,3.42557574307308D0,      2659P   2414
5.0D0,-1.0D0,0.0D0,-.5D0,.5D0;                                      2659P   2415
126,5,4,1,0,1,0,0.0D0,0.0D0,0.0D0,0.0D0,0.0D0,.48704310551253D0,    2661P   2416
1.0D0,1.0D0,1.0D0,1.0D0,1.0D0,1.0D0,1.0D0,1.0D0,1.0D0,1.0D0,        2661P   2417
1.0D0,51.828697678931D0,3.42557574307308D0,5.0D0,                   2661P   2418
51.9501571758775D0,4.11767050521464D0,5.0D0,51.655835311403D0,      2661P   2419
5.14092125629838D0,5.0D0,51.0002873887974D0,5.63926552603596D0,     2661P   2420
5.0D0,49.8208740751108D0,5.60884674392957D0,5.0D0,                  2661P   2421
49.0136163667455D0,5.60577621445083D0,5.0D0,0.0D0,1.0D0,0.0D0,      2661P   2422
0.0D0,1.0D0;                                                        2661P   2423
508,6,0,13,418,1,0,0,13,391,0,0,0,13,390,1,0,0,13,403,1,0,0,13,     2663P   2424
417,0,0,0,13,416,1,0;                                               2663P   2425
510,2659,1,1,2663;                                                  2665P   2426
116,-15.9863836332545D0,8.60577621445083D0,0.0D0,0;                 2667P   2427
123,0.0D0,0.0D0,1.0D0;                                              2669P   2428
192,2667,2669,3.0D0,2673;                                           2671P   2429
123,0.0D0,-1.0D0,0.0D0;                                             2673P   2430
100,0.0D0,0.0D0,0.0D0,3.0D0,0.0D0,-3.0D0,3.67394039744206D-16;      2675P   2431
124,0.0D0,-1.0D0,0.0D0,-15.9863836332545D0,-1.0D0,0.0D0,0.0D0,      2677P   2432
8.60577621445083D0,0.0D0,0.0D0,-1.0D0,5.0D0;                        2677P   2433
110,-15.9863836332545D0,11.6057762144508D0,2.0D0,                   2679P   2434
-15.9863836332545D0,11.6057762144508D0,5.0D0;                       2679P   2435
508,4,0,13,385,1,0,0,13,393,0,0,0,13,419,1,0,0,13,420,0,0;          2681P   2436
510,2671,1,1,2681;                                                  2683P   2437
116,-15.9863836332545D0,11.6057762144508D0,0.0D0,0;                 2685P   2438
123,0.0D0,1.0D0,0.0D0;                                              2687P   2439
190,2685,2687,2691;                                                 2689P   2440
123,0.0D0,0.0D0,1.0D0;                                              2691P   2441
110,-15.9863836332545D0,11.6057762144508D0,5.0D0,                   2693P   2442
49.0136163667455D0,11.6057762144508D0,5.0D0;                        2693P   2443
508,9,0,13,386,0,0,0,13,420,1,0,0,13,421,1,0,0,13,408,0,0,0,13,     2695P   2444
407,1,0,0,13,398,1,0,0,13,394,1,0,0,13,381,0,0,0,13,379,0,0;        2695P   2445
510,2689,1,1,2695;                                                  2697P   2446
116,28.1407174460163D0,3.47523330671555D0,5.0D0,0;                  2699P   2447
123,0.0D0,0.0D0,1.0D0;                                              2701P   2448
190,2699,2701,2705;                                                 2703P   2449
123,1.0D0,0.0D0,0.0D0;                                              2705P   2450
508,8,0,13,404,0,0,0,13,421,0,0,0,13,419,0,0,0,13,392,0,0,0,13,     2707P   2451
418,0,0,0,13,415,0,0,0,13,412,0,0,0,13,409,0,0;                     2707P   2452
508,1,0,13,396,1,0;                                                 2709P   2453
510,2703,2,1,2707,2709;                                             2711P   2454
514,142,31,1,49,1,365,1,385,1,401,1,421,1,437,1,457,1,473,1,493,    2713P   2455
1,509,1,529,1,545,1,565,1,581,1,601,1,617,1,637,1,653,1,673,1,      2713P   2456
689,1,709,1,725,1,745,1,761,1,781,1,797,1,817,1,833,1,853,1,869,    2713P   2457
1,889,1,905,1,925,1,941,1,961,1,977,1,997,1,1013,1,1033,1,1049,     2713P   2458
1,1069,1,1085,1,1105,1,1121,1,1141,1,1157,1,1177,1,1193,1,1213,     2713P   2459
1,1229,1,1249,1,1265,1,1285,1,1301,1,1321,1,1337,1,1357,1,1373,     2713P   2460
1,1389,1,1405,1,1423,1,1437,1,1451,1,1467,1,1481,1,1497,1,1511,     2713P   2461
1,1527,1,1541,1,1557,1,1571,1,1587,1,1601,1,1617,1,1631,1,1647,     2713P   2462
1,1661,1,1677,1,1691,1,1707,1,1721,1,1737,1,1751,1,1767,1,1781,     2713P   2463
1,1797,1,1811,1,1827,1,1841,1,1857,1,1871,1,1887,1,1901,1,1917,     2713P   2464
1,1931,1,1947,1,1961,1,1977,1,1991,1,2007,1,2021,1,2037,1,2051,     2713P   2465
1,2067,1,2081,1,2097,1,2111,1,2127,1,2141,1,2157,1,2171,1,2187,     2713P   2466
1,2201,1,2217,1,2231,1,2251,1,2279,1,2293,1,2307,1,2319,1,2333,     2713P   2467
1,2347,1,2361,1,2389,1,2407,1,2433,1,2459,1,2485,1,2509,1,2527,     2713P   2468
1,2543,1,2559,1,2589,1,2605,1,2627,1,2639,1,2657,1,2665,1,2683,     2713P   2469
1,2697,1,2711,1;                                                    2713P   2470
186,2713,1,0;                                                       2715P   2471
314,75.2941012382507D0,75.2941012382507D0,75.2941012382507D0,;      2717P   2472
406,2,0,7HSketch3;                                                  2719P   2473
110,49.2682629681051D0,-21.6791297690481D0,0.0D0,                   2721P   2474
48.9875615898876D0,-21.2859537656449D0,0.0D0;                       2721P   2475
110,48.7421219054286D0,-21.6791297690481D0,0.0D0,                   2723P   2476
49.2682629681051D0,-21.6791297690481D0,0.0D0;                       2723P   2477
110,56.9551590767663D0,5.04430868025874D0,0.0D0,                    2725P   2478
57.3677547973325D0,5.04430868025874D0,0.0D0;                        2725P   2479
110,48.2547319038827D0,-21.6791297690481D0,0.0D0,                   2727P   2480
48.6049878432023D0,-21.8957386851388D0,0.0D0;                       2727P   2481
100,0.0D0,0.0D0,0.0D0,47.8953633935219D0,-30.4740379568307D0,       2729P   2482
56.6581303476521D0,-3.53399059143313D0;                             2729P   2483
124,1.0D0,0.0D0,0.0D0,.709624449680319D0,0.0D0,1.0D0,0.0D0,         2731P   2484
8.57829927169185D0,0.0D0,0.0D0,1.0D0,0.0D0;                         2731P   2485
100,0.0D0,0.0D0,0.0D0,45.9699017973407D0,-32.6008801066768D0,       2733P   2486
56.3497046871362D0,-.871800814180694D0;                             2733P   2487
314,62.3529374599457D0,22.3529398441315D0,47.4509805440903D0,;      2735P   2488
408,1,0.0D0,0.0D0,0.0D0,1.0D0;                                      2737P   2489
308,0,5Hcapo2,1,3209;                                               2739P   2490
406,2,0,5Hcapo2;                                                    2741P   2491
116,31.8910614955136D0,19.6505039015624D0,-5.0D0,0;                 2743P   2492
123,0.0D0,0.0D0,-1.0D0;                                             2745P   2493
190,2743,2745,2749;                                                 2747P   2494
123,-.999390827019096D0,.034899496702501D0,0.0D0;                   2749P   2495
504,83,2755,2753,1,2753,2,2757,2753,3,2753,1,2759,2753,4,2753,3,    2751P   2496
2761,2753,5,2753,4,2763,2753,6,2753,5,2765,2753,7,2753,6,2767,      2751P   2497
2753,8,2753,7,2769,2753,9,2753,8,2773,2753,10,2753,9,2775,2753,     2751P   2498
11,2753,10,2777,2753,12,2753,11,2779,2753,12,2753,13,2781,2753,     2751P   2499
14,2753,13,2785,2753,15,2753,14,2789,2753,16,2753,15,2791,2753,     2751P   2500
2,2753,16,2805,2753,17,2753,8,2807,2753,17,2753,18,2811,2753,18,    2751P   2501
2753,9,2825,2753,2,2753,19,2827,2753,19,2753,20,2829,2753,21,       2751P   2502
2753,20,2831,2753,21,2753,1,2845,2753,22,2753,7,2847,2753,22,       2751P   2503
2753,23,2849,2753,23,2753,17,2863,2753,16,2753,24,2865,2753,15,     2751P   2504
2753,25,2867,2753,25,2753,24,2875,2753,26,2753,27,2877,2753,27,     2751P   2505
2753,28,2879,2753,28,2753,29,2881,2753,29,2753,26,2889,2753,30,     2751P   2506
2753,29,2891,2753,30,2753,31,2893,2753,32,2753,31,2895,2753,32,     2751P   2507
2753,33,2897,2753,33,2753,34,2899,2753,35,2753,34,2901,2753,11,     2751P   2508
2753,35,2903,2753,36,2753,10,2905,2753,36,2753,37,2907,2753,37,     2751P   2509
2753,26,2921,2753,38,2753,39,2927,2753,39,2753,40,2929,2753,40,     2751P   2510
2753,41,2933,2753,38,2753,41,2947,2753,40,2753,27,2949,2753,39,     2751P   2511
2753,28,2957,2753,38,2753,42,2959,2753,43,2753,38,2961,2753,43,     2751P   2512
2753,44,2963,2753,45,2753,44,2965,2753,45,2753,46,2967,2753,47,     2751P   2513
2753,46,2969,2753,47,2753,48,2971,2753,48,2753,42,2979,2753,35,     2751P   2514
2753,49,2981,2753,49,2753,12,2995,2753,50,2753,49,2997,2753,13,     2751P   2515
2753,50,3011,2753,44,2753,50,3015,2753,44,2753,14,3029,2753,46,     2751P   2516
2753,33,3035,2753,51,2753,51,3051,2753,31,2753,48,3057,2753,52,     2751P   2517
2753,52,3085,2753,53,2753,23,3087,2753,54,2753,53,3089,2753,55,     2751P   2518
2753,54,3091,2753,56,2753,55,3093,2753,20,2753,56,3095,2753,24,     2751P   2519
2753,19,3099,2753,41,2753,25,3103,2753,18,2753,37,3123,2753,57,     2751P   2520
2753,54,3125,2753,57,2753,5,3127,2753,58,2753,4,3129,2753,58,       2751P   2521
2753,55,3137,2753,59,2753,53,3139,2753,59,2753,6,3187,2753,60,      2751P   2522
2753,56,3189,2753,60,2753,3;                                        2751P   2523
502,60,40.4586929088368D0,4.27596184830741D0,-5.0D0,                2753P   2524
12.9345193120082D0,5.28030742740132D0,-5.0D0,58.0504991555066D0,    2753P   2525
41.251880580432D0,-5.0D0,49.7616839493275D0,38.5842485344282D0,     2753P   2526
-5.0D0,66.8104067773472D0,64.3473353967185D0,-5.0D0,                2753P   2527
63.6071382541218D0,40.0366270076487D0,-5.0D0,40.2961929750028D0,    2753P   2528
-1.08643125326904D0,-5.0D0,12.7388919400667D0,                      2753P   2529
-8.08768678183114D-2,-5.0D0,9.24904199962437D0,                     2753P   2530
-1.44915435341867D-2,-5.0D0,0.0D0,0.0D0,-5.0D0,                     2753P   2531
-21.4054403947826D0,14.6739277224214D0,-5.0D0,                      2753P   2532
-19.7184961760675D0,17.7482736643526D0,-5.0D0,                      2753P   2533
-17.3340838375463D0,17.7482736643526D0,-5.0D0,                      2753P   2534
-16.7192436342707D0,17.6514214579924D0,-5.0D0,                      2753P   2535
8.40556739938493D-3,5.36474570342333D0,-5.0D0,                      2753P   2536
9.25744756702413D0,5.35025415988914D0,-5.0D0,12.7388919400667D0,    2753P   2537
-8.08768678183114D-2,5.0D0,9.24904199962437D0,                      2753P   2538
-1.44915435341867D-2,5.0D0,12.9345193120082D0,                      2753P   2539
5.28030742740132D0,5.0D0,40.4586929088368D0,4.27596184830741D0,     2753P   2540
5.0D0,40.4586929088368D0,4.27596184830741D0,0.0D0,                  2753P   2541
40.2961929750028D0,-1.08643125326904D0,0.0D0,40.2961929750028D0,    2753P   2542
-1.08643125326904D0,5.0D0,9.25744756702413D0,5.35025415988914D0,    2753P   2543
5.0D0,8.40556739938493D-3,5.36474570342333D0,5.0D0,                 2753P   2544
-21.4054403947825D0,14.6739277224214D0,5.0D0,                       2753P   2545
-19.7184961760675D0,17.7482736643526D0,5.0D0,                       2753P   2546
-19.7184961760675D0,17.7482736643526D0,2.0D0,                       2753P   2547
-21.4054403947826D0,14.6739277224214D0,2.0D0,                       2753P   2548
-23.0542711262128D0,17.7482736643526D0,2.0D0,                       2753P   2549
-24.4657498054367D0,21.9997366306668D0,2.0D0,                       2753P   2550
-24.4657498054367D0,21.9997366306668D0,0.0D0,                       2753P   2551
-24.4657498054367D0,21.9997366306668D0,-2.0D0,                      2753P   2552
-23.0542711262128D0,17.7482736643526D0,-2.0D0,                      2753P   2553
-21.4054403947826D0,14.6739277224215D0,-2.0D0,0.0D0,0.0D0,0.0D0,    2753P   2554
0.0D0,0.0D0,5.0D0,-16.7192436342707D0,17.6514214579924D0,2.0D0,     2753P   2555
-17.3340838375462D0,17.7482736643526D0,2.0D0,                       2753P   2556
-17.3340838375462D0,17.7482736643526D0,5.0D0,                       2753P   2557
-16.7192436342707D0,17.6514214579924D0,5.0D0,-16.761202047941D0,    2753P   2558
17.7482736643526D0,2.0D0,-16.7192436342707D0,17.6514214579924D0,    2753P   2559
0.0D0,-16.7192436342707D0,17.6514214579924D0,-2.0D0,                2753P   2560
-16.761202047941D0,17.7482736643526D0,-2.0D0,                       2753P   2561
-18.7035742573879D0,23.6632622899025D0,-2.0D0,                      2753P   2562
-18.7035742573879D0,23.6632622899025D0,0.0D0,                       2753P   2563
-18.7035742573879D0,23.6632622899025D0,2.0D0,                       2753P   2564
-19.7184961760675D0,17.7482736643526D0,-2.0D0,                      2753P   2565
-17.3340838375463D0,17.7482736643526D0,-2.0D0,                      2753P   2566
-19.5606349524229D0,22.7482736643526D0,-2.0D0,                      2753P   2567
-19.5606349524229D0,22.7482736643526D0,2.0D0,63.6071382541218D0,    2753P   2568
40.0366270076487D0,5.0D0,66.8104067773472D0,64.3473353967185D0,     2753P   2569
5.0D0,49.7616839493275D0,38.5842485344282D0,5.0D0,                  2753P   2570
58.0504991555066D0,41.251880580432D0,5.0D0,66.8104067773472D0,      2753P   2571
64.3473353967185D0,0.0D0,49.7616839493275D0,38.5842485344282D0,     2753P   2572
0.0D0,63.6071382541218D0,40.0366270076487D0,0.0D0,                  2753P   2573
58.0504991555066D0,41.251880580432D0,0.0D0;                         2753P   2574
110,40.4586929088368D0,4.27596184830741D0,-5.0D0,                   2755P   2575
12.9345193120082D0,5.28030742740132D0,-5.0D0;                       2755P   2576
126,7,4,1,0,1,0,0.0D0,0.0D0,0.0D0,0.0D0,0.0D0,                      2757P   2577
.253096807578219D0,.415308432048804D0,.619865840494987D0,1.0D0,     2757P   2578
1.0D0,1.0D0,1.0D0,1.0D0,1.0D0,1.0D0,1.0D0,1.0D0,1.0D0,1.0D0,        2757P   2579
1.0D0,1.0D0,58.0504991555066D0,41.251880580432D0,-5.0D0,            2757P   2580
60.1000503214937D0,41.8208931572487D0,-5.0D0,60.7123708848504D0,    2757P   2581
37.7664021704453D0,-5.0D0,61.1320159846364D0,36.1495411099773D0,    2757P   2582
-5.0D0,56.905314352249D0,12.2182420210105D0,-5.0D0,                 2757P   2583
51.4520293248732D0,6.35807470636287D0,-5.0D0,43.452483977692D0,     2757P   2584
4.24931960384544D0,-5.0D0,40.4586929088368D0,4.27596184830742D0,    2757P   2585
-5.0D0,0.0D0,1.0D0,0.0D0,0.0D0,1.0D0;                               2757P   2586
110,49.7616839493275D0,38.5842485344282D0,-5.0D0,                   2759P   2587
58.0504991555066D0,41.251880580432D0,-5.0D0;                        2759P   2588
126,11,4,1,0,1,0,0.0D0,0.0D0,0.0D0,0.0D0,0.0D0,                     2761P   2589
8.11214089942935D-2,.125978822370167D0,.198543883693784D0,          2761P   2590
.271108945017401D0,.370509443612269D0,.52144349163344D0,            2761P   2591
.666753881583669D0,1.0D0,1.0D0,1.0D0,1.0D0,1.0D0,1.0D0,1.0D0,       2761P   2592
1.0D0,1.0D0,1.0D0,1.0D0,1.0D0,1.0D0,1.0D0,1.0D0,1.0D0,1.0D0,        2761P   2593
66.8104067773471D0,64.3473353967184D0,-5.0D0,66.9213715127399D0,    2761P   2594
64.4647434980447D0,-5.0D0,66.9452557238358D0,65.3796317756473D0,    2761P   2595
-5.0D0,66.4255482621697D0,65.776796374628D0,-5.0D0,                 2761P   2596
64.5932437613128D0,64.8290799605894D0,-5.0D0,63.3166248884654D0,    2761P   2597
63.0399558726147D0,-5.0D0,61.426687444151D0,60.2926411605295D0,     2761P   2598
-5.0D0,59.5006920045033D0,52.9063414573281D0,-5.0D0,                2761P   2599
57.4121860654689D0,48.3114908121684D0,-5.0D0,52.5731214626562D0,    2761P   2600
41.9140088097026D0,-5.0D0,47.5711289549197D0,38.0552417485475D0,    2761P   2601
-5.0D0,49.7616839493274D0,38.5842485344282D0,-5.0D0,0.0D0,1.0D0,    2761P   2602
0.0D0,0.0D0,1.0D0;                                                  2761P   2603
126,5,4,1,0,1,0,0.0D0,0.0D0,0.0D0,0.0D0,0.0D0,.49393551765058D0,    2763P   2604
1.0D0,1.0D0,1.0D0,1.0D0,1.0D0,1.0D0,1.0D0,1.0D0,1.0D0,1.0D0,        2763P   2605
1.0D0,63.6071382541218D0,40.0366270076487D0,-5.0D0,                 2763P   2606
63.6491332505394D0,43.0385361564329D0,-5.0D0,63.8401772541308D0,    2763P   2607
47.0657423148943D0,-5.0D0,61.0572433201395D0,56.3281161936712D0,    2763P   2608
-5.0D0,65.622532454331D0,63.1165740014871D0,-5.0D0,                 2763P   2609
66.8104067773472D0,64.3473353967185D0,-5.0D0,0.0D0,1.0D0,0.0D0,     2763P   2610
0.0D0,1.0D0;                                                        2763P   2611
126,5,4,1,0,1,0,0.0D0,0.0D0,0.0D0,0.0D0,0.0D0,                      2765P   2612
.430631635336129D0,1.0D0,1.0D0,1.0D0,1.0D0,1.0D0,1.0D0,1.0D0,       2765P   2613
1.0D0,1.0D0,1.0D0,1.0D0,40.2961929750028D0,-1.08643125326903D0,     2765P   2614
-5.0D0,43.2633260304925D0,-1.16997221232278D0,-5.0D0,               2765P   2615
50.9100434122026D0,-1.16719031976689D0,-5.0D0,                      2765P   2616
62.2114203256831D0,6.78998646006158D0,-5.0D0,63.8575774218299D0,    2765P   2617
28.4666028961734D0,-5.0D0,63.6071382541219D0,40.0366270076487D0,    2765P   2618
-5.0D0,0.0D0,1.0D0,0.0D0,0.0D0,1.0D0;                               2765P   2619
110,12.7388919400667D0,-8.08768678183115D-2,-5.0D0,                 2767P   2620
40.2961929750028D0,-1.08643125326904D0,-5.0D0;                      2767P   2621
100,0.0D0,0.0D0,0.0D0,100.0D0,0.0D0,99.9390827019096D0,             2769P   2622
3.4899496702501D0;                                                  2769P   2623
124,1.56681370320102D-3,.999998772546656D0,0.0D0,                   2771P   2624
9.09236062930427D0,.999998772546656D0,-1.56681370320102D-3,         2771P   2625
0.0D0,-100.0143687982D0,0.0D0,0.0D0,-1.0D0,-5.0D0;                  2771P   2626
110,0.0D0,0.0D0,-5.0D0,9.24904199962437D0,-1.44915435341867D-2,     2773P   2627
-5.0D0;                                                             2773P   2628
126,5,4,1,0,1,0,.319120038940992D0,.319120038940992D0,              2775P   2629
.319120038940992D0,.319120038940992D0,.319120038940992D0,           2775P   2630
.469375353441909D0,1.0D0,1.0D0,1.0D0,1.0D0,1.0D0,1.0D0,1.0D0,       2775P   2631
1.0D0,1.0D0,1.0D0,1.0D0,-21.4054403947826D0,14.6739277224215D0,     2775P   2632
-5.0D0,-20.6824939614661D0,13.5387530468121D0,-5.0D0,               2775P   2633
-16.7120742110624D0,8.09516413430747D0,-5.0D0,                      2775P   2634
-9.39770392050908D0,1.87215654421436D0,-5.0D0,                      2775P   2635
-1.03614562651487D0,3.81745740697181D-3,-5.0D0,                     2775P   2636
2.41581437351174D-15,7.94030358806525D-16,-5.0D0,                   2775P   2637
.319120038940992D0,1.0D0,0.0D0,0.0D0,1.0D0;                         2775P   2638
126,9,3,1,0,1,0,0.0D0,0.0D0,0.0D0,0.0D0,.122502748857591D0,         2777P   2639
.122502748857591D0,.122502748857591D0,.245005497715182D0,           2777P   2640
.245005497715182D0,.245005497715182D0,.428759621001569D0,           2777P   2641
.428759621001569D0,.428759621001569D0,.428759621001569D0,1.0D0,     2777P   2642
1.0D0,1.0D0,1.0D0,1.0D0,1.0D0,1.0D0,1.0D0,1.0D0,1.0D0,              2777P   2643
-19.7184961760675D0,17.7482736643526D0,-5.0D0,                      2777P   2644
-20.1257110690803D0,17.7482736643526D0,-5.0D0,                      2777P   2645
-20.530621586034D0,17.6202324640949D0,-5.0D0,                       2777P   2646
-20.8639655969486D0,17.386806866904D0,-5.0D0,                       2777P   2647
-21.1973096078633D0,17.153381269713D0,-5.0D0,-21.459087112739D0,    2777P   2648
16.8145712755888D0,-5.0D0,-21.5972422997574D0,                      2777P   2649
16.4325305663424D0,-5.0D0,-21.8044750802852D0,                      2777P   2650
15.8594695024728D0,-5.0D0,-21.7335576456343D0,                      2777P   2651
15.1891393295785D0,-5.0D0,-21.4054403947826D0,                      2777P   2652
14.6739277224215D0,-5.0D0,0.0D0,.428759621001569D0,0.0D0,0.0D0,     2777P   2653
1.0D0;                                                              2777P   2654
110,-19.7184961760675D0,17.7482736643526D0,-5.0D0,                  2779P   2655
-17.3340838375463D0,17.7482736643526D0,-5.0D0;                      2779P   2656
100,0.0D0,0.0D0,0.0D0,2.0D0,1.99493199737332D-15,                   2781P   2657
1.90314779363983D0,.614840203275499D0;                              2781P   2658
124,.307420101637749D0,-.951573896819914D0,0.0D0,                   2783P   2659
-17.3340838375463D0,.951573896819914D0,.307420101637749D0,0.0D0,    2783P   2660
15.7482736643526D0,-1.40861233317567D-15,0.0D0,1.0D0,               2783P   2661
-4.99999999999999D0;                                                2783P   2662
100,0.0D0,0.0D0,0.0D0,-9.10174898214187D0,17.7149763840758D0,       2785P   2663
-19.9163807661504D0,2.4390531955866D-15;                            2785P   2664
124,.925216207901943D0,.379440336068201D0,0.0D0,                    2787P   2665
1.70771465331809D0,.379440336068201D0,-.925216207901943D0,0.0D0,    2787P   2666
25.2084996691627D0,0.0D0,0.0D0,-1.0D0,-5.0D0;                       2787P   2667
110,9.25744756702413D0,5.35025415988914D0,-5.0D0,                   2789P   2668
8.40556739939302D-3,5.36474570342333D0,-5.0D0;                      2789P   2669
100,0.0D0,0.0D0,0.0D0,105.364752288406D0,0.0D0,                     2791P   2670
105.300566928173D0,3.67717682504907D0;                              2791P   2671
124,.036465313107624D0,-.999334919303815D0,0.0D0,                   2793P   2672
9.09236062930427D0,.999334919303815D0,.036465313107624D0,0.0D0,     2793P   2673
-100.0143687982D0,0.0D0,0.0D0,1.0D0,-5.0D0;                         2793P   2674
508,16,0,2751,1,0,0,0,2751,2,0,0,0,2751,3,0,0,0,2751,4,0,0,0,       2795P   2675
2751,5,0,0,0,2751,6,0,0,0,2751,7,0,0,0,2751,8,0,0,0,2751,9,0,0,     2795P   2676
0,2751,10,0,0,0,2751,11,0,0,0,2751,12,1,0,0,2751,13,0,0,0,2751,     2795P   2677
14,0,0,0,2751,15,0,0,0,2751,16,0,0;                                 2795P   2678
510,2747,1,1,2795;                                                  2797P   2679
120,2803,2801,0.0D0,6.28318530717959D0;                             2799P   2680
110,9.24904199962437D0,-1.44915435341773D-2,5.5D0,                  2801P   2681
9.24904199962437D0,-1.44915435341773D-2,-5.5D0;                     2801P   2682
110,9.09236062930427D0,-100.0143687982D0,5.5D0,                     2803P   2683
9.09236062930427D0,-100.0143687982D0,4.5D0;                         2803P   2684
110,12.7388919400667D0,-8.08768678183113D-2,5.0D0,                  2805P   2685
12.7388919400667D0,-8.08768678183113D-2,-5.0D0;                     2805P   2686
100,0.0D0,0.0D0,0.0D0,100.0D0,0.0D0,99.9390827019096D0,             2807P   2687
3.4899496702501D0;                                                  2807P   2688
124,.036465313107624D0,-.999334919303815D0,0.0D0,                   2809P   2689
9.09236062930427D0,.999334919303815D0,.036465313107624D0,0.0D0,     2809P   2690
-100.0143687982D0,0.0D0,0.0D0,1.0D0,5.0D0;                          2809P   2691
110,9.24904199962437D0,-1.44915435341867D-2,5.0D0,                  2811P   2692
9.24904199962437D0,-1.44915435341867D-2,-5.0D0;                     2811P   2693
508,4,0,2751,17,0,0,0,2751,18,1,0,0,2751,19,1,0,0,2751,8,1,0;       2813P   2694
510,2799,1,1,2813;                                                  2815P   2695
116,.203280392044031D0,5.74486500914567D0,0.0D0,0;                  2817P   2696
123,.036465313107624D0,.999334919303815D0,0.0D0;                    2819P   2697
190,2817,2819,2823;                                                 2821P   2698
123,0.0D0,0.0D0,1.0D0;                                              2823P   2699
110,12.9345193120083D0,5.28030742740132D0,-5.0D0,                   2825P   2700
12.9345193120083D0,5.28030742740132D0,5.0D0;                        2825P   2701
110,12.9345193120082D0,5.28030742740132D0,5.0D0,                    2827P   2702
40.4586929088368D0,4.27596184830741D0,5.0D0;                        2827P   2703
110,40.4586929088368D0,4.27596184830741D0,0.0D0,                    2829P   2704
40.4586929088368D0,4.27596184830741D0,5.0D0;                        2829P   2705
110,40.4586929088368D0,4.27596184830741D0,0.0D0,                    2831P   2706
40.4586929088368D0,4.27596184830741D0,-5.0D0;                       2831P   2707
508,5,0,2751,20,1,0,0,2751,21,1,0,0,2751,22,0,0,0,2751,23,1,0,0,    2833P   2708
2751,1,1,0;                                                         2833P   2709
510,2821,1,1,2833;                                                  2835P   2710
116,40.2961929750028D0,-1.08643125326904D0,0.0D0,0;                 2837P   2711
123,-.036465313107624D0,-.999334919303815D0,0.0D0;                  2839P   2712
190,2837,2839,2843;                                                 2841P   2713
123,0.0D0,0.0D0,-1.0D0;                                             2843P   2714
110,40.2961929750028D0,-1.08643125326904D0,0.0D0,                   2845P   2715
40.2961929750028D0,-1.08643125326904D0,-5.0D0;                      2845P   2716
110,40.2961929750028D0,-1.08643125326904D0,0.0D0,                   2847P   2717
40.2961929750028D0,-1.08643125326904D0,5.0D0;                       2847P   2718
110,40.2961929750028D0,-1.08643125326904D0,5.0D0,                   2849P   2719
12.7388919400667D0,-8.08768678183115D-2,5.0D0;                      2849P   2720
508,5,0,2751,17,1,0,0,2751,7,1,0,0,2751,24,0,0,0,2751,25,1,0,0,     2851P   2721
2751,26,1,0;                                                        2851P   2722
510,2841,1,1,2851;                                                  2853P   2723
116,8.40556739938493D-3,5.36474570342333D0,0.0D0,0;                 2855P   2724
123,1.56681370320104D-3,.999998772546656D0,0.0D0;                   2857P   2725
190,2855,2857,2861;                                                 2859P   2726
123,0.0D0,0.0D0,1.0D0;                                              2861P   2727
110,9.25744756702413D0,5.35025415988914D0,-5.0D0,                   2863P   2728
9.25744756702413D0,5.35025415988914D0,5.0D0;                        2863P   2729
110,8.40556739938493D-3,5.36474570342333D0,-5.0D0,                  2865P   2730
8.40556739938493D-3,5.36474570342333D0,5.0D0;                       2865P   2731
110,8.40556739939302D-3,5.36474570342333D0,5.0D0,                   2867P   2732
9.25744756702413D0,5.35025415988914D0,5.0D0;                        2867P   2733
508,4,0,2751,27,0,0,0,2751,15,1,0,0,2751,28,1,0,0,2751,29,1,0;      2869P   2734
510,2859,1,1,2869;                                                  2871P   2735
128,5,3,3,3,0,0,1,0,0,0.0D0,0.0D0,0.0D0,0.0D0,                      2873P   2736
.428571428571429D0,.714285714285714D0,1.0D0,1.0D0,1.0D0,1.0D0,      2873P   2737
-2.77555756156295D-17,-2.77555756156295D-17,                        2873P   2738
-2.77555756156295D-17,-2.77555756156295D-17,.300000000000001D0,     2873P   2739
.300000000000001D0,.300000000000001D0,.300000000000001D0,1.0D0,     2873P   2740
1.0D0,1.0D0,1.0D0,1.0D0,1.0D0,1.0D0,1.0D0,1.0D0,1.0D0,1.0D0,        2873P   2741
1.0D0,1.0D0,1.0D0,1.0D0,1.0D0,1.0D0,1.0D0,1.0D0,1.0D0,1.0D0,        2873P   2742
1.0D0,1.0D0,1.0D0,-21.4054403947826D0,14.6739277224214D0,5.0D0,     2873P   2743
-21.7335576456343D0,15.1891393295785D0,5.0D0,                       2873P   2744
-21.8517533700525D0,16.3063562844023D0,5.0D0,                       2873P   2745
-20.9355321029876D0,17.4921912638373D0,5.0D0,                       2873P   2746
-20.1257110690803D0,17.7482736643526D0,5.0D0,                       2873P   2747
-19.7184961760675D0,17.7482736643526D0,5.0D0,                       2873P   2748
-21.4054403947826D0,14.6739277224214D0,4.0D0,                       2873P   2749
-21.7335576456343D0,15.1891393295785D0,4.0D0,                       2873P   2750
-21.8517533700525D0,16.3063562844023D0,4.0D0,                       2873P   2751
-20.9355321029876D0,17.4921912638373D0,4.0D0,                       2873P   2752
-20.1257110690803D0,17.7482736643526D0,4.0D0,                       2873P   2753
-19.7184961760675D0,17.7482736643526D0,4.0D0,                       2873P   2754
-21.4054403947826D0,14.6739277224214D0,3.0D0,                       2873P   2755
-21.7335576456343D0,15.1891393295785D0,3.0D0,                       2873P   2756
-21.8517533700525D0,16.3063562844023D0,3.0D0,                       2873P   2757
-20.9355321029876D0,17.4921912638373D0,3.0D0,                       2873P   2758
-20.1257110690803D0,17.7482736643526D0,3.0D0,                       2873P   2759
-19.7184961760675D0,17.7482736643526D0,3.0D0,                       2873P   2760
-21.4054403947826D0,14.6739277224215D0,1.99999999999999D0,          2873P   2761
-21.7335576456343D0,15.1891393295785D0,2.0D0,                       2873P   2762
-21.8517533700525D0,16.3063562844023D0,2.0D0,                       2873P   2763
-20.9355321029876D0,17.4921912638373D0,2.0D0,                       2873P   2764
-20.1257110690803D0,17.7482736643526D0,2.0D0,                       2873P   2765
-19.7184961760675D0,17.7482736643526D0,2.0D0,0.0D0,1.0D0,           2873P   2766
-2.77555756156295D-17,.300000000000001D0;                           2873P   2767
126,9,3,1,0,1,0,0.0D0,0.0D0,0.0D0,0.0D0,.183754123286387D0,         2875P   2768
.183754123286387D0,.183754123286387D0,.306256872143979D0,           2875P   2769
.306256872143979D0,.306256872143979D0,.42875962100157D0,            2875P   2770
.42875962100157D0,.42875962100157D0,.42875962100157D0,1.0D0,        2875P   2771
1.0D0,1.0D0,1.0D0,1.0D0,1.0D0,1.0D0,1.0D0,1.0D0,1.0D0,              2875P   2772
-21.4054403947826D0,14.6739277224214D0,5.0D0,                       2875P   2773
-21.7335576456343D0,15.1891393295785D0,5.0D0,                       2875P   2774
-21.8044750802852D0,15.8594695024728D0,5.0D0,                       2875P   2775
-21.5972422997574D0,16.4325305663424D0,5.0D0,-21.459087112739D0,    2875P   2776
16.8145712755887D0,5.0D0,-21.1973096078633D0,17.153381269713D0,     2875P   2777
5.0D0,-20.8639655969486D0,17.386806866904D0,5.0D0,                  2875P   2778
-20.530621586034D0,17.6202324640949D0,5.0D0,-20.1257110690803D0,    2875P   2779
17.7482736643526D0,5.0D0,-19.7184961760675D0,17.7482736643526D0,    2875P   2780
5.0D0,0.0D0,.42875962100157D0,0.0D0,0.0D0,1.0D0;                    2875P   2781
126,3,3,0,0,1,0,-2.77555756156295D-17,-2.77555756156295D-17,        2877P   2782
-2.77555756156295D-17,-2.77555756156295D-17,.300000000000001D0,     2877P   2783
.300000000000001D0,.300000000000001D0,.300000000000001D0,1.0D0,     2877P   2784
1.0D0,1.0D0,1.0D0,-19.7184961760675D0,17.7482736643526D0,5.0D0,     2877P   2785
-19.7184961760675D0,17.7482736643526D0,4.0D0,                       2877P   2786
-19.7184961760675D0,17.7482736643526D0,3.0D0,                       2877P   2787
-19.7184961760675D0,17.7482736643526D0,2.0D0,                       2877P   2788
-2.77555756156295D-17,.300000000000001D0,0.0D0,0.0D0,0.0D0;         2877P   2789
126,9,3,1,0,1,0,0.0D0,0.0D0,0.0D0,0.0D0,.122502748857591D0,         2879P   2790
.122502748857591D0,.122502748857591D0,.245005497715183D0,           2879P   2791
.245005497715183D0,.245005497715183D0,.42875962100157D0,            2879P   2792
.42875962100157D0,.42875962100157D0,.42875962100157D0,1.0D0,        2879P   2793
1.0D0,1.0D0,1.0D0,1.0D0,1.0D0,1.0D0,1.0D0,1.0D0,1.0D0,              2879P   2794
-19.7184961760675D0,17.7482736643526D0,2.0D0,                       2879P   2795
-20.1257110690803D0,17.7482736643526D0,2.0D0,-20.530621586034D0,    2879P   2796
17.6202324640949D0,2.0D0,-20.8639655969486D0,17.386806866904D0,     2879P   2797
2.0D0,-21.1973096078633D0,17.153381269713D0,2.0D0,                  2879P   2798
-21.459087112739D0,16.8145712755888D0,2.0D0,-21.5972422997574D0,    2879P   2799
16.4325305663424D0,2.0D0,-21.8044750802852D0,15.8594695024728D0,    2879P   2800
2.0D0,-21.7335576456343D0,15.1891393295785D0,2.0D0,                 2879P   2801
-21.4054403947826D0,14.6739277224215D0,2.0D0,0.0D0,                 2879P   2802
.42875962100157D0,0.0D0,0.0D0,1.0D0;                                2879P   2803
126,3,3,0,0,1,0,-.300000000000001D0,-.300000000000001D0,            2881P   2804
-.300000000000001D0,-.300000000000001D0,2.77555756156295D-17,       2881P   2805
2.77555756156295D-17,2.77555756156295D-17,2.77555756156295D-17,     2881P   2806
1.0D0,1.0D0,1.0D0,1.0D0,-21.4054403947826D0,14.6739277224215D0,     2881P   2807
1.99999999999999D0,-21.4054403947826D0,14.6739277224214D0,3.0D0,    2881P   2808
-21.4054403947826D0,14.6739277224214D0,4.0D0,                       2881P   2809
-21.4054403947826D0,14.6739277224214D0,5.0D0,                       2881P   2810
-.300000000000001D0,2.77555756156295D-17,0.0D0,0.0D0,0.0D0;         2881P   2811
508,4,0,2751,30,1,0,0,2751,31,1,0,0,2751,32,1,0,0,2751,33,1,0;      2883P   2812
510,2873,1,1,2883;                                                  2885P   2813
128,5,1,4,1,0,0,1,0,0,0.0D0,0.0D0,0.0D0,0.0D0,0.0D0,                2887P   2814
.469375353441909D0,1.0D0,1.0D0,1.0D0,1.0D0,1.0D0,-.5D0,-.5D0,       2887P   2815
.5D0,.5D0,1.0D0,1.0D0,1.0D0,1.0D0,1.0D0,1.0D0,1.0D0,1.0D0,1.0D0,    2887P   2816
1.0D0,1.0D0,1.0D0,-24.4657498054367D0,21.9997366306668D0,-5.0D0,    2887P   2817
-23.8250112974479D0,20.1505578968344D0,-5.0D0,                      2887P   2818
-23.3383506451733D0,14.8850397991783D0,-5.0D0,                      2887P   2819
-13.3166631512031D0,2.7478240278184D0,-5.0D0,                       2887P   2820
-1.03614562651487D0,3.81745740697182D-3,-5.0D0,                     2887P   2821
2.41581437351174D-15,7.94030358806525D-16,-5.0D0,                   2887P   2822
-24.4657498054367D0,21.9997366306668D0,5.0D0,                       2887P   2823
-23.8250112974479D0,20.1505578968344D0,5.0D0,                       2887P   2824
-23.3383506451733D0,14.8850397991783D0,5.0D0,                       2887P   2825
-13.3166631512031D0,2.7478240278184D0,5.0D0,-1.03614562651487D0,    2887P   2826
3.81745740697182D-3,5.0D0,2.41581437351174D-15,                     2887P   2827
7.94030358806525D-16,5.0D0,0.0D0,1.0D0,-.5D0,.5D0;                  2887P   2828
126,3,3,1,0,1,0,-1.76138013801295D0,-1.76138013801295D0,            2889P   2829
-1.76138013801295D0,-1.76138013801295D0,-1.4624353226702D0,         2889P   2830
-1.4624353226702D0,-1.4624353226702D0,-1.4624353226702D0,1.0D0,     2889P   2831
1.0D0,1.0D0,1.0D0,-23.0542711262128D0,17.7482736643525D0,2.0D0,     2889P   2832
-22.6489363986173D0,16.8159811716151D0,2.0D0,                       2889P   2833
-22.1109067398326D0,15.7816550622214D0,2.0D0,                       2889P   2834
-21.4054403947824D0,14.6739277224211D0,2.0D0,                       2889P   2835
-1.76138013801295D0,-1.4624353226702D0,0.0D0,0.0D0,1.0D0;           2889P   2836
126,6,3,1,0,1,0,-.332274113576286D0,-.332274113576286D0,            2891P   2837
-.332274113576286D0,-.332274113576286D0,-1.85172794061495D-2,       2891P   2838
-1.85172794061495D-2,-1.85172794061495D-2,0.0D0,0.0D0,0.0D0,        2891P   2839
0.0D0,1.0D0,1.0D0,1.0D0,1.0D0,1.0D0,1.0D0,1.0D0,                    2891P   2840
-23.0542711262128D0,17.7482736643526D0,2.0D0,                       2891P   2841
-23.7822419393364D0,19.4226471581637D0,2.0D0,                       2891P   2842
-24.0586615120648D0,20.7493560302778D0,2.0D0,                       2891P   2843
-24.4034774243754D0,21.8136994800735D0,2.0D0,                       2891P   2844
-24.4238277463335D0,21.8765148290876D0,2.0D0,                       2891P   2845
-24.4445347238946D0,21.9385096603273D0,2.0D0,                       2891P   2846
-24.4657498054367D0,21.9997366306668D0,2.0D0,                       2891P   2847
-.332274113576286D0,0.0D0,0.0D0,0.0D0,1.0D0;                        2891P   2848
110,-24.4657498054367D0,21.9997366306668D0,0.0D0,                   2893P   2849
-24.4657498054367D0,21.9997366306668D0,2.0D0;                       2893P   2850
110,-24.4657498054367D0,21.9997366306668D0,0.0D0,                   2895P   2851
-24.4657498054367D0,21.9997366306668D0,-2.0D0;                      2895P   2852
126,6,3,1,0,1,0,-.70286736211187D0,-.70286736211187D0,              2897P   2853
-.70286736211187D0,-.70286736211187D0,-9.25585308979114D-2,         2897P   2854
-9.25585308979114D-2,-9.25585308979114D-2,-5.65393659878608D-2,     2897P   2855
-5.65393659878608D-2,-5.65393659878608D-2,-5.65393659878608D-2,     2897P   2856
1.0D0,1.0D0,1.0D0,1.0D0,1.0D0,1.0D0,1.0D0,-24.4657498054367D0,      2897P   2857
21.9997366306668D0,-2.0D0,-24.1062814043133D0,                      2897P   2858
20.9623066735871D0,-2.0D0,-23.8586900556308D0,                      2897P   2859
19.6776290423147D0,-2.0D0,-23.1788652606951D0,                      2897P   2860
18.0413612984438D0,-2.0D0,-23.1387434073868D0,                      2897P   2861
17.9447921605104D0,-2.0D0,-23.0972344579337D0,                      2897P   2862
17.8470917248329D0,-2.0D0,-23.0542711262128D0,                      2897P   2863
17.7482736643526D0,-2.0D0,-.70286736211187D0,                       2897P   2864
-5.65393659878608D-2,0.0D0,0.0D0,1.0D0;                             2897P   2865
126,3,3,1,0,1,0,-.532007566048693D0,-.532007566048693D0,            2899P   2866
-.532007566048693D0,-.532007566048693D0,-.332543866795387D0,        2899P   2867
-.332543866795387D0,-.332543866795387D0,-.332543866795387D0,        2899P   2868
1.0D0,1.0D0,1.0D0,1.0D0,-21.4054403947826D0,14.6739277224215D0,     2899P   2869
-2.0D0,-22.0148699734869D0,15.6308575756317D0,-2.0D0,               2899P   2870
-22.5807559735626D0,16.6591623892541D0,-2.0D0,                      2899P   2871
-23.0542711262128D0,17.7482736643526D0,-2.0D0,                      2899P   2872
-.532007566048693D0,-.332543866795387D0,0.0D0,0.0D0,1.0D0;          2899P   2873
126,3,3,0,0,1,0,-1.0D0,-1.0D0,-1.0D0,-1.0D0,-.7D0,-.7D0,-.7D0,      2901P   2874
-.7D0,1.0D0,1.0D0,1.0D0,1.0D0,-21.4054403947826D0,                  2901P   2875
14.6739277224215D0,-5.0D0,-21.4054403947826D0,                      2901P   2876
14.6739277224215D0,-4.0D0,-21.4054403947826D0,                      2901P   2877
14.6739277224214D0,-3.0D0,-21.4054403947826D0,                      2901P   2878
14.6739277224215D0,-2.0D0,-1.0D0,-.7D0,0.0D0,0.0D0,0.0D0;           2901P   2879
110,0.0D0,0.0D0,0.0D0,0.0D0,0.0D0,-5.0D0;                           2903P   2880
110,0.0D0,0.0D0,0.0D0,0.0D0,0.0D0,5.0D0;                            2905P   2881
126,5,4,1,0,1,0,.319120038940993D0,.319120038940993D0,              2907P   2882
.319120038940993D0,.319120038940993D0,.319120038940993D0,           2907P   2883
.849744685499084D0,1.0D0,1.0D0,1.0D0,1.0D0,1.0D0,1.0D0,1.0D0,       2907P   2884
1.0D0,1.0D0,1.0D0,1.0D0,2.41581437351174D-15,                       2907P   2885
7.94030358806525D-16,5.0D0,-1.03614562651487D0,                     2907P   2886
3.81745740697181D-3,5.0D0,-9.39770392050907D0,                      2907P   2887
1.87215654421436D0,5.0D0,-16.7120742110624D0,8.09516413430747D0,    2907P   2888
5.0D0,-20.6824939614661D0,13.5387530468121D0,5.0D0,                 2907P   2889
-21.4054403947825D0,14.6739277224214D0,5.0D0,.319120038940993D0,    2907P   2890
1.0D0,0.0D0,0.0D0,1.0D0;                                            2907P   2891
508,12,0,2751,33,0,0,0,2751,34,0,0,0,2751,35,1,0,0,2751,36,0,0,     2909P   2892
0,2751,37,1,0,0,2751,38,1,0,0,2751,39,0,0,0,2751,40,0,0,0,2751,     2909P   2893
10,1,0,0,2751,41,0,0,0,2751,42,1,0,0,2751,43,1,0;                   2909P   2894
510,2887,1,1,2909;                                                  2911P   2895
116,-17.3340838375462D0,15.7482736643526D0,                         2913P   2896
-2.81722466635134D-15,0;                                            2913P   2897
123,0.0D0,-1.48029736616688D-15,1.0D0;                              2915P   2898
192,2913,2915,2.0D0,2919;                                           2917P   2899
123,.307420101637742D0,.951573896819916D0,1.40861233317567D-15;     2919P   2900
100,0.0D0,0.0D0,0.0D0,-2.0D0,2.44929359829471D-16,                  2921P   2901
-1.90314779363983D0,-.614840203275483D0;                            2921P   2902
124,.307420101637742D0,.951573896819916D0,0.0D0,                    2923P   2903
-17.3340838375462D0,.951573896819916D0,-.307420101637742D0,         2923P   2904
0.0D0,15.7482736643526D0,1.40861233317567D-15,0.0D0,-1.0D0,         2923P   2905
2.0D0;                                                              2923P   2906
124,-.307420101637742D0,.951573896819916D0,0.0D0,                   2925P   2907
-17.3340838375462D0,-.951573896819916D0,-.307420101637742D0,        2925P   2908
0.0D0,15.7482736643526D0,-1.40861233317567D-15,0.0D0,1.0D0,         2925P   2909
2.0D0;                                                              2925P   2910
110,-17.3340838375462D0,17.7482736643526D0,2.0D0,                   2927P   2911
-17.3340838375462D0,17.7482736643526D0,5.0D0;                       2927P   2912
100,0.0D0,0.0D0,0.0D0,1.90314779363983D0,-.614840203275484D0,       2929P   2913
2.0D0,-2.26621555905919D-15;                                        2929P   2914
124,.307420101637742D0,.951573896819916D0,0.0D0,                    2931P   2915
-17.3340838375462D0,.951573896819916D0,-.307420101637742D0,         2931P   2916
0.0D0,15.7482736643526D0,1.40861233317567D-15,0.0D0,-1.0D0,         2931P   2917
4.99999999999999D0;                                                 2931P   2918
110,-16.7192436342707D0,17.6514214579924D0,2.0D0,                   2933P   2919
-16.7192436342707D0,17.6514214579924D0,5.0D0;                       2933P   2920
508,4,0,2751,44,1,0,0,2751,45,1,0,0,2751,46,1,0,0,2751,47,0,0;      2935P   2921
510,2917,1,1,2935;                                                  2937P   2922
116,0.0D0,17.7482736643526D0,5.0D0,0;                               2939P   2923
123,0.0D0,1.0D0,0.0D0;                                              2941P   2924
190,2939,2941,2945;                                                 2943P   2925
123,0.0D0,0.0D0,1.0D0;                                              2945P   2926
110,-17.3340838375462D0,17.7482736643526D0,5.0D0,                   2947P   2927
-19.7184961760675D0,17.7482736643526D0,5.0D0;                       2947P   2928
110,-17.3340838375462D0,17.7482736643526D0,2.0D0,                   2949P   2929
-19.7184961760675D0,17.7482736643526D0,2.0D0;                       2949P   2930
508,4,0,2751,31,0,0,0,2751,48,0,0,0,2751,45,0,0,0,2751,49,1,0;      2951P   2931
510,2943,1,1,2951;                                                  2953P   2932
128,2,1,2,1,0,0,1,0,0,0.0D0,0.0D0,0.0D0,1.0D0,1.0D0,1.0D0,-.5D0,    2955P   2933
-.5D0,.5D0,.5D0,1.0D0,1.0D0,1.0D0,1.0D0,1.0D0,1.0D0,                2955P   2934
-16.7192436342707D0,17.6514214579924D0,-5.0D0,                      2955P   2935
-18.1121699052674D0,20.8557069255039D0,-5.0D0,                      2955P   2936
-18.7035742573879D0,23.6632622899025D0,-5.0D0,                      2955P   2937
-16.7192436342707D0,17.6514214579924D0,5.0D0,                       2955P   2938
-18.1121699052674D0,20.8557069255039D0,5.0D0,                       2955P   2939
-18.7035742573879D0,23.6632622899025D0,5.0D0,0.0D0,1.0D0,-.5D0,     2955P   2940
.5D0;                                                               2955P   2941
126,3,3,1,0,1,0,-.196975817250282D0,-.196975817250282D0,            2957P   2942
-.196975817250282D0,-.196975817250282D0,-.18642196428269D0,         2957P   2943
-.18642196428269D0,-.18642196428269D0,-.18642196428269D0,1.0D0,     2957P   2944
1.0D0,1.0D0,1.0D0,-16.7192436342707D0,17.6514214579924D0,2.0D0,     2957P   2945
-16.7332683407185D0,17.6836838712963D0,2.0D0,                       2957P   2946
-16.7472546920937D0,17.7159680767831D0,2.0D0,-16.761202047941D0,    2957P   2947
17.7482736643526D0,2.0D0,-.196975817250282D0,-.18642196428269D0,    2957P   2948
0.0D0,0.0D0,1.0D0;                                                  2957P   2949
110,-16.7192436342707D0,17.6514214579924D0,0.0D0,                   2959P   2950
-16.7192436342707D0,17.6514214579924D0,2.0D0;                       2959P   2951
110,-16.7192436342707D0,17.6514214579924D0,0.0D0,                   2961P   2952
-16.7192436342707D0,17.6514214579924D0,-2.0D0;                      2961P   2953
126,3,3,1,0,1,0,-1.05536729759101D-2,-1.05536729759101D-2,          2963P   2954
-1.05536729759101D-2,-1.05536729759101D-2,0.0D0,0.0D0,0.0D0,        2963P   2955
0.0D0,1.0D0,1.0D0,1.0D0,1.0D0,-16.761202047941D0,                   2963P   2956
17.7482736643526D0,-2.0D0,-16.7472546920937D0,                      2963P   2957
17.7159680767831D0,-2.0D0,-16.7332683407185D0,                      2963P   2958
17.6836838712963D0,-2.0D0,-16.7192436342707D0,                      2963P   2959
17.6514214579924D0,-2.0D0,-1.05536729759101D-2,0.0D0,0.0D0,         2963P   2960
0.0D0,1.0D0;                                                        2963P   2961
126,5,3,1,0,1,0,-.622267866540649D0,-.622267866540649D0,            2965P   2962
-.622267866540649D0,-.622267866540649D0,-.300828857402369D0,        2965P   2963
-.300828857402369D0,0.0D0,0.0D0,0.0D0,0.0D0,1.0D0,1.0D0,1.0D0,      2965P   2964
1.0D0,1.0D0,1.0D0,-16.761202047941D0,17.7482736643526D0,-2.0D0,     2965P   2965
-17.1860186777811D0,18.7322559321367D0,-2.0D0,                      2965P   2966
-17.5759810724261D0,19.7391403280001D0,-2.0D0,                      2965P   2967
-18.2260662877336D0,21.7086754428024D0,-2.0D0,                      2965P   2968
-18.4968807927879D0,22.6820328768233D0,-2.0D0,                      2965P   2969
-18.7035742573879D0,23.6632622899025D0,-2.0D0,                      2965P   2970
-.622267866540649D0,0.0D0,0.0D0,0.0D0,1.0D0;                        2965P   2971
110,-18.7035742573879D0,23.6632622899025D0,0.0D0,                   2967P   2972
-18.7035742573879D0,23.6632622899025D0,-2.0D0;                      2967P   2973
110,-18.7035742573879D0,23.6632622899025D0,0.0D0,                   2969P   2974
-18.7035742573879D0,23.6632622899025D0,2.0D0;                       2969P   2975
126,5,3,1,0,1,0,-.632713366829404D0,-.632713366829404D0,            2971P   2976
-.632713366829404D0,-.632713366829404D0,-.331936277992027D0,        2971P   2977
-.331936277992027D0,-1.05525841462332D-2,-1.05525841462332D-2,      2971P   2978
-1.05525841462332D-2,-1.05525841462332D-2,1.0D0,1.0D0,1.0D0,        2971P   2979
1.0D0,1.0D0,1.0D0,-18.7035742573879D0,23.6632622899025D0,2.0D0,     2971P   2980
-18.4968807927879D0,22.6820328768233D0,2.0D0,                       2971P   2981
-18.2260662877336D0,21.7086754428024D0,2.0D0,                       2971P   2982
-17.5759810724261D0,19.7391403280001D0,2.0D0,                       2971P   2983
-17.1860186777811D0,18.7322559321367D0,2.0D0,-16.761202047941D0,    2971P   2984
17.7482736643526D0,2.0D0,-.632713366829404D0,                       2971P   2985
-1.05525841462332D-2,0.0D0,0.0D0,1.0D0;                             2971P   2986
508,8,0,2751,50,0,0,0,2751,51,0,0,0,2751,52,1,0,0,2751,53,0,0,0,    2973P   2987
2751,54,1,0,0,2751,55,0,0,0,2751,56,1,0,0,2751,57,1,0;              2973P   2988
510,2955,1,1,2973;                                                  2975P   2989
128,5,3,3,3,0,0,1,0,0,0.0D0,0.0D0,0.0D0,0.0D0,                      2977P   2990
.428571428571429D0,.714285714285714D0,1.0D0,1.0D0,1.0D0,1.0D0,      2977P   2991
.7D0,.7D0,.7D0,.7D0,1.0D0,1.0D0,1.0D0,1.0D0,1.0D0,1.0D0,1.0D0,      2977P   2992
1.0D0,1.0D0,1.0D0,1.0D0,1.0D0,1.0D0,1.0D0,1.0D0,1.0D0,1.0D0,        2977P   2993
1.0D0,1.0D0,1.0D0,1.0D0,1.0D0,1.0D0,1.0D0,1.0D0,1.0D0,1.0D0,        2977P   2994
1.0D0,-21.4054403947826D0,14.6739277224215D0,-2.0D0,                2977P   2995
-21.7335576456343D0,15.1891393295785D0,-2.0D0,                      2977P   2996
-21.8517533700525D0,16.3063562844023D0,-2.0D0,                      2977P   2997
-20.9355321029876D0,17.4921912638373D0,-2.0D0,                      2977P   2998
-20.1257110690804D0,17.7482736643526D0,-2.0D0,                      2977P   2999
-19.7184961760675D0,17.7482736643526D0,-2.0D0,                      2977P   3000
-21.4054403947826D0,14.6739277224214D0,-3.0D0,                      2977P   3001
-21.7335576456343D0,15.1891393295785D0,-3.0D0,                      2977P   3002
-21.8517533700525D0,16.3063562844023D0,-3.0D0,                      2977P   3003
-20.9355321029876D0,17.4921912638373D0,-3.0D0,                      2977P   3004
-20.1257110690804D0,17.7482736643526D0,-3.0D0,                      2977P   3005
-19.7184961760675D0,17.7482736643526D0,-3.0D0,                      2977P   3006
-21.4054403947826D0,14.6739277224215D0,-4.0D0,                      2977P   3007
-21.7335576456343D0,15.1891393295785D0,-4.0D0,                      2977P   3008
-21.8517533700525D0,16.3063562844023D0,-4.0D0,                      2977P   3009
-20.9355321029876D0,17.4921912638373D0,-4.00000000000001D0,         2977P   3010
-20.1257110690803D0,17.7482736643526D0,-4.0D0,                      2977P   3011
-19.7184961760675D0,17.7482736643526D0,-4.0D0,                      2977P   3012
-21.4054403947826D0,14.6739277224215D0,-5.0D0,                      2977P   3013
-21.7335576456343D0,15.1891393295785D0,-5.0D0,                      2977P   3014
-21.8517533700525D0,16.3063562844023D0,-5.0D0,                      2977P   3015
-20.9355321029876D0,17.4921912638373D0,-5.00000000000001D0,         2977P   3016
-20.1257110690803D0,17.7482736643526D0,-5.0D0,                      2977P   3017
-19.7184961760675D0,17.7482736643526D0,-5.0D0,0.0D0,1.0D0,.7D0,     2977P   3018
1.0D0;                                                              2977P   3019
126,9,3,1,0,1,0,0.0D0,0.0D0,0.0D0,0.0D0,.183754123286387D0,         2979P   3020
.183754123286387D0,.183754123286387D0,.306256872143979D0,           2979P   3021
.306256872143979D0,.306256872143979D0,.42875962100157D0,            2979P   3022
.42875962100157D0,.42875962100157D0,.42875962100157D0,1.0D0,        2979P   3023
1.0D0,1.0D0,1.0D0,1.0D0,1.0D0,1.0D0,1.0D0,1.0D0,1.0D0,              2979P   3024
-21.4054403947826D0,14.6739277224215D0,-2.0D0,                      2979P   3025
-21.7335576456343D0,15.1891393295785D0,-2.0D0,                      2979P   3026
-21.8044750802852D0,15.8594695024728D0,-2.0D0,                      2979P   3027
-21.5972422997575D0,16.4325305663424D0,-2.0D0,                      2979P   3028
-21.459087112739D0,16.8145712755888D0,-2.0D0,                       2979P   3029
-21.1973096078633D0,17.153381269713D0,-2.0D0,                       2979P   3030
-20.8639655969486D0,17.386806866904D0,-2.0D0,-20.530621586034D0,    2979P   3031
17.620232464095D0,-2.0D0,-20.1257110690804D0,17.7482736643526D0,    2979P   3032
-2.0D0,-19.7184961760675D0,17.7482736643526D0,-2.0D0,0.0D0,         2979P   3033
.42875962100157D0,0.0D0,0.0D0,1.0D0;                                2979P   3034
126,3,3,0,0,1,0,.7D0,.7D0,.7D0,.7D0,1.0D0,1.0D0,1.0D0,1.0D0,        2981P   3035
1.0D0,1.0D0,1.0D0,1.0D0,-19.7184961760675D0,17.7482736643526D0,     2981P   3036
-2.0D0,-19.7184961760675D0,17.7482736643526D0,-3.0D0,               2981P   3037
-19.7184961760675D0,17.7482736643526D0,-4.0D0,                      2981P   3038
-19.7184961760675D0,17.7482736643526D0,-5.0D0,.7D0,1.0D0,0.0D0,     2981P   3039
0.0D0,0.0D0;                                                        2981P   3040
508,4,0,2751,11,1,0,0,2751,40,1,0,0,2751,58,1,0,0,2751,59,1,0;      2983P   3041
510,2977,1,1,2983;                                                  2985P   3042
116,0.0D0,17.7482736643526D0,-2.0D0,0;                              2987P   3043
123,0.0D0,1.0D0,0.0D0;                                              2989P   3044
190,2987,2989,2993;                                                 2991P   3045
123,0.0D0,0.0D0,1.0D0;                                              2993P   3046
110,-17.3340838375463D0,17.7482736643526D0,-2.0D0,                  2995P   3047
-19.7184961760675D0,17.7482736643526D0,-2.0D0;                      2995P   3048
110,-17.3340838375463D0,17.7482736643526D0,-5.0D0,                  2997P   3049
-17.3340838375463D0,17.7482736643526D0,-2.0D0;                      2997P   3050
508,4,0,2751,59,0,0,0,2751,60,0,0,0,2751,61,0,0,0,2751,12,0,0;      2999P   3051
510,2991,1,1,2999;                                                  3001P   3052
116,-17.3340838375463D0,15.7482736643526D0,2.81722466635134D-15,    3003P   3053
0;                                                                  3003P   3054
123,0.0D0,1.48029736616688D-15,1.0D0;                               3005P   3055
192,3003,3005,2.0D0,3009;                                           3007P   3056
123,.307420101637749D0,.951573896819914D0,-1.40861233317567D-15;    3009P   3057
100,0.0D0,0.0D0,0.0D0,2.0D0,5.70440431175076D-32,                   3011P   3058
1.90314779363983D0,.614840203275497D0;                              3011P   3059
124,.307420101637749D0,-.951573896819914D0,0.0D0,                   3013P   3060
-17.3340838375463D0,.951573896819914D0,.307420101637749D0,0.0D0,    3013P   3061
15.7482736643526D0,-1.40861233317567D-15,0.0D0,1.0D0,               3013P   3062
-1.99999999999998D0;                                                3013P   3063
110,-16.7192436342707D0,17.6514214579924D0,-2.0D0,                  3015P   3064
-16.7192436342707D0,17.6514214579924D0,-5.0D0;                      3015P   3065
508,4,0,2751,13,1,0,0,2751,61,1,0,0,2751,62,0,0,0,2751,63,1,0;      3017P   3066
510,3007,1,1,3017;                                                  3019P   3067
116,0.0D0,25.7482736643526D0,-2.0D0,0;                              3021P   3068
123,0.0D0,0.0D0,-1.0D0;                                             3023P   3069
190,3021,3023,3027;                                                 3025P   3070
123,-1.0D0,0.0D0,0.0D0;                                             3027P   3071
100,0.0D0,0.0D0,0.0D0,2.85706069503505D0,.914988625549972D0,        3029P   3072
-2.90511485301372D0,-.748537033685741D0;                            3029P   3073
124,1.0D0,0.0D0,0.0D0,-21.5606349524229D0,0.0D0,1.0D0,0.0D0,        3031P   3074
22.7482736643526D0,0.0D0,0.0D0,1.0D0,-2.0D0;                        3031P   3075
508,8,0,2751,54,0,0,0,2751,53,1,0,0,2751,62,1,0,0,2751,60,1,0,0,    3033P   3076
2751,58,0,0,0,2751,39,1,0,0,2751,38,0,0,0,2751,64,0,0;              3033P   3077
100,0.0D0,0.0D0,0.0D0,-2.0D0,2.44929359829471D-16,-2.0D0,           3035P   3078
2.44929359829471D-16;                                               3035P   3079
124,-1.0D0,0.0D0,0.0D0,-21.5606349524229D0,0.0D0,1.0D0,0.0D0,       3037P   3080
22.7482736643526D0,0.0D0,0.0D0,-1.0D0,-2.0D0;                       3037P   3081
508,1,0,2751,65,0,0;                                                3039P   3082
510,3025,2,1,3033,3039;                                             3041P   3083
116,0.0D0,17.7482736643526D0,2.0D0,0;                               3043P   3084
123,0.0D0,0.0D0,1.0D0;                                              3045P   3085
190,3043,3045,3049;                                                 3047P   3086
123,1.0D0,0.0D0,0.0D0;                                              3049P   3087
100,0.0D0,0.0D0,0.0D0,-2.90511485301372D0,.748537033685742D0,       3051P   3088
2.85706069503505D0,-.914988625549974D0;                             3051P   3089
124,1.0D0,0.0D0,0.0D0,-21.5606349524229D0,0.0D0,-1.0D0,0.0D0,       3053P   3090
22.7482736643526D0,0.0D0,0.0D0,-1.0D0,2.0D0;                        3053P   3091
508,8,0,2751,57,0,0,0,2751,66,0,0,0,2751,35,0,0,0,2751,34,1,0,0,    3055P   3092
2751,32,0,0,0,2751,49,0,0,0,2751,44,0,0,0,2751,50,1,0;              3055P   3093
100,0.0D0,0.0D0,0.0D0,-2.0D0,2.44929359829471D-16,-2.0D0,           3057P   3094
2.44929359829471D-16;                                               3057P   3095
124,-1.0D0,0.0D0,0.0D0,-21.5606349524229D0,0.0D0,-1.0D0,0.0D0,      3059P   3096
22.7482736643526D0,0.0D0,0.0D0,1.0D0,2.0D0;                         3059P   3097
508,1,0,2751,67,0,0;                                                3061P   3098
510,3047,2,1,3055,3061;                                             3063P   3099
116,-21.5606349524229D0,22.7482736643526D0,0.0D0,0;                 3065P   3100
123,0.0D0,0.0D0,1.0D0;                                              3067P   3101
192,3065,3067,3.0D0,3071;                                           3069P   3102
123,1.0D0,0.0D0,0.0D0;                                              3071P   3103
508,6,0,2751,64,1,0,0,2751,37,0,0,0,2751,36,1,0,0,2751,66,1,0,0,    3073P   3104
2751,56,0,0,0,2751,55,1,0;                                          3073P   3105
510,3069,1,1,3073;                                                  3075P   3106
116,31.8910614955136D0,19.6505039015624D0,5.0D0,0;                  3077P   3107
123,0.0D0,0.0D0,1.0D0;                                              3079P   3108
190,3077,3079,3083;                                                 3081P   3109
123,.999390827019096D0,-.034899496702501D0,0.0D0;                   3083P   3110
126,5,4,1,0,1,0,0.0D0,0.0D0,0.0D0,0.0D0,0.0D0,                      3085P   3111
.569368364663871D0,1.0D0,1.0D0,1.0D0,1.0D0,1.0D0,1.0D0,1.0D0,       3085P   3112
1.0D0,1.0D0,1.0D0,1.0D0,63.6071382541219D0,40.0366270076487D0,      3085P   3113
5.0D0,63.8575774218299D0,28.4666028961734D0,5.0D0,                  3085P   3114
62.2114203256831D0,6.78998646006158D0,5.0D0,50.9100434122026D0,     3085P   3115
-1.16719031976689D0,5.0D0,43.2633260304925D0,                       3085P   3116
-1.16997221232278D0,5.0D0,40.2961929750028D0,                       3085P   3117
-1.08643125326903D0,5.0D0,0.0D0,1.0D0,0.0D0,0.0D0,1.0D0;            3085P   3118
126,5,4,1,0,1,0,0.0D0,0.0D0,0.0D0,0.0D0,0.0D0,.50606448234942D0,    3087P   3119
1.0D0,1.0D0,1.0D0,1.0D0,1.0D0,1.0D0,1.0D0,1.0D0,1.0D0,1.0D0,        3087P   3120
1.0D0,66.8104067773472D0,64.3473353967185D0,5.0D0,                  3087P   3121
65.622532454331D0,63.1165740014871D0,5.0D0,61.0572433201395D0,      3087P   3122
56.3281161936712D0,5.0D0,63.8401772541308D0,47.0657423148943D0,     3087P   3123
5.0D0,63.6491332505394D0,43.0385361564329D0,5.0D0,                  3087P   3124
63.6071382541218D0,40.0366270076487D0,5.0D0,0.0D0,1.0D0,0.0D0,      3087P   3125
0.0D0,1.0D0;                                                        3087P   3126
126,11,4,1,0,1,0,0.0D0,0.0D0,0.0D0,0.0D0,0.0D0,                     3089P   3127
.333246118416331D0,.47855650836656D0,.629490556387731D0,            3089P   3128
.728891054982599D0,.801456116306216D0,.874021177629833D0,           3089P   3129
.918878591005706D0,1.0D0,1.0D0,1.0D0,1.0D0,1.0D0,1.0D0,1.0D0,       3089P   3130
1.0D0,1.0D0,1.0D0,1.0D0,1.0D0,1.0D0,1.0D0,1.0D0,1.0D0,1.0D0,        3089P   3131
49.7616839493274D0,38.5842485344282D0,5.0D0,47.5711289549197D0,     3089P   3132
38.0552417485475D0,5.0D0,52.5731214626562D0,41.9140088097026D0,     3089P   3133
5.0D0,57.4121860654689D0,48.3114908121684D0,5.0D0,                  3089P   3134
59.5006920045033D0,52.9063414573281D0,5.0D0,61.426687444151D0,      3089P   3135
60.2926411605295D0,5.0D0,63.3166248884654D0,63.0399558726147D0,     3089P   3136
5.0D0,64.5932437613128D0,64.8290799605894D0,5.0D0,                  3089P   3137
66.4255482621697D0,65.776796374628D0,5.0D0,66.9452557238358D0,      3089P   3138
65.3796317756473D0,5.0D0,66.9213715127399D0,64.4647434980447D0,     3089P   3139
5.0D0,66.8104067773471D0,64.3473353967184D0,5.0D0,0.0D0,1.0D0,      3089P   3140
0.0D0,0.0D0,1.0D0;                                                  3089P   3141
110,58.0504991555066D0,41.251880580432D0,5.0D0,                     3091P   3142
49.7616839493275D0,38.5842485344282D0,5.0D0;                        3091P   3143
126,7,4,1,0,1,0,0.0D0,0.0D0,0.0D0,0.0D0,0.0D0,                      3093P   3144
.380134159505013D0,.584691567951196D0,.746903192421781D0,1.0D0,     3093P   3145
1.0D0,1.0D0,1.0D0,1.0D0,1.0D0,1.0D0,1.0D0,1.0D0,1.0D0,1.0D0,        3093P   3146
1.0D0,1.0D0,40.4586929088368D0,4.27596184830742D0,5.0D0,            3093P   3147
43.452483977692D0,4.24931960384544D0,5.0D0,51.4520293248732D0,      3093P   3148
6.35807470636287D0,5.0D0,56.905314352249D0,12.2182420210105D0,      3093P   3149
5.0D0,61.1320159846364D0,36.1495411099773D0,5.0D0,                  3093P   3150
60.7123708848504D0,37.7664021704453D0,5.0D0,60.1000503214937D0,     3093P   3151
41.8208931572487D0,5.0D0,58.0504991555066D0,41.251880580432D0,      3093P   3152
5.0D0,0.0D0,1.0D0,0.0D0,0.0D0,1.0D0;                                3093P   3153
100,0.0D0,0.0D0,0.0D0,105.364752288406D0,0.0D0,                     3095P   3154
105.300566928173D0,3.67717682504907D0;                              3095P   3155
124,1.56681370320105D-3,.999998772546656D0,0.0D0,                   3097P   3156
9.09236062930427D0,.999998772546656D0,-1.56681370320105D-3,         3097P   3157
0.0D0,-100.0143687982D0,0.0D0,0.0D0,-1.0D0,5.0D0;                   3097P   3158
100,0.0D0,0.0D0,0.0D0,-19.9163807661504D0,2.4390531955866D-15,      3099P   3159
-9.10174898214188D0,-17.7149763840758D0;                            3099P   3160
124,.925216207901943D0,-.379440336068201D0,0.0D0,                   3101P   3161
1.70771465331809D0,.379440336068201D0,.925216207901943D0,0.0D0,     3101P   3162
25.2084996691627D0,0.0D0,0.0D0,1.0D0,5.0D0;                         3101P   3163
110,9.24904199962437D0,-1.44915435341867D-2,5.0D0,0.0D0,0.0D0,      3103P   3164
5.0D0;                                                              3103P   3165
508,16,0,2751,26,0,0,0,2751,68,0,0,0,2751,69,0,0,0,2751,70,0,0,     3105P   3166
0,2751,71,0,0,0,2751,72,0,0,0,2751,21,0,0,0,2751,73,0,0,0,2751,     3105P   3167
29,0,0,0,2751,74,0,0,0,2751,46,0,0,0,2751,48,1,0,0,2751,30,0,0,     3105P   3168
0,2751,43,0,0,0,2751,75,0,0,0,2751,18,0,0;                          3105P   3169
510,3081,1,1,3105;                                                  3107P   3170
120,3113,3111,0.0D0,6.28318530717959D0;                             3109P   3171
110,-23.5606349524229D0,22.7482736643526D0,-2.2D0,                  3111P   3172
-23.5606349524229D0,22.7482736643526D0,2.2D0;                       3111P   3173
110,-21.5606349524229D0,22.7482736643526D0,-2.2D0,                  3113P   3174
-21.5606349524229D0,22.7482736643526D0,-1.2D0;                      3113P   3175
508,1,0,2751,65,1,0;                                                3115P   3176
508,1,0,2751,67,1,0;                                                3117P   3177
510,3109,2,1,3115,3117;                                             3119P   3178
128,11,1,4,1,0,0,1,0,0,0.0D0,0.0D0,0.0D0,0.0D0,0.0D0,               3121P   3179
8.11214089942935D-2,.125978822370167D0,.198543883693784D0,          3121P   3180
.271108945017401D0,.370509443612269D0,.52144349163344D0,            3121P   3181
.666753881583669D0,1.0D0,1.0D0,1.0D0,1.0D0,1.0D0,-.5D0,-.5D0,       3121P   3182
.5D0,.5D0,1.0D0,1.0D0,1.0D0,1.0D0,1.0D0,1.0D0,1.0D0,1.0D0,1.0D0,    3121P   3183
1.0D0,1.0D0,1.0D0,1.0D0,1.0D0,1.0D0,1.0D0,1.0D0,1.0D0,1.0D0,        3121P   3184
1.0D0,1.0D0,1.0D0,1.0D0,1.0D0,66.8104067773471D0,                   3121P   3185
64.3473353967184D0,-5.0D0,66.9213715127399D0,64.4647434980447D0,    3121P   3186
-5.0D0,66.9452557238358D0,65.3796317756473D0,-5.0D0,                3121P   3187
66.4255482621697D0,65.776796374628D0,-5.0D0,64.5932437613128D0,     3121P   3188
64.8290799605894D0,-5.0D0,63.3166248884654D0,63.0399558726147D0,    3121P   3189
-5.0D0,61.426687444151D0,60.2926411605295D0,-5.0D0,                 3121P   3190
59.5006920045033D0,52.9063414573281D0,-5.0D0,57.4121860654689D0,    3121P   3191
48.3114908121684D0,-5.0D0,52.5731214626562D0,41.9140088097026D0,    3121P   3192
-5.0D0,47.5711289549197D0,38.0552417485475D0,-5.0D0,                3121P   3193
49.7616839493274D0,38.5842485344282D0,-5.0D0,66.8104067773471D0,    3121P   3194
64.3473353967184D0,5.0D0,66.9213715127399D0,64.4647434980447D0,     3121P   3195
5.0D0,66.9452557238358D0,65.3796317756473D0,5.0D0,                  3121P   3196
66.4255482621697D0,65.776796374628D0,5.0D0,64.5932437613128D0,      3121P   3197
64.8290799605894D0,5.0D0,63.3166248884654D0,63.0399558726147D0,     3121P   3198
5.0D0,61.426687444151D0,60.2926411605295D0,5.0D0,                   3121P   3199
59.5006920045033D0,52.9063414573281D0,5.0D0,57.4121860654689D0,     3121P   3200
48.3114908121684D0,5.0D0,52.5731214626562D0,41.9140088097026D0,     3121P   3201
5.0D0,47.5711289549197D0,38.0552417485475D0,5.0D0,                  3121P   3202
49.7616839493274D0,38.5842485344282D0,5.0D0,0.0D0,1.0D0,-.5D0,      3121P   3203
.5D0;                                                               3121P   3204
110,66.8104067773472D0,64.3473353967185D0,0.0D0,                    3123P   3205
66.8104067773472D0,64.3473353967185D0,5.0D0;                        3123P   3206
110,66.8104067773472D0,64.3473353967185D0,0.0D0,                    3125P   3207
66.8104067773472D0,64.3473353967185D0,-5.0D0;                       3125P   3208
110,49.7616839493275D0,38.5842485344282D0,0.0D0,                    3127P   3209
49.7616839493275D0,38.5842485344282D0,-5.0D0;                       3127P   3210
110,49.7616839493275D0,38.5842485344282D0,0.0D0,                    3129P   3211
49.7616839493275D0,38.5842485344282D0,5.0D0;                        3129P   3212
508,6,0,2751,70,1,0,0,2751,76,0,0,0,2751,77,1,0,0,2751,4,1,0,0,     3131P   3213
2751,78,0,0,0,2751,79,1,0;                                          3131P   3214
510,3121,1,1,3131;                                                  3133P   3215
128,5,1,4,1,0,0,1,0,0,0.0D0,0.0D0,0.0D0,0.0D0,0.0D0,                3135P   3216
.49393551765058D0,1.0D0,1.0D0,1.0D0,1.0D0,1.0D0,-.5D0,-.5D0,        3135P   3217
.5D0,.5D0,1.0D0,1.0D0,1.0D0,1.0D0,1.0D0,1.0D0,1.0D0,1.0D0,1.0D0,    3135P   3218
1.0D0,1.0D0,1.0D0,63.6071382541218D0,40.0366270076487D0,-5.0D0,     3135P   3219
63.6491332505394D0,43.0385361564329D0,-5.0D0,63.8401772541308D0,    3135P   3220
47.0657423148943D0,-5.0D0,61.0572433201395D0,56.3281161936712D0,    3135P   3221
-5.0D0,65.622532454331D0,63.1165740014871D0,-5.0D0,                 3135P   3222
66.8104067773472D0,64.3473353967185D0,-5.0D0,63.6071382541218D0,    3135P   3223
40.0366270076487D0,5.0D0,63.6491332505394D0,43.0385361564329D0,     3135P   3224
5.0D0,63.8401772541308D0,47.0657423148943D0,5.0D0,                  3135P   3225
61.0572433201395D0,56.3281161936712D0,5.0D0,65.622532454331D0,      3135P   3226
63.1165740014871D0,5.0D0,66.8104067773472D0,64.3473353967185D0,     3135P   3227
5.0D0,0.0D0,1.0D0,-.5D0,.5D0;                                       3135P   3228
110,63.6071382541218D0,40.0366270076487D0,0.0D0,                    3137P   3229
63.6071382541218D0,40.0366270076487D0,5.0D0;                        3137P   3230
110,63.6071382541218D0,40.0366270076487D0,0.0D0,                    3139P   3231
63.6071382541218D0,40.0366270076487D0,-5.0D0;                       3139P   3232
508,6,0,2751,69,1,0,0,2751,80,0,0,0,2751,81,1,0,0,2751,5,1,0,0,     3141P   3233
2751,77,0,0,0,2751,76,1,0;                                          3141P   3234
510,3135,1,1,3141;                                                  3143P   3235
128,5,1,4,1,0,0,1,0,0,0.0D0,0.0D0,0.0D0,0.0D0,0.0D0,                3145P   3236
.430631635336129D0,1.0D0,1.0D0,1.0D0,1.0D0,1.0D0,-.5D0,-.5D0,       3145P   3237
.5D0,.5D0,1.0D0,1.0D0,1.0D0,1.0D0,1.0D0,1.0D0,1.0D0,1.0D0,1.0D0,    3145P   3238
1.0D0,1.0D0,1.0D0,40.2961929750028D0,-1.08643125326903D0,-5.0D0,    3145P   3239
43.2633260304925D0,-1.16997221232278D0,-5.0D0,                      3145P   3240
50.9100434122026D0,-1.16719031976689D0,-5.0D0,                      3145P   3241
62.2114203256831D0,6.78998646006158D0,-5.0D0,63.8575774218299D0,    3145P   3242
28.4666028961734D0,-5.0D0,63.6071382541219D0,40.0366270076487D0,    3145P   3243
-5.0D0,40.2961929750028D0,-1.08643125326903D0,5.0D0,                3145P   3244
43.2633260304925D0,-1.16997221232278D0,5.0D0,50.9100434122026D0,    3145P   3245
-1.16719031976689D0,5.0D0,62.2114203256831D0,6.78998646006158D0,    3145P   3246
5.0D0,63.8575774218299D0,28.4666028961734D0,5.0D0,                  3145P   3247
63.6071382541219D0,40.0366270076487D0,5.0D0,0.0D0,1.0D0,-.5D0,      3145P   3248
.5D0;                                                               3145P   3249
508,6,0,2751,68,1,0,0,2751,25,0,0,0,2751,24,1,0,0,2751,6,1,0,0,     3147P   3250
2751,81,0,0,0,2751,80,1,0;                                          3147P   3251
510,3145,1,1,3147;                                                  3149P   3252
116,40.3153034326709D0,-6.31666474011278D-2,0.0D0,0;                3151P   3253
123,-1.56681370320101D-3,-.999998772546656D0,0.0D0;                 3153P   3254
190,3151,3153,3157;                                                 3155P   3255
123,0.0D0,0.0D0,-1.0D0;                                             3157P   3256
508,5,0,2751,19,0,0,0,2751,75,1,0,0,2751,42,0,0,0,2751,41,1,0,0,    3159P   3257
2751,9,1,0;                                                         3159P   3258
510,3155,1,1,3159;                                                  3161P   3259
120,3167,3165,0.0D0,6.28318530717959D0;                             3163P   3260
110,20.1346729409069D0,32.7655778803331D0,-5.5D0,                   3165P   3261
20.1346729409069D0,32.7655778803331D0,5.5D0;                        3165P   3262
110,1.70771465331809D0,25.2084996691627D0,-5.5D0,                   3167P   3263
1.70771465331809D0,25.2084996691627D0,-4.5D0;                       3167P   3264
508,7,0,2751,74,1,0,0,2751,28,0,0,0,2751,14,1,0,0,2751,63,0,0,0,    3169P   3265
2751,52,0,0,0,2751,51,1,0,0,2751,47,1,0;                            3169P   3266
510,3163,1,1,3169;                                                  3171P   3267
116,9.09236062930427D0,-100.0143687982D0,1.12179464532464D0,0;      3173P   3268
123,0.0D0,0.0D0,-1.0D0;                                             3175P   3269
192,3173,3175,105.364752288406D0,3179;                              3177P   3270
123,1.56681370320101D-3,.999998772546656D0,0.0D0;                   3179P   3271
508,4,0,2751,20,0,0,0,2751,16,1,0,0,2751,27,1,0,0,2751,73,1,0;      3181P   3272
510,3177,1,1,3181;                                                  3183P   3273
128,7,1,4,1,0,0,1,0,0,0.0D0,0.0D0,0.0D0,0.0D0,0.0D0,                3185P   3274
.253096807578219D0,.415308432048804D0,.619865840494987D0,1.0D0,     3185P   3275
1.0D0,1.0D0,1.0D0,1.0D0,-.5D0,-.5D0,.5D0,.5D0,1.0D0,1.0D0,1.0D0,    3185P   3276
1.0D0,1.0D0,1.0D0,1.0D0,1.0D0,1.0D0,1.0D0,1.0D0,1.0D0,1.0D0,        3185P   3277
1.0D0,1.0D0,1.0D0,58.0504991555066D0,41.251880580432D0,-5.0D0,      3185P   3278
60.1000503214937D0,41.8208931572487D0,-5.0D0,60.7123708848504D0,    3185P   3279
37.7664021704453D0,-5.0D0,61.1320159846364D0,36.1495411099773D0,    3185P   3280
-5.0D0,56.905314352249D0,12.2182420210105D0,-5.0D0,                 3185P   3281
51.4520293248732D0,6.35807470636287D0,-5.0D0,43.452483977692D0,     3185P   3282
4.24931960384544D0,-5.0D0,40.4586929088368D0,4.27596184830742D0,    3185P   3283
-5.0D0,58.0504991555066D0,41.251880580432D0,5.0D0,                  3185P   3284
60.1000503214937D0,41.8208931572487D0,5.0D0,60.7123708848504D0,     3185P   3285
37.7664021704453D0,5.0D0,61.1320159846364D0,36.1495411099773D0,     3185P   3286
5.0D0,56.905314352249D0,12.2182420210105D0,5.0D0,                   3185P   3287
51.4520293248732D0,6.35807470636287D0,5.0D0,43.452483977692D0,      3185P   3288
4.24931960384544D0,5.0D0,40.4586929088368D0,4.27596184830742D0,     3185P   3289
5.0D0,0.0D0,1.0D0,-.5D0,.5D0;                                       3185P   3290
110,58.0504991555066D0,41.251880580432D0,0.0D0,                     3187P   3291
58.0504991555066D0,41.251880580432D0,5.0D0;                         3187P   3292
110,58.0504991555066D0,41.251880580432D0,0.0D0,                     3189P   3293
58.0504991555066D0,41.251880580432D0,-5.0D0;                        3189P   3294
508,6,0,2751,72,1,0,0,2751,82,0,0,0,2751,83,1,0,0,2751,2,1,0,0,     3191P   3295
2751,23,0,0,0,2751,22,1,0;                                          3191P   3296
510,3185,1,1,3191;                                                  3193P   3297
116,58.0504991555066D0,41.251880580432D0,0.0D0,0;                   3195P   3298
123,.30635994212535D0,-.951915745148147D0,0.0D0;                    3197P   3299
190,3195,3197,3201;                                                 3199P   3300
123,0.0D0,0.0D0,-1.0D0;                                             3201P   3301
508,6,0,2751,71,1,0,0,2751,79,0,0,0,2751,78,1,0,0,2751,3,1,0,0,     3203P   3302
2751,83,0,0,0,2751,82,1,0;                                          3203P   3303
510,3199,1,1,3203;                                                  3205P   3304
514,26,2797,1,2815,1,2835,1,2853,1,2871,1,2885,1,2911,1,2937,1,     3207P   3305
2953,1,2975,1,2985,1,3001,1,3019,1,3041,1,3063,1,3075,1,3107,1,     3207P   3306
3119,1,3133,1,3143,1,3149,1,3161,1,3171,1,3183,1,3193,1,3205,1;     3207P   3307
186,3207,1,0;                                                       3209P   3308
408,2739,0.0D0,0.0D0,0.0D0,1.0D0;                                   3211P   3309
124,.861636628314719D0,.507525684814516D0,6.12323399515504D-17,     3213P   3310
-8.95428399837288D0,-.507525684814516D0,.861636628314719D0,         3213P   3311
1.00091792786423D-31,-21.9375456249467D0,-5.27600269396745D-17,     3213P   3312
-3.10769852667059D-17,1.0D0,-2.58954465899666D-16;                  3213P   3313
308,0,3Hfix,1,3271;                                                 3215P   3314
406,2,0,3Hfix;                                                      3217P   3315
116,0.0D0,0.0D0,0.0D0,0;                                            3219P   3316
123,0.0D0,0.0D0,1.0D0;                                              3221P   3317
192,3219,3221,2.0D0,3225;                                           3223P   3318
123,-1.0D0,0.0D0,0.0D0;                                             3225P   3319
504,2,3231,3229,1,3229,1,3237,3229,2,3229,2;                        3227P   3320
502,2,2.0D0,2.44929359829471D-16,10.0D0,2.0D0,                      3229P   3321
2.44929359829471D-16,0.0D0;                                         3229P   3322
100,0.0D0,0.0D0,0.0D0,-2.0D0,2.44929359829471D-16,-2.0D0,           3231P   3323
2.44929359829471D-16;                                               3231P   3324
124,-1.0D0,0.0D0,0.0D0,0.0D0,0.0D0,1.0D0,0.0D0,0.0D0,0.0D0,         3233P   3325
0.0D0,-1.0D0,10.0D0;                                                3233P   3326
508,1,0,3227,1,1,0;                                                 3235P   3327
100,0.0D0,0.0D0,0.0D0,-2.0D0,2.44929359829471D-16,-2.0D0,           3237P   3328
2.44929359829471D-16;                                               3237P   3329
124,-1.0D0,0.0D0,0.0D0,0.0D0,0.0D0,1.0D0,0.0D0,0.0D0,0.0D0,         3239P   3330
0.0D0,-1.0D0,0.0D0;                                                 3239P   3331
508,1,0,3227,2,0,0;                                                 3241P   3332
510,3223,2,1,3235,3241;                                             3243P   3333
116,0.0D0,0.0D0,10.0D0,0;                                           3245P   3334
123,0.0D0,0.0D0,1.0D0;                                              3247P   3335
190,3245,3247,3251;                                                 3249P   3336
123,1.0D0,0.0D0,0.0D0;                                              3251P   3337
508,1,0,3227,1,0,0;                                                 3253P   3338
510,3249,1,1,3253;                                                  3255P   3339
116,0.0D0,0.0D0,0.0D0,0;                                            3257P   3340
123,0.0D0,0.0D0,-1.0D0;                                             3259P   3341
190,3257,3259,3263;                                                 3261P   3342
123,-1.0D0,0.0D0,0.0D0;                                             3263P   3343
508,1,0,3227,2,1,0;                                                 3265P   3344
510,3261,1,1,3265;                                                  3267P   3345
514,3,3243,1,3255,1,3267,1;                                         3269P   3346
186,3269,1,0;                                                       3271P   3347
408,3215,0.0D0,0.0D0,0.0D0,1.0D0;                                   3273P   3348
124,1.0D0,0.0D0,0.0D0,-15.9863836332545D0,0.0D0,-1.0D0,             3275P   3349
-1.22464679914735D-16,8.60577621445083D0,0.0D0,                     3275P   3350
1.22464679914735D-16,-1.0D0,5.0D0;                                  3275P   3351
308,0,6Hruber1,1,3377;                                              3277P   3352
406,2,0,6Hruber1;                                                   3279P   3353
116,0.0D0,0.0D0,0.0D0,0;                                            3281P   3354
123,-1.0D0,0.0D0,0.0D0;                                             3283P   3355
190,3281,3283,3287;                                                 3285P   3356
123,0.0D0,0.0D0,1.0D0;                                              3287P   3357
504,12,3293,3291,1,3291,2,3295,3291,3,3291,2,3297,3291,3,3291,4,    3289P   3358
3299,3291,4,3291,1,3307,3291,2,3291,5,3309,3291,6,3291,5,3311,      3289P   3359
3291,6,3291,3,3325,3291,5,3291,7,3327,3291,8,3291,7,3329,3291,8,    3289P   3360
3291,6,3343,3291,7,3291,1,3345,3291,4,3291,8;                       3289P   3361
502,8,0.0D0,0.0D0,9.5D0,-2.14313189850787D-15,7.0D0,9.5D0,          3291P   3362
-2.14313189850787D-15,7.0D0,0.0D0,0.0D0,0.0D0,0.0D0,25.0D0,         3291P   3363
3.0D0,9.5D0,25.0D0,3.0D0,0.0D0,25.0D0,0.0D0,9.5D0,25.0D0,0.0D0,     3291P   3364
0.0D0;                                                              3291P   3365
110,0.0D0,0.0D0,9.5D0,-2.14313189850787D-15,7.0D0,9.5D0;            3293P   3366
110,-2.14313189850787D-15,7.0D0,0.0D0,-2.14313189850787D-15,        3295P   3367
7.0D0,9.5D0;                                                        3295P   3368
110,-2.14313189850787D-15,7.0D0,0.0D0,0.0D0,0.0D0,0.0D0;            3297P   3369
110,0.0D0,0.0D0,0.0D0,0.0D0,0.0D0,9.5D0;                            3299P   3370
508,4,0,3289,1,1,0,0,3289,2,0,0,0,3289,3,1,0,0,3289,4,1,0;          3301P   3371
510,3285,1,1,3301;                                                  3303P   3372
128,2,1,2,1,0,0,1,0,0,0.0D0,0.0D0,0.0D0,1.0D0,1.0D0,1.0D0,0.0D0,    3305P   3373
0.0D0,.95D0,.95D0,1.0D0,1.0D0,1.0D0,1.0D0,1.0D0,1.0D0,25.0D0,       3305P   3374
3.0D0,0.0D0,10.4974247420747D0,2.632777641723D0,0.0D0,              3305P   3375
4.83031527135512D-15,7.0D0,0.0D0,25.0D0,3.0D0,9.5D0,                3305P   3376
10.4974247420747D0,2.632777641723D0,9.5D0,4.83031527135512D-15,     3305P   3377
7.0D0,9.5D0,0.0D0,1.0D0,0.0D0,.95D0;                                3305P   3378
126,2,2,1,0,1,0,0.0D0,0.0D0,0.0D0,1.0D0,1.0D0,1.0D0,1.0D0,1.0D0,    3307P   3379
1.0D0,4.83031527135512D-15,7.0D0,9.5D0,10.4974247420747D0,          3307P   3380
2.632777641723D0,9.5D0,25.0D0,3.0D0,9.5D0,0.0D0,1.0D0,0.0D0,        3307P   3381
0.0D0,1.0D0;                                                        3307P   3382
110,25.0D0,3.0D0,0.0D0,25.0D0,3.0D0,9.5D0;                          3309P   3383
126,2,2,1,0,1,0,0.0D0,0.0D0,0.0D0,1.0D0,1.0D0,1.0D0,1.0D0,1.0D0,    3311P   3384
1.0D0,25.0D0,3.0D0,0.0D0,10.4974247420747D0,2.632777641723D0,       3311P   3385
0.0D0,4.83031527135512D-15,7.0D0,0.0D0,0.0D0,1.0D0,0.0D0,0.0D0,     3311P   3386
1.0D0;                                                              3311P   3387
508,4,0,3289,5,1,0,0,3289,6,0,0,0,3289,7,1,0,0,3289,2,1,0;          3313P   3388
510,3305,1,1,3313;                                                  3315P   3389
116,25.0D0,3.0D0,0.0D0,0;                                           3317P   3390
123,1.0D0,0.0D0,0.0D0;                                              3319P   3391
190,3317,3319,3323;                                                 3321P   3392
123,0.0D0,0.0D0,-1.0D0;                                             3323P   3393
110,25.0D0,3.0D0,9.5D0,25.0D0,0.0D0,9.5D0;                          3325P   3394
110,25.0D0,0.0D0,0.0D0,25.0D0,0.0D0,9.5D0;                          3327P   3395
110,25.0D0,0.0D0,0.0D0,25.0D0,3.0D0,0.0D0;                          3329P   3396
508,4,0,3289,8,1,0,0,3289,9,0,0,0,3289,10,1,0,0,3289,6,1,0;         3331P   3397
510,3321,1,1,3331;                                                  3333P   3398
116,25.0D0,0.0D0,0.0D0,0;                                           3335P   3399
123,0.0D0,-1.0D0,0.0D0;                                             3337P   3400
190,3335,3337,3341;                                                 3339P   3401
123,0.0D0,0.0D0,-1.0D0;                                             3341P   3402
110,25.0D0,0.0D0,9.5D0,0.0D0,0.0D0,9.5D0;                           3343P   3403
110,0.0D0,0.0D0,0.0D0,25.0D0,0.0D0,0.0D0;                           3345P   3404
508,4,0,3289,11,1,0,0,3289,4,0,0,0,3289,12,1,0,0,3289,9,1,0;        3347P   3405
510,3339,1,1,3347;                                                  3349P   3406
116,11.4203668161024D0,2.28758123200363D0,0.0D0,0;                  3351P   3407
123,0.0D0,0.0D0,-1.0D0;                                             3353P   3408
190,3351,3353,3357;                                                 3355P   3409
123,-1.0D0,0.0D0,0.0D0;                                             3357P   3410
508,4,0,3289,12,0,0,0,3289,3,0,0,0,3289,7,0,0,0,3289,10,0,0;        3359P   3411
510,3355,1,1,3359;                                                  3361P   3412
116,11.4203668161024D0,2.28758123200363D0,9.5D0,0;                  3363P   3413
123,0.0D0,0.0D0,1.0D0;                                              3365P   3414
190,3363,3365,3369;                                                 3367P   3415
123,1.0D0,0.0D0,0.0D0;                                              3369P   3416
508,4,0,3289,1,0,0,0,3289,11,0,0,0,3289,8,0,0,0,3289,5,0,0;         3371P   3417
510,3367,1,1,3371;                                                  3373P   3418
514,6,3303,1,3315,1,3333,1,3349,1,3361,1,3373,1;                    3375P   3419
186,3375,1,0;                                                       3377P   3420
408,3277,0.0D0,0.0D0,0.0D0,1.0D0;                                   3379P   3421
124,.842556487419179D0,.538607988715221D0,6.12323399515501D-17,     3381P   3422
.413627141310406D0,-.538607988715221D0,.842556487419179D0,          3381P   3423
5.45854874595434D-31,-21.1033877654356D0,-5.15917052660348D-17,     3381P   3424
-3.29802274656316D-17,1.0D0,-4.75D0;                                3381P   3425
308,0,6Hruber2,49,4137,4141,4143,4145,4147,4149,4151,4153,4155,     3383P   3426
4157,4159,4161,4163,4165,4167,4169,4171,4173,4175,4177,4179,        3383P   3427
4181,4183,4185,4187,4189,4191,4193,4195,4197,4199,4201,4203,        3383P   3428
4205,4207,4209,4211,4213,4215,4217,4219,4221,4223,4225,4227,        3383P   3429
4229,4231,4233,4235;                                                3383P   3430
406,2,0,6Hruber2;                                                   3385P   3431
116,0.0D0,0.0D0,0.0D0,0;                                            3387P   3432
123,-1.0D0,0.0D0,0.0D0;                                             3389P   3433
190,3387,3389,3393;                                                 3391P   3434
123,0.0D0,0.0D0,1.0D0;                                              3393P   3435
504,120,3399,3397,1,3397,2,3401,3397,3,3397,2,3403,3397,3,3397,     3395P   3436
4,3405,3397,4,3397,1,3419,3397,2,3397,5,3421,3397,6,3397,5,3423,    3395P   3437
3397,6,3397,3,3437,3397,5,3397,7,3439,3397,8,3397,7,3441,3397,8,    3395P   3438
3397,6,3455,3397,7,3397,9,3457,3397,10,3397,9,3459,3397,10,3397,    3395P   3439
8,3473,3397,9,3397,11,3475,3397,12,3397,11,3477,3397,12,3397,10,    3395P   3440
3491,3397,11,3397,13,3493,3397,14,3397,13,3495,3397,14,3397,12,     3395P   3441
3509,3397,13,3397,15,3511,3397,16,3397,15,3513,3397,16,3397,14,     3395P   3442
3527,3397,15,3397,17,3529,3397,18,3397,17,3531,3397,18,3397,16,     3395P   3443
3545,3397,17,3397,19,3547,3397,20,3397,19,3549,3397,20,3397,18,     3395P   3444
3563,3397,19,3397,21,3565,3397,22,3397,21,3567,3397,22,3397,20,     3395P   3445
3581,3397,21,3397,23,3583,3397,24,3397,23,3585,3397,24,3397,22,     3395P   3446
3599,3397,23,3397,25,3601,3397,26,3397,25,3603,3397,26,3397,24,     3395P   3447
3617,3397,25,3397,27,3619,3397,28,3397,27,3621,3397,28,3397,26,     3395P   3448
3635,3397,27,3397,29,3637,3397,30,3397,29,3639,3397,30,3397,28,     3395P   3449
3653,3397,29,3397,31,3655,3397,32,3397,31,3657,3397,32,3397,30,     3395P   3450
3671,3397,31,3397,33,3673,3397,34,3397,33,3675,3397,34,3397,32,     3395P   3451
3689,3397,33,3397,35,3691,3397,36,3397,35,3693,3397,36,3397,34,     3395P   3452
3707,3397,35,3397,37,3709,3397,38,3397,37,3711,3397,38,3397,36,     3395P   3453
3725,3397,37,3397,39,3727,3397,40,3397,39,3729,3397,40,3397,38,     3395P   3454
3743,3397,39,3397,41,3745,3397,42,3397,41,3747,3397,42,3397,40,     3395P   3455
3761,3397,41,3397,43,3763,3397,44,3397,43,3765,3397,44,3397,42,     3395P   3456
3779,3397,43,3397,45,3781,3397,46,3397,45,3783,3397,46,3397,44,     3395P   3457
3797,3397,45,3397,47,3799,3397,48,3397,47,3801,3397,48,3397,46,     3395P   3458
3815,3397,47,3397,49,3817,3397,50,3397,49,3819,3397,50,3397,48,     3395P   3459
3833,3397,49,3397,51,3835,3397,52,3397,51,3837,3397,52,3397,50,     3395P   3460
3851,3397,51,3397,53,3853,3397,54,3397,53,3855,3397,54,3397,52,     3395P   3461
3869,3397,53,3397,55,3871,3397,56,3397,55,3873,3397,56,3397,54,     3395P   3462
3887,3397,55,3397,57,3889,3397,58,3397,57,3891,3397,58,3397,56,     3395P   3463
3905,3397,57,3397,59,3907,3397,60,3397,59,3909,3397,60,3397,58,     3395P   3464
3923,3397,59,3397,61,3925,3397,62,3397,61,3927,3397,62,3397,60,     3395P   3465
3941,3397,61,3397,63,3943,3397,64,3397,63,3945,3397,64,3397,62,     3395P   3466
3959,3397,63,3397,65,3961,3397,66,3397,65,3963,3397,66,3397,64,     3395P   3467
3977,3397,65,3397,67,3979,3397,68,3397,67,3981,3397,68,3397,66,     3395P   3468
3995,3397,67,3397,69,3997,3397,70,3397,69,3999,3397,70,3397,68,     3395P   3469
4013,3397,69,3397,71,4015,3397,72,3397,71,4017,3397,72,3397,70,     3395P   3470
4031,3397,71,3397,73,4033,3397,74,3397,73,4035,3397,74,3397,72,     3395P   3471
4049,3397,73,3397,75,4051,3397,76,3397,75,4053,3397,76,3397,74,     3395P   3472
4067,3397,75,3397,77,4069,3397,78,3397,77,4071,3397,78,3397,76,     3395P   3473
4085,3397,77,3397,79,4087,3397,80,3397,79,4089,3397,80,3397,78,     3395P   3474
4103,3397,79,3397,1,4105,3397,4,3397,80;                            3395P   3475
502,80,0.0D0,0.0D0,50.0D0,-1.11022302462516D-15,3.0D0,50.0D0,       3397P   3476
-1.11022302462516D-15,3.0D0,0.0D0,0.0D0,0.0D0,0.0D0,.25D0,3.0D0,    3397P   3477
50.0D0,.25D0,3.0D0,0.0D0,.25D0,2.7D0,50.0D0,.25D0,2.7D0,0.0D0,      3397P   3478
.75D0,2.7D0,50.0D0,.75D0,2.7D0,0.0D0,.75D0,3.0D0,50.0D0,.75D0,      3397P   3479
3.0D0,0.0D0,1.25D0,3.0D0,50.0D0,1.25D0,3.0D0,0.0D0,1.25D0,2.7D0,    3397P   3480
50.0D0,1.25D0,2.7D0,0.0D0,1.75D0,2.7D0,50.0D0,1.75D0,2.7D0,         3397P   3481
0.0D0,1.75D0,3.0D0,50.0D0,1.75D0,3.0D0,0.0D0,2.25D0,3.0D0,          3397P   3482
50.0D0,2.25D0,3.0D0,0.0D0,2.25D0,2.7D0,50.0D0,2.25D0,2.7D0,         3397P   3483
0.0D0,2.75D0,2.7D0,50.0D0,2.75D0,2.7D0,0.0D0,2.75D0,3.0D0,          3397P   3484
50.0D0,2.75D0,3.0D0,0.0D0,3.25D0,3.0D0,50.0D0,3.25D0,3.0D0,         3397P   3485
0.0D0,3.25D0,2.7D0,50.0D0,3.25D0,2.7D0,0.0D0,3.75D0,2.7D0,          3397P   3486
50.0D0,3.75D0,2.7D0,0.0D0,3.75D0,3.0D0,50.0D0,3.75D0,3.0D0,         3397P   3487
0.0D0,4.25D0,3.0D0,50.0D0,4.25D0,3.0D0,0.0D0,4.25D0,2.7D0,          3397P   3488
50.0D0,4.25D0,2.7D0,0.0D0,4.75D0,2.7D0,50.0D0,4.75D0,2.7D0,         3397P   3489
0.0D0,4.75D0,3.0D0,50.0D0,4.75D0,3.0D0,0.0D0,5.25D0,3.0D0,          3397P   3490
50.0D0,5.25D0,3.0D0,0.0D0,5.25D0,2.7D0,50.0D0,5.25D0,2.7D0,         3397P   3491
0.0D0,5.75D0,2.7D0,50.0D0,5.75D0,2.7D0,0.0D0,5.75D0,3.0D0,          3397P   3492
50.0D0,5.75D0,3.0D0,0.0D0,6.25D0,3.0D0,50.0D0,6.25D0,3.0D0,         3397P   3493
0.0D0,6.25D0,2.7D0,50.0D0,6.25D0,2.7D0,0.0D0,6.75D0,2.7D0,          3397P   3494
50.0D0,6.75D0,2.7D0,0.0D0,6.75D0,3.0D0,50.0D0,6.75D0,3.0D0,         3397P   3495
0.0D0,7.25D0,3.0D0,50.0D0,7.25D0,3.0D0,0.0D0,7.25D0,2.7D0,          3397P   3496
50.0D0,7.25D0,2.7D0,0.0D0,7.75D0,2.7D0,50.0D0,7.75D0,2.7D0,         3397P   3497
0.0D0,7.75D0,3.0D0,50.0D0,7.75D0,3.0D0,0.0D0,8.25D0,3.0D0,          3397P   3498
50.0D0,8.25D0,3.0D0,0.0D0,8.25D0,2.7D0,50.0D0,8.25D0,2.7D0,         3397P   3499
0.0D0,8.75D0,2.7D0,50.0D0,8.75D0,2.7D0,0.0D0,8.75D0,3.0D0,          3397P   3500
50.0D0,8.75D0,3.0D0,0.0D0,9.0D0,3.0D0,50.0D0,9.0D0,3.0D0,0.0D0,     3397P   3501
9.0D0,0.0D0,50.0D0,9.0D0,0.0D0,0.0D0;                               3397P   3502
110,0.0D0,0.0D0,50.0D0,-1.11022302462516D-15,3.0D0,50.0D0;          3399P   3503
110,-1.11022302462516D-15,3.0D0,0.0D0,-1.11022302462516D-15,        3401P   3504
3.0D0,50.0D0;                                                       3401P   3505
110,-1.11022302462516D-15,3.0D0,0.0D0,0.0D0,0.0D0,0.0D0;            3403P   3506
110,0.0D0,0.0D0,0.0D0,0.0D0,0.0D0,50.0D0;                           3405P   3507
508,4,0,3395,1,1,0,0,3395,2,0,0,0,3395,3,1,0,0,3395,4,1,0;          3407P   3508
510,3391,1,1,3407;                                                  3409P   3509
116,-1.11022302462516D-15,3.0D0,0.0D0,0;                            3411P   3510
123,0.0D0,1.0D0,0.0D0;                                              3413P   3511
190,3411,3413,3417;                                                 3415P   3512
123,0.0D0,0.0D0,1.0D0;                                              3417P   3513
110,-1.11022302462516D-15,3.0D0,50.0D0,.25D0,3.0D0,50.0D0;          3419P   3514
110,.25D0,3.0D0,0.0D0,.25D0,3.0D0,50.0D0;                           3421P   3515
110,.25D0,3.0D0,0.0D0,-1.11022302462516D-15,3.0D0,0.0D0;            3423P   3516
508,4,0,3395,5,1,0,0,3395,6,0,0,0,3395,7,1,0,0,3395,2,1,0;          3425P   3517
510,3415,1,1,3425;                                                  3427P   3518
116,.25D0,3.0D0,0.0D0,0;                                            3429P   3519
123,1.0D0,0.0D0,0.0D0;                                              3431P   3520
190,3429,3431,3435;                                                 3433P   3521
123,0.0D0,0.0D0,-1.0D0;                                             3435P   3522
110,.25D0,3.0D0,50.0D0,.25D0,2.7D0,50.0D0;                          3437P   3523
110,.25D0,2.7D0,0.0D0,.25D0,2.7D0,50.0D0;                           3439P   3524
110,.25D0,2.7D0,0.0D0,.25D0,3.0D0,0.0D0;                            3441P   3525
508,4,0,3395,8,1,0,0,3395,9,0,0,0,3395,10,1,0,0,3395,6,1,0;         3443P   3526
510,3433,1,1,3443;                                                  3445P   3527
116,.25D0,2.7D0,0.0D0,0;                                            3447P   3528
123,0.0D0,1.0D0,0.0D0;                                              3449P   3529
190,3447,3449,3453;                                                 3451P   3530
123,0.0D0,0.0D0,1.0D0;                                              3453P   3531
110,.25D0,2.7D0,50.0D0,.75D0,2.7D0,50.0D0;                          3455P   3532
110,.75D0,2.7D0,0.0D0,.75D0,2.7D0,50.0D0;                           3457P   3533
110,.75D0,2.7D0,0.0D0,.25D0,2.7D0,0.0D0;                            3459P   3534
508,4,0,3395,11,1,0,0,3395,12,0,0,0,3395,13,1,0,0,3395,9,1,0;       3461P   3535
510,3451,1,1,3461;                                                  3463P   3536
116,.75D0,2.7D0,0.0D0,0;                                            3465P   3537
123,-1.0D0,0.0D0,0.0D0;                                             3467P   3538
190,3465,3467,3471;                                                 3469P   3539
123,0.0D0,0.0D0,1.0D0;                                              3471P   3540
110,.75D0,2.7D0,50.0D0,.75D0,3.0D0,50.0D0;                          3473P   3541
110,.75D0,3.0D0,0.0D0,.75D0,3.0D0,50.0D0;                           3475P   3542
110,.75D0,3.0D0,0.0D0,.75D0,2.7D0,0.0D0;                            3477P   3543
508,4,0,3395,14,1,0,0,3395,15,0,0,0,3395,16,1,0,0,3395,12,1,0;      3479P   3544
510,3469,1,1,3479;                                                  3481P   3545
116,.999999999999999D0,3.0D0,0.0D0,0;                               3483P   3546
123,0.0D0,1.0D0,0.0D0;                                              3485P   3547
190,3483,3485,3489;                                                 3487P   3548
123,0.0D0,0.0D0,1.0D0;                                              3489P   3549
110,.75D0,3.0D0,50.0D0,1.25D0,3.0D0,50.0D0;                         3491P   3550
110,1.25D0,3.0D0,0.0D0,1.25D0,3.0D0,50.0D0;                         3493P   3551
110,1.25D0,3.0D0,0.0D0,.75D0,3.0D0,0.0D0;                           3495P   3552
508,4,0,3395,17,1,0,0,3395,18,0,0,0,3395,19,1,0,0,3395,15,1,0;      3497P   3553
510,3487,1,1,3497;                                                  3499P   3554
116,1.25D0,3.0D0,0.0D0,0;                                           3501P   3555
123,1.0D0,0.0D0,0.0D0;                                              3503P   3556
190,3501,3503,3507;                                                 3505P   3557
123,0.0D0,0.0D0,-1.0D0;                                             3507P   3558
110,1.25D0,3.0D0,50.0D0,1.25D0,2.7D0,50.0D0;                        3509P   3559
110,1.25D0,2.7D0,0.0D0,1.25D0,2.7D0,50.0D0;                         3511P   3560
110,1.25D0,2.7D0,0.0D0,1.25D0,3.0D0,0.0D0;                          3513P   3561
508,4,0,3395,20,1,0,0,3395,21,0,0,0,3395,22,1,0,0,3395,18,1,0;      3515P   3562
510,3505,1,1,3515;                                                  3517P   3563
116,1.25D0,2.7D0,0.0D0,0;                                           3519P   3564
123,0.0D0,1.0D0,0.0D0;                                              3521P   3565
190,3519,3521,3525;                                                 3523P   3566
123,0.0D0,0.0D0,1.0D0;                                              3525P   3567
110,1.25D0,2.7D0,50.0D0,1.75D0,2.7D0,50.0D0;                        3527P   3568
110,1.75D0,2.7D0,0.0D0,1.75D0,2.7D0,50.0D0;                         3529P   3569
110,1.75D0,2.7D0,0.0D0,1.25D0,2.7D0,0.0D0;                          3531P   3570
508,4,0,3395,23,1,0,0,3395,24,0,0,0,3395,25,1,0,0,3395,21,1,0;      3533P   3571
510,3523,1,1,3533;                                                  3535P   3572
116,1.75D0,2.7D0,0.0D0,0;                                           3537P   3573
123,-1.0D0,0.0D0,0.0D0;                                             3539P   3574
190,3537,3539,3543;                                                 3541P   3575
123,0.0D0,0.0D0,1.0D0;                                              3543P   3576
110,1.75D0,2.7D0,50.0D0,1.75D0,3.0D0,50.0D0;                        3545P   3577
110,1.75D0,3.0D0,0.0D0,1.75D0,3.0D0,50.0D0;                         3547P   3578
110,1.75D0,3.0D0,0.0D0,1.75D0,2.7D0,0.0D0;                          3549P   3579
508,4,0,3395,26,1,0,0,3395,27,0,0,0,3395,28,1,0,0,3395,24,1,0;      3551P   3580
510,3541,1,1,3551;                                                  3553P   3581
116,2.0D0,3.0D0,0.0D0,0;                                            3555P   3582
123,0.0D0,1.0D0,0.0D0;                                              3557P   3583
190,3555,3557,3561;                                                 3559P   3584
123,0.0D0,0.0D0,1.0D0;                                              3561P   3585
110,1.75D0,3.0D0,50.0D0,2.25D0,3.0D0,50.0D0;                        3563P   3586
110,2.25D0,3.0D0,0.0D0,2.25D0,3.0D0,50.0D0;                         3565P   3587
110,2.25D0,3.0D0,0.0D0,1.75D0,3.0D0,0.0D0;                          3567P   3588
508,4,0,3395,29,1,0,0,3395,30,0,0,0,3395,31,1,0,0,3395,27,1,0;      3569P   3589
510,3559,1,1,3569;                                                  3571P   3590
116,2.25D0,3.0D0,0.0D0,0;                                           3573P   3591
123,1.0D0,0.0D0,0.0D0;                                              3575P   3592
190,3573,3575,3579;                                                 3577P   3593
123,0.0D0,0.0D0,-1.0D0;                                             3579P   3594
110,2.25D0,3.0D0,50.0D0,2.25D0,2.7D0,50.0D0;                        3581P   3595
110,2.25D0,2.7D0,0.0D0,2.25D0,2.7D0,50.0D0;                         3583P   3596
110,2.25D0,2.7D0,0.0D0,2.25D0,3.0D0,0.0D0;                          3585P   3597
508,4,0,3395,32,1,0,0,3395,33,0,0,0,3395,34,1,0,0,3395,30,1,0;      3587P   3598
510,3577,1,1,3587;                                                  3589P   3599
116,2.25D0,2.7D0,0.0D0,0;                                           3591P   3600
123,0.0D0,1.0D0,0.0D0;                                              3593P   3601
190,3591,3593,3597;                                                 3595P   3602
123,0.0D0,0.0D0,1.0D0;                                              3597P   3603
110,2.25D0,2.7D0,50.0D0,2.75D0,2.7D0,50.0D0;                        3599P   3604
110,2.75D0,2.7D0,0.0D0,2.75D0,2.7D0,50.0D0;                         3601P   3605
110,2.75D0,2.7D0,0.0D0,2.25D0,2.7D0,0.0D0;                          3603P   3606
508,4,0,3395,35,1,0,0,3395,36,0,0,0,3395,37,1,0,0,3395,33,1,0;      3605P   3607
510,3595,1,1,3605;                                                  3607P   3608
116,2.75D0,2.7D0,0.0D0,0;                                           3609P   3609
123,-1.0D0,0.0D0,0.0D0;                                             3611P   3610
190,3609,3611,3615;                                                 3613P   3611
123,0.0D0,0.0D0,1.0D0;                                              3615P   3612
110,2.75D0,2.7D0,50.0D0,2.75D0,3.0D0,50.0D0;                        3617P   3613
110,2.75D0,3.0D0,0.0D0,2.75D0,3.0D0,50.0D0;                         3619P   3614
110,2.75D0,3.0D0,0.0D0,2.75D0,2.7D0,0.0D0;                          3621P   3615
508,4,0,3395,38,1,0,0,3395,39,0,0,0,3395,40,1,0,0,3395,36,1,0;      3623P   3616
510,3613,1,1,3623;                                                  3625P   3617
116,3.0D0,3.0D0,0.0D0,0;                                            3627P   3618
123,0.0D0,1.0D0,0.0D0;                                              3629P   3619
190,3627,3629,3633;                                                 3631P   3620
123,0.0D0,0.0D0,1.0D0;                                              3633P   3621
110,2.75D0,3.0D0,50.0D0,3.25D0,3.0D0,50.0D0;                        3635P   3622
110,3.25D0,3.0D0,0.0D0,3.25D0,3.0D0,50.0D0;                         3637P   3623
110,3.25D0,3.0D0,0.0D0,2.75D0,3.0D0,0.0D0;                          3639P   3624
508,4,0,3395,41,1,0,0,3395,42,0,0,0,3395,43,1,0,0,3395,39,1,0;      3641P   3625
510,3631,1,1,3641;                                                  3643P   3626
116,3.25D0,3.0D0,0.0D0,0;                                           3645P   3627
123,1.0D0,0.0D0,0.0D0;                                              3647P   3628
190,3645,3647,3651;                                                 3649P   3629
123,0.0D0,0.0D0,-1.0D0;                                             3651P   3630
110,3.25D0,3.0D0,50.0D0,3.25D0,2.7D0,50.0D0;                        3653P   3631
110,3.25D0,2.7D0,0.0D0,3.25D0,2.7D0,50.0D0;                         3655P   3632
110,3.25D0,2.7D0,0.0D0,3.25D0,3.0D0,0.0D0;                          3657P   3633
508,4,0,3395,44,1,0,0,3395,45,0,0,0,3395,46,1,0,0,3395,42,1,0;      3659P   3634
510,3649,1,1,3659;                                                  3661P   3635
116,3.25D0,2.7D0,0.0D0,0;                                           3663P   3636
123,0.0D0,1.0D0,0.0D0;                                              3665P   3637
190,3663,3665,3669;                                                 3667P   3638
123,0.0D0,0.0D0,1.0D0;                                              3669P   3639
110,3.25D0,2.7D0,50.0D0,3.75D0,2.7D0,50.0D0;                        3671P   3640
110,3.75D0,2.7D0,0.0D0,3.75D0,2.7D0,50.0D0;                         3673P   3641
110,3.75D0,2.7D0,0.0D0,3.25D0,2.7D0,0.0D0;                          3675P   3642
508,4,0,3395,47,1,0,0,3395,48,0,0,0,3395,49,1,0,0,3395,45,1,0;      3677P   3643
510,3667,1,1,3677;                                                  3679P   3644
116,3.75D0,2.7D0,0.0D0,0;                                           3681P   3645
123,-1.0D0,0.0D0,0.0D0;                                             3683P   3646
190,3681,3683,3687;                                                 3685P   3647
123,0.0D0,0.0D0,1.0D0;                                              3687P   3648
110,3.75D0,2.7D0,50.0D0,3.75D0,3.0D0,50.0D0;                        3689P   3649
110,3.75D0,3.0D0,0.0D0,3.75D0,3.0D0,50.0D0;                         3691P   3650
110,3.75D0,3.0D0,0.0D0,3.75D0,2.7D0,0.0D0;                          3693P   3651
508,4,0,3395,50,1,0,0,3395,51,0,0,0,3395,52,1,0,0,3395,48,1,0;      3695P   3652
510,3685,1,1,3695;                                                  3697P   3653
116,4.0D0,3.0D0,0.0D0,0;                                            3699P   3654
123,0.0D0,1.0D0,0.0D0;                                              3701P   3655
190,3699,3701,3705;                                                 3703P   3656
123,0.0D0,0.0D0,1.0D0;                                              3705P   3657
110,3.75D0,3.0D0,50.0D0,4.25D0,3.0D0,50.0D0;                        3707P   3658
110,4.25D0,3.0D0,0.0D0,4.25D0,3.0D0,50.0D0;                         3709P   3659
110,4.25D0,3.0D0,0.0D0,3.75D0,3.0D0,0.0D0;                          3711P   3660
508,4,0,3395,53,1,0,0,3395,54,0,0,0,3395,55,1,0,0,3395,51,1,0;      3713P   3661
510,3703,1,1,3713;                                                  3715P   3662
116,4.25D0,3.0D0,0.0D0,0;                                           3717P   3663
123,1.0D0,0.0D0,0.0D0;                                              3719P   3664
190,3717,3719,3723;                                                 3721P   3665
123,0.0D0,0.0D0,-1.0D0;                                             3723P   3666
110,4.25D0,3.0D0,50.0D0,4.25D0,2.7D0,50.0D0;                        3725P   3667
110,4.25D0,2.7D0,0.0D0,4.25D0,2.7D0,50.0D0;                         3727P   3668
110,4.25D0,2.7D0,0.0D0,4.25D0,3.0D0,0.0D0;                          3729P   3669
508,4,0,3395,56,1,0,0,3395,57,0,0,0,3395,58,1,0,0,3395,54,1,0;      3731P   3670
510,3721,1,1,3731;                                                  3733P   3671
116,4.25D0,2.7D0,0.0D0,0;                                           3735P   3672
123,0.0D0,1.0D0,0.0D0;                                              3737P   3673
190,3735,3737,3741;                                                 3739P   3674
123,0.0D0,0.0D0,1.0D0;                                              3741P   3675
110,4.25D0,2.7D0,50.0D0,4.75D0,2.7D0,50.0D0;                        3743P   3676
110,4.75D0,2.7D0,0.0D0,4.75D0,2.7D0,50.0D0;                         3745P   3677
110,4.75D0,2.7D0,0.0D0,4.25D0,2.7D0,0.0D0;                          3747P   3678
508,4,0,3395,59,1,0,0,3395,60,0,0,0,3395,61,1,0,0,3395,57,1,0;      3749P   3679
510,3739,1,1,3749;                                                  3751P   3680
116,4.75D0,2.7D0,0.0D0,0;                                           3753P   3681
123,-1.0D0,0.0D0,0.0D0;                                             3755P   3682
190,3753,3755,3759;                                                 3757P   3683
123,0.0D0,0.0D0,1.0D0;                                              3759P   3684
110,4.75D0,2.7D0,50.0D0,4.75D0,3.0D0,50.0D0;                        3761P   3685
110,4.75D0,3.0D0,0.0D0,4.75D0,3.0D0,50.0D0;                         3763P   3686
110,4.75D0,3.0D0,0.0D0,4.75D0,2.7D0,0.0D0;                          3765P   3687
508,4,0,3395,62,1,0,0,3395,63,0,0,0,3395,64,1,0,0,3395,60,1,0;      3767P   3688
510,3757,1,1,3767;                                                  3769P   3689
116,5.0D0,3.0D0,0.0D0,0;                                            3771P   3690
123,0.0D0,1.0D0,0.0D0;                                              3773P   3691
190,3771,3773,3777;                                                 3775P   3692
123,0.0D0,0.0D0,1.0D0;                                              3777P   3693
110,4.75D0,3.0D0,50.0D0,5.25D0,3.0D0,50.0D0;                        3779P   3694
110,5.25D0,3.0D0,0.0D0,5.25D0,3.0D0,50.0D0;                         3781P   3695
110,5.25D0,3.0D0,0.0D0,4.75D0,3.0D0,0.0D0;                          3783P   3696
508,4,0,3395,65,1,0,0,3395,66,0,0,0,3395,67,1,0,0,3395,63,1,0;      3785P   3697
510,3775,1,1,3785;                                                  3787P   3698
116,5.25D0,3.0D0,0.0D0,0;                                           3789P   3699
123,1.0D0,0.0D0,0.0D0;                                              3791P   3700
190,3789,3791,3795;                                                 3793P   3701
123,0.0D0,0.0D0,-1.0D0;                                             3795P   3702
110,5.25D0,3.0D0,50.0D0,5.25D0,2.7D0,50.0D0;                        3797P   3703
110,5.25D0,2.7D0,0.0D0,5.25D0,2.7D0,50.0D0;                         3799P   3704
110,5.25D0,2.7D0,0.0D0,5.25D0,3.0D0,0.0D0;                          3801P   3705
508,4,0,3395,68,1,0,0,3395,69,0,0,0,3395,70,1,0,0,3395,66,1,0;      3803P   3706
510,3793,1,1,3803;                                                  3805P   3707
116,5.25D0,2.7D0,0.0D0,0;                                           3807P   3708
123,0.0D0,1.0D0,0.0D0;                                              3809P   3709
190,3807,3809,3813;                                                 3811P   3710
123,0.0D0,0.0D0,1.0D0;                                              3813P   3711
110,5.25D0,2.7D0,50.0D0,5.75D0,2.7D0,50.0D0;                        3815P   3712
110,5.75D0,2.7D0,0.0D0,5.75D0,2.7D0,50.0D0;                         3817P   3713
110,5.75D0,2.7D0,0.0D0,5.25D0,2.7D0,0.0D0;                          3819P   3714
508,4,0,3395,71,1,0,0,3395,72,0,0,0,3395,73,1,0,0,3395,69,1,0;      3821P   3715
510,3811,1,1,3821;                                                  3823P   3716
116,5.75D0,2.7D0,0.0D0,0;                                           3825P   3717
123,-1.0D0,0.0D0,0.0D0;                                             3827P   3718
190,3825,3827,3831;                                                 3829P   3719
123,0.0D0,0.0D0,1.0D0;                                              3831P   3720
110,5.75D0,2.7D0,50.0D0,5.75D0,3.0D0,50.0D0;                        3833P   3721
110,5.75D0,3.0D0,0.0D0,5.75D0,3.0D0,50.0D0;                         3835P   3722
110,5.75D0,3.0D0,0.0D0,5.75D0,2.7D0,0.0D0;                          3837P   3723
508,4,0,3395,74,1,0,0,3395,75,0,0,0,3395,76,1,0,0,3395,72,1,0;      3839P   3724
510,3829,1,1,3839;                                                  3841P   3725
116,6.0D0,3.0D0,0.0D0,0;                                            3843P   3726
123,0.0D0,1.0D0,0.0D0;                                              3845P   3727
190,3843,3845,3849;                                                 3847P   3728
123,0.0D0,0.0D0,1.0D0;                                              3849P   3729
110,5.75D0,3.0D0,50.0D0,6.25D0,3.0D0,50.0D0;                        3851P   3730
110,6.25D0,3.0D0,0.0D0,6.25D0,3.0D0,50.0D0;                         3853P   3731
110,6.25D0,3.0D0,0.0D0,5.75D0,3.0D0,0.0D0;                          3855P   3732
508,4,0,3395,77,1,0,0,3395,78,0,0,0,3395,79,1,0,0,3395,75,1,0;      3857P   3733
510,3847,1,1,3857;                                                  3859P   3734
116,6.25D0,3.0D0,0.0D0,0;                                           3861P   3735
123,1.0D0,0.0D0,0.0D0;                                              3863P   3736
190,3861,3863,3867;                                                 3865P   3737
123,0.0D0,0.0D0,-1.0D0;                                             3867P   3738
110,6.25D0,3.0D0,50.0D0,6.25D0,2.7D0,50.0D0;                        3869P   3739
110,6.25D0,2.7D0,0.0D0,6.25D0,2.7D0,50.0D0;                         3871P   3740
110,6.25D0,2.7D0,0.0D0,6.25D0,3.0D0,0.0D0;                          3873P   3741
508,4,0,3395,80,1,0,0,3395,81,0,0,0,3395,82,1,0,0,3395,78,1,0;      3875P   3742
510,3865,1,1,3875;                                                  3877P   3743
116,6.25D0,2.7D0,0.0D0,0;                                           3879P   3744
123,0.0D0,1.0D0,0.0D0;                                              3881P   3745
190,3879,3881,3885;                                                 3883P   3746
123,0.0D0,0.0D0,1.0D0;                                              3885P   3747
110,6.25D0,2.7D0,50.0D0,6.75D0,2.7D0,50.0D0;                        3887P   3748
110,6.75D0,2.7D0,0.0D0,6.75D0,2.7D0,50.0D0;                         3889P   3749
110,6.75D0,2.7D0,0.0D0,6.25D0,2.7D0,0.0D0;                          3891P   3750
508,4,0,3395,83,1,0,0,3395,84,0,0,0,3395,85,1,0,0,3395,81,1,0;      3893P   3751
510,3883,1,1,3893;                                                  3895P   3752
116,6.75D0,2.7D0,0.0D0,0;                                           3897P   3753
123,-1.0D0,0.0D0,0.0D0;                                             3899P   3754
190,3897,3899,3903;                                                 3901P   3755
123,0.0D0,0.0D0,1.0D0;                                              3903P   3756
110,6.75D0,2.7D0,50.0D0,6.75D0,3.0D0,50.0D0;                        3905P   3757
110,6.75D0,3.0D0,0.0D0,6.75D0,3.0D0,50.0D0;                         3907P   3758
110,6.75D0,3.0D0,0.0D0,6.75D0,2.7D0,0.0D0;                          3909P   3759
508,4,0,3395,86,1,0,0,3395,87,0,0,0,3395,88,1,0,0,3395,84,1,0;      3911P   3760
510,3901,1,1,3911;                                                  3913P   3761
116,7.0D0,3.0D0,0.0D0,0;                                            3915P   3762
123,0.0D0,1.0D0,0.0D0;                                              3917P   3763
190,3915,3917,3921;                                                 3919P   3764
123,0.0D0,0.0D0,1.0D0;                                              3921P   3765
110,6.75D0,3.0D0,50.0D0,7.25D0,3.0D0,50.0D0;                        3923P   3766
110,7.25D0,3.0D0,0.0D0,7.25D0,3.0D0,50.0D0;                         3925P   3767
110,7.25D0,3.0D0,0.0D0,6.75D0,3.0D0,0.0D0;                          3927P   3768
508,4,0,3395,89,1,0,0,3395,90,0,0,0,3395,91,1,0,0,3395,87,1,0;      3929P   3769
510,3919,1,1,3929;                                                  3931P   3770
116,7.25D0,3.0D0,0.0D0,0;                                           3933P   3771
123,1.0D0,0.0D0,0.0D0;                                              3935P   3772
190,3933,3935,3939;                                                 3937P   3773
123,0.0D0,0.0D0,-1.0D0;                                             3939P   3774
110,7.25D0,3.0D0,50.0D0,7.25D0,2.7D0,50.0D0;                        3941P   3775
110,7.25D0,2.7D0,0.0D0,7.25D0,2.7D0,50.0D0;                         3943P   3776
110,7.25D0,2.7D0,0.0D0,7.25D0,3.0D0,0.0D0;                          3945P   3777
508,4,0,3395,92,1,0,0,3395,93,0,0,0,3395,94,1,0,0,3395,90,1,0;      3947P   3778
510,3937,1,1,3947;                                                  3949P   3779
116,7.25D0,2.7D0,0.0D0,0;                                           3951P   3780
123,0.0D0,1.0D0,0.0D0;                                              3953P   3781
190,3951,3953,3957;                                                 3955P   3782
123,0.0D0,0.0D0,1.0D0;                                              3957P   3783
110,7.25D0,2.7D0,50.0D0,7.75D0,2.7D0,50.0D0;                        3959P   3784
110,7.75D0,2.7D0,0.0D0,7.75D0,2.7D0,50.0D0;                         3961P   3785
110,7.75D0,2.7D0,0.0D0,7.25D0,2.7D0,0.0D0;                          3963P   3786
508,4,0,3395,95,1,0,0,3395,96,0,0,0,3395,97,1,0,0,3395,93,1,0;      3965P   3787
510,3955,1,1,3965;                                                  3967P   3788
116,7.75D0,2.7D0,0.0D0,0;                                           3969P   3789
123,-1.0D0,0.0D0,0.0D0;                                             3971P   3790
190,3969,3971,3975;                                                 3973P   3791
123,0.0D0,0.0D0,1.0D0;                                              3975P   3792
110,7.75D0,2.7D0,50.0D0,7.75D0,3.0D0,50.0D0;                        3977P   3793
110,7.75D0,3.0D0,0.0D0,7.75D0,3.0D0,50.0D0;                         3979P   3794
110,7.75D0,3.0D0,0.0D0,7.75D0,2.7D0,0.0D0;                          3981P   3795
508,4,0,3395,98,1,0,0,3395,99,0,0,0,3395,100,1,0,0,3395,96,1,0;     3983P   3796
510,3973,1,1,3983;                                                  3985P   3797
116,8.0D0,3.0D0,0.0D0,0;                                            3987P   3798
123,0.0D0,1.0D0,0.0D0;                                              3989P   3799
190,3987,3989,3993;                                                 3991P   3800
123,0.0D0,0.0D0,1.0D0;                                              3993P   3801
110,7.75D0,3.0D0,50.0D0,8.25D0,3.0D0,50.0D0;                        3995P   3802
110,8.25D0,3.0D0,0.0D0,8.25D0,3.0D0,50.0D0;                         3997P   3803
110,8.25D0,3.0D0,0.0D0,7.75D0,3.0D0,0.0D0;                          3999P   3804
508,4,0,3395,101,1,0,0,3395,102,0,0,0,3395,103,1,0,0,3395,99,1,     4001P   3805
0;                                                                  4001P   3806
510,3991,1,1,4001;                                                  4003P   3807
116,8.25D0,3.0D0,0.0D0,0;                                           4005P   3808
123,1.0D0,0.0D0,0.0D0;                                              4007P   3809
190,4005,4007,4011;                                                 4009P   3810
123,0.0D0,0.0D0,-1.0D0;                                             4011P   3811
110,8.25D0,3.0D0,50.0D0,8.25D0,2.7D0,50.0D0;                        4013P   3812
110,8.25D0,2.7D0,0.0D0,8.25D0,2.7D0,50.0D0;                         4015P   3813
110,8.25D0,2.7D0,0.0D0,8.25D0,3.0D0,0.0D0;                          4017P   3814
508,4,0,3395,104,1,0,0,3395,105,0,0,0,3395,106,1,0,0,3395,102,1,    4019P   3815
0;                                                                  4019P   3816
510,4009,1,1,4019;                                                  4021P   3817
116,8.25D0,2.7D0,0.0D0,0;                                           4023P   3818
123,0.0D0,1.0D0,0.0D0;                                              4025P   3819
190,4023,4025,4029;                                                 4027P   3820
123,0.0D0,0.0D0,1.0D0;                                              4029P   3821
110,8.25D0,2.7D0,50.0D0,8.75D0,2.7D0,50.0D0;                        4031P   3822
110,8.75D0,2.7D0,0.0D0,8.75D0,2.7D0,50.0D0;                         4033P   3823
110,8.75D0,2.7D0,0.0D0,8.25D0,2.7D0,0.0D0;                          4035P   3824
508,4,0,3395,107,1,0,0,3395,108,0,0,0,3395,109,1,0,0,3395,105,1,    4037P   3825
0;                                                                  4037P   3826
510,4027,1,1,4037;                                                  4039P   3827
116,8.75D0,2.7D0,0.0D0,0;                                           4041P   3828
123,-1.0D0,0.0D0,0.0D0;                                             4043P   3829
190,4041,4043,4047;                                                 4045P   3830
123,0.0D0,0.0D0,1.0D0;                                              4047P   3831
110,8.75D0,2.7D0,50.0D0,8.75D0,3.0D0,50.0D0;                        4049P   3832
110,8.75D0,3.0D0,0.0D0,8.75D0,3.0D0,50.0D0;                         4051P   3833
110,8.75D0,3.0D0,0.0D0,8.75D0,2.7D0,0.0D0;                          4053P   3834
508,4,0,3395,110,1,0,0,3395,111,0,0,0,3395,112,1,0,0,3395,108,1,    4055P   3835
0;                                                                  4055P   3836
510,4045,1,1,4055;                                                  4057P   3837
116,8.75D0,3.0D0,0.0D0,0;                                           4059P   3838
123,0.0D0,1.0D0,0.0D0;                                              4061P   3839
190,4059,4061,4065;                                                 4063P   3840
123,0.0D0,0.0D0,1.0D0;                                              4065P   3841
110,8.75D0,3.0D0,50.0D0,9.0D0,3.0D0,50.0D0;                         4067P   3842
110,9.0D0,3.0D0,0.0D0,9.0D0,3.0D0,50.0D0;                           4069P   3843
110,9.0D0,3.0D0,0.0D0,8.75D0,3.0D0,0.0D0;                           4071P   3844
508,4,0,3395,113,1,0,0,3395,114,0,0,0,3395,115,1,0,0,3395,111,1,    4073P   3845
0;                                                                  4073P   3846
510,4063,1,1,4073;                                                  4075P   3847
116,9.0D0,3.0D0,0.0D0,0;                                            4077P   3848
123,1.0D0,0.0D0,0.0D0;                                              4079P   3849
190,4077,4079,4083;                                                 4081P   3850
123,0.0D0,0.0D0,-1.0D0;                                             4083P   3851
110,9.0D0,3.0D0,50.0D0,9.0D0,0.0D0,50.0D0;                          4085P   3852
110,9.0D0,0.0D0,0.0D0,9.0D0,0.0D0,50.0D0;                           4087P   3853
110,9.0D0,0.0D0,0.0D0,9.0D0,3.0D0,0.0D0;                            4089P   3854
508,4,0,3395,116,1,0,0,3395,117,0,0,0,3395,118,1,0,0,3395,114,1,    4091P   3855
0;                                                                  4091P   3856
510,4081,1,1,4091;                                                  4093P   3857
116,9.0D0,0.0D0,0.0D0,0;                                            4095P   3858
123,0.0D0,-1.0D0,0.0D0;                                             4097P   3859
190,4095,4097,4101;                                                 4099P   3860
123,0.0D0,0.0D0,-1.0D0;                                             4101P   3861
110,9.0D0,0.0D0,50.0D0,0.0D0,0.0D0,50.0D0;                          4103P   3862
110,0.0D0,0.0D0,0.0D0,9.0D0,0.0D0,0.0D0;                            4105P   3863
508,4,0,3395,119,1,0,0,3395,4,0,0,0,3395,120,1,0,0,3395,117,1,0;    4107P   3864
510,4099,1,1,4107;                                                  4109P   3865
116,4.5D0,1.70204081632653D0,0.0D0,0;                               4111P   3866
123,0.0D0,0.0D0,-1.0D0;                                             4113P   3867
190,4111,4113,4117;                                                 4115P   3868
123,-1.0D0,0.0D0,0.0D0;                                             4117P   3869
508,40,0,3395,120,0,0,0,3395,3,0,0,0,3395,7,0,0,0,3395,10,0,0,0,    4119P   3870
3395,13,0,0,0,3395,16,0,0,0,3395,19,0,0,0,3395,22,0,0,0,3395,25,    4119P   3871
0,0,0,3395,28,0,0,0,3395,31,0,0,0,3395,34,0,0,0,3395,37,0,0,0,      4119P   3872
3395,40,0,0,0,3395,43,0,0,0,3395,46,0,0,0,3395,49,0,0,0,3395,52,    4119P   3873
0,0,0,3395,55,0,0,0,3395,58,0,0,0,3395,61,0,0,0,3395,64,0,0,0,      4119P   3874
3395,67,0,0,0,3395,70,0,0,0,3395,73,0,0,0,3395,76,0,0,0,3395,79,    4119P   3875
0,0,0,3395,82,0,0,0,3395,85,0,0,0,3395,88,0,0,0,3395,91,0,0,0,      4119P   3876
3395,94,0,0,0,3395,97,0,0,0,3395,100,0,0,0,3395,103,0,0,0,3395,     4119P   3877
106,0,0,0,3395,109,0,0,0,3395,112,0,0,0,3395,115,0,0,0,3395,118,    4119P   3878
0,0;                                                                4119P   3879
510,4115,1,1,4119;                                                  4121P   3880
116,4.5D0,1.70204081632653D0,50.0D0,0;                              4123P   3881
123,0.0D0,0.0D0,1.0D0;                                              4125P   3882
190,4123,4125,4129;                                                 4127P   3883
123,1.0D0,0.0D0,0.0D0;                                              4129P   3884
508,40,0,3395,1,0,0,0,3395,119,0,0,0,3395,116,0,0,0,3395,113,0,     4131P   3885
0,0,3395,110,0,0,0,3395,107,0,0,0,3395,104,0,0,0,3395,101,0,0,0,    4131P   3886
3395,98,0,0,0,3395,95,0,0,0,3395,92,0,0,0,3395,89,0,0,0,3395,86,    4131P   3887
0,0,0,3395,83,0,0,0,3395,80,0,0,0,3395,77,0,0,0,3395,74,0,0,0,      4131P   3888
3395,71,0,0,0,3395,68,0,0,0,3395,65,0,0,0,3395,62,0,0,0,3395,59,    4131P   3889
0,0,0,3395,56,0,0,0,3395,53,0,0,0,3395,50,0,0,0,3395,47,0,0,0,      4131P   3890
3395,44,0,0,0,3395,41,0,0,0,3395,38,0,0,0,3395,35,0,0,0,3395,32,    4131P   3891
0,0,0,3395,29,0,0,0,3395,26,0,0,0,3395,23,0,0,0,3395,20,0,0,0,      4131P   3892
3395,17,0,0,0,3395,14,0,0,0,3395,11,0,0,0,3395,8,0,0,0,3395,5,0,    4131P   3893
0;                                                                  4131P   3894
510,4127,1,1,4131;                                                  4133P   3895
514,42,3409,1,3427,1,3445,1,3463,1,3481,1,3499,1,3517,1,3535,1,     4135P   3896
3553,1,3571,1,3589,1,3607,1,3625,1,3643,1,3661,1,3679,1,3697,1,     4135P   3897
3715,1,3733,1,3751,1,3769,1,3787,1,3805,1,3823,1,3841,1,3859,1,     4135P   3898
3877,1,3895,1,3913,1,3931,1,3949,1,3967,1,3985,1,4003,1,4021,1,     4135P   3899
4039,1,4057,1,4075,1,4093,1,4109,1,4121,1,4133,1;                   4135P   3900
186,4135,1,0;                                                       4137P   3901
406,2,0,7HSketch1;                                                  4139P   3902
110,9.0D0,3.0D0,0.0D0,9.0D0,0.0D0,0.0D0;                            4141P   3903
110,-1.11022302462516D-15,3.0D0,0.0D0,0.0D0,0.0D0,0.0D0;            4143P   3904
110,8.75D0,3.0D0,0.0D0,9.0D0,3.0D0,0.0D0;                           4145P   3905
110,8.75D0,3.0D0,0.0D0,8.75D0,2.7D0,0.0D0;                          4147P   3906
110,8.75D0,2.7D0,0.0D0,8.25D0,2.7D0,0.0D0;                          4149P   3907
110,8.25D0,2.7D0,0.0D0,8.25D0,3.0D0,0.0D0;                          4151P   3908
110,8.25D0,3.0D0,0.0D0,8.0D0,3.0D0,0.0D0;                           4153P   3909
110,7.75D0,3.0D0,0.0D0,8.0D0,3.0D0,0.0D0;                           4155P   3910
110,7.75D0,3.0D0,0.0D0,7.75D0,2.7D0,0.0D0;                          4157P   3911
110,7.75D0,2.7D0,0.0D0,7.25D0,2.7D0,0.0D0;                          4159P   3912
110,7.25D0,2.7D0,0.0D0,7.25D0,3.0D0,0.0D0;                          4161P   3913
110,7.25D0,3.0D0,0.0D0,7.0D0,3.0D0,0.0D0;                           4163P   3914
110,6.75D0,3.0D0,0.0D0,7.0D0,3.0D0,0.0D0;                           4165P   3915
110,6.75D0,3.0D0,0.0D0,6.75D0,2.7D0,0.0D0;                          4167P   3916
110,6.75D0,2.7D0,0.0D0,6.25D0,2.7D0,0.0D0;                          4169P   3917
110,6.25D0,2.7D0,0.0D0,6.25D0,3.0D0,0.0D0;                          4171P   3918
110,6.25D0,3.0D0,0.0D0,6.0D0,3.0D0,0.0D0;                           4173P   3919
110,5.75D0,3.0D0,0.0D0,6.0D0,3.0D0,0.0D0;                           4175P   3920
110,5.75D0,3.0D0,0.0D0,5.75D0,2.7D0,0.0D0;                          4177P   3921
110,5.75D0,2.7D0,0.0D0,5.25D0,2.7D0,0.0D0;                          4179P   3922
110,5.25D0,2.7D0,0.0D0,5.25D0,3.0D0,0.0D0;                          4181P   3923
110,5.25D0,3.0D0,0.0D0,5.0D0,3.0D0,0.0D0;                           4183P   3924
110,4.75D0,3.0D0,0.0D0,5.0D0,3.0D0,0.0D0;                           4185P   3925
110,4.75D0,3.0D0,0.0D0,4.75D0,2.7D0,0.0D0;                          4187P   3926
110,4.75D0,2.7D0,0.0D0,4.25D0,2.7D0,0.0D0;                          4189P   3927
110,4.25D0,2.7D0,0.0D0,4.25D0,3.0D0,0.0D0;                          4191P   3928
110,4.25D0,3.0D0,0.0D0,4.0D0,3.0D0,0.0D0;                           4193P   3929
110,3.75D0,3.0D0,0.0D0,4.0D0,3.0D0,0.0D0;                           4195P   3930
110,3.75D0,3.0D0,0.0D0,3.75D0,2.7D0,0.0D0;                          4197P   3931
110,3.75D0,2.7D0,0.0D0,3.25D0,2.7D0,0.0D0;                          4199P   3932
110,3.25D0,2.7D0,0.0D0,3.25D0,3.0D0,0.0D0;                          4201P   3933
110,3.25D0,3.0D0,0.0D0,3.0D0,3.0D0,0.0D0;                           4203P   3934
110,2.75D0,3.0D0,0.0D0,3.0D0,3.0D0,0.0D0;                           4205P   3935
110,2.75D0,3.0D0,0.0D0,2.75D0,2.7D0,0.0D0;                          4207P   3936
110,2.75D0,2.7D0,0.0D0,2.25D0,2.7D0,0.0D0;                          4209P   3937
110,2.25D0,2.7D0,0.0D0,2.25D0,3.0D0,0.0D0;                          4211P   3938
110,2.25D0,3.0D0,0.0D0,2.0D0,3.0D0,0.0D0;                           4213P   3939
110,1.75D0,3.0D0,0.0D0,2.0D0,3.0D0,0.0D0;                           4215P   3940
110,1.75D0,3.0D0,0.0D0,1.75D0,2.7D0,0.0D0;                          4217P   3941
110,1.75D0,2.7D0,0.0D0,1.25D0,2.7D0,0.0D0;                          4219P   3942
110,1.25D0,2.7D0,0.0D0,1.25D0,3.0D0,0.0D0;                          4221P   3943
110,1.25D0,3.0D0,0.0D0,.999999999999999D0,3.0D0,0.0D0;              4223P   3944
110,.75D0,3.0D0,0.0D0,1.0D0,3.0D0,0.0D0;                            4225P   3945
110,.25D0,2.7D0,0.0D0,.25D0,3.0D0,0.0D0;                            4227P   3946
110,.75D0,2.7D0,0.0D0,.25D0,2.7D0,0.0D0;                            4229P   3947
110,.75D0,3.0D0,0.0D0,.75D0,2.7D0,0.0D0;                            4231P   3948
110,.25D0,3.0D0,0.0D0,-1.11022302462516D-15,3.0D0,0.0D0;            4233P   3949
110,0.0D0,0.0D0,0.0D0,9.0D0,0.0D0,0.0D0;                            4235P   3950
314,25.0980406999588D0,0.0D0,25.0980406999588D0,;                   4237P   3951
408,3383,0.0D0,0.0D0,0.0D0,1.0D0;                                   4239P   3952
124,0.0D0,-3.41607084500048D-17,1.0D0,-4.86877575617107D0,0.0D0,    4241P   3953
-1.0D0,-3.41607084500048D-17,5.60577621445083D0,1.0D0,0.0D0,        4241P   3954
0.0D0,-4.5D0;                                                       4241P   3955
S      1G      4D   4242P   3955                                        T      1
